{
    "id": "corporationwiki-sample.json",
    "name": "corporationwiki-sample.json",
    "description": null,
    "sourceColumns": [
        {
            "id": "HN244",
            "hNodeId": "HN244",
            "columnName": "Values"
        },
        {
            "id": "HN396",
            "hNodeId": "HN396",
            "columnName": "permit_uri"
        },
        {
            "id": "HN253",
            "hNodeId": "HN253",
            "columnName": "Values"
        },
        {
            "id": "HN372",
            "hNodeId": "HN372",
            "columnName": "Values_date_iso"
        },
        {
            "id": "HN406",
            "hNodeId": "HN406",
            "columnName": "organization_uri"
        },
        {
            "id": "HN12",
            "hNodeId": "HN12",
            "columnName": "name"
        },
        {
            "id": "HN226",
            "hNodeId": "HN226",
            "columnName": "name"
        },
        {
            "id": "HN250",
            "hNodeId": "HN250",
            "columnName": "Values"
        },
        {
            "id": "HN389",
            "hNodeId": "HN389",
            "columnName": "filing_body_uri"
        },
        {
            "id": "HN22",
            "hNodeId": "HN22",
            "columnName": "filing_body"
        },
        {
            "id": "HN10",
            "hNodeId": "HN10",
            "columnName": "industry"
        },
        {
            "id": "HN417",
            "hNodeId": "HN417",
            "columnName": "state_uri"
        },
        {
            "id": "HN247",
            "hNodeId": "HN247",
            "columnName": "Values"
        }
    ],
    "mappingToSourceColumns": [
        {
            "id": "HN253",
            "sourceColumnId": "HN253"
        },
        {
            "id": "HN396",
            "sourceColumnId": "HN396"
        },
        {
            "id": "HN22",
            "sourceColumnId": "HN22"
        },
        {
            "id": "HN250",
            "sourceColumnId": "HN250"
        },
        {
            "id": "HN389",
            "sourceColumnId": "HN389"
        },
        {
            "id": "HN244",
            "sourceColumnId": "HN244"
        },
        {
            "id": "HN10",
            "sourceColumnId": "HN10"
        },
        {
            "id": "HN247",
            "sourceColumnId": "HN247"
        },
        {
            "id": "HN372",
            "sourceColumnId": "HN372"
        },
        {
            "id": "HN12",
            "sourceColumnId": "HN12"
        },
        {
            "id": "HN226",
            "sourceColumnId": "HN226"
        },
        {
            "id": "HN406",
            "sourceColumnId": "HN406"
        },
        {
            "id": "HN417",
            "sourceColumnId": "HN417"
        }
    ],
    "graph": {
        "nodes": [
            {
                "id": "http://memexproxy.com/ontology/Identifier1",
                "label": {
                    "uri": "http://memexproxy.com/ontology/Identifier"
                },
                "type": "InternalNode",
                "modelIds": null
            },
            {
                "id": "/thesaurus/government_permit/identifier/stateID1",
                "label": {
                    "uri": ""
                },
                "type": "LiteralNode",
                "value": "/thesaurus/government_permit/identifier/stateID",
                "datatype": {
                    "uri": ""
                },
                "isUri": "true",
                "modelIds": null
            },
            {
                "id": "HN244",
                "label": {
                    "uri": "HN244"
                },
                "type": "ColumnNode",
                "hNodeId": "HN244",
                "columnName": "Values",
                "rdfLiteralType": null,
                "userSemanticTypes": [
                    {
                        "hNodeId": "HN244",
                        "domain": {
                            "uri": "http://memexproxy.com/ontology/Identifier"
                        },
                        "type": {
                            "uri": "http://schema.org/name"
                        },
                        "origin": "User",
                        "confidenceScore": 1.0
                    }
                ],
                "learnedSemanticTypes": null,
                "modelIds": null
            },
            {
                "id": "http://schema.org/GovernmentPermit1",
                "label": {
                    "uri": "http://schema.org/GovernmentPermit"
                },
                "type": "InternalNode",
                "modelIds": null
            },
            {
                "id": "HN396",
                "label": {
                    "uri": "HN396"
                },
                "type": "ColumnNode",
                "hNodeId": "HN396",
                "columnName": "permit_uri",
                "rdfLiteralType": null,
                "userSemanticTypes": [
                    {
                        "hNodeId": "HN396",
                        "domain": {
                            "uri": "http://schema.org/GovernmentPermit"
                        },
                        "type": {
                            "uri": "http://isi.edu/integration/karma/dev#classLink"
                        },
                        "origin": "User",
                        "confidenceScore": 1.0
                    }
                ],
                "learnedSemanticTypes": null,
                "modelIds": null
            },
            {
                "id": "http://schema.org/Organization1",
                "label": {
                    "uri": "http://schema.org/Organization"
                },
                "type": "InternalNode",
                "modelIds": null
            },
            {
                "id": "http://schema.org/Organization2",
                "label": {
                    "uri": "http://schema.org/Organization"
                },
                "type": "InternalNode",
                "modelIds": null
            },
            {
                "id": "HN253",
                "label": {
                    "uri": "HN253"
                },
                "type": "ColumnNode",
                "hNodeId": "HN253",
                "columnName": "Values",
                "rdfLiteralType": null,
                "userSemanticTypes": [
                    {
                        "hNodeId": "HN253",
                        "domain": {
                            "uri": "http://schema.org/GovernmentPermit"
                        },
                        "type": {
                            "uri": "http://schema.org/status"
                        },
                        "origin": "User",
                        "confidenceScore": 1.0
                    }
                ],
                "learnedSemanticTypes": null,
                "modelIds": null
            },
            {
                "id": "HN372",
                "label": {
                    "uri": "HN372"
                },
                "type": "ColumnNode",
                "hNodeId": "HN372",
                "columnName": "Values_date_iso",
                "rdfLiteralType": null,
                "userSemanticTypes": [
                    {
                        "hNodeId": "HN372",
                        "domain": {
                            "uri": "http://schema.org/GovernmentPermit"
                        },
                        "type": {
                            "uri": "http://schema.org/validFrom"
                        },
                        "origin": "User",
                        "confidenceScore": 1.0
                    }
                ],
                "learnedSemanticTypes": null,
                "modelIds": null
            },
            {
                "id": "http://schema.org/State1",
                "label": {
                    "uri": "http://schema.org/State"
                },
                "type": "InternalNode",
                "modelIds": null
            },
            {
                "id": "HN406",
                "label": {
                    "uri": "HN406"
                },
                "type": "ColumnNode",
                "hNodeId": "HN406",
                "columnName": "organization_uri",
                "rdfLiteralType": null,
                "userSemanticTypes": [
                    {
                        "hNodeId": "HN406",
                        "domain": {
                            "uri": "http://schema.org/Organization"
                        },
                        "type": {
                            "uri": "http://isi.edu/integration/karma/dev#classLink"
                        },
                        "origin": "User",
                        "confidenceScore": 1.0
                    }
                ],
                "learnedSemanticTypes": null,
                "modelIds": null
            },
            {
                "id": "HN12",
                "label": {
                    "uri": "HN12"
                },
                "type": "ColumnNode",
                "hNodeId": "HN12",
                "columnName": "name",
                "rdfLiteralType": null,
                "userSemanticTypes": [
                    {
                        "hNodeId": "HN12",
                        "domain": {
                            "uri": "http://schema.org/Organization"
                        },
                        "type": {
                            "uri": "http://schema.org/alternateName"
                        },
                        "origin": "User",
                        "confidenceScore": 1.0
                    }
                ],
                "learnedSemanticTypes": null,
                "modelIds": null
            },
            {
                "id": "HN226",
                "label": {
                    "uri": "HN226"
                },
                "type": "ColumnNode",
                "hNodeId": "HN226",
                "columnName": "name",
                "rdfLiteralType": null,
                "userSemanticTypes": [
                    {
                        "hNodeId": "HN226",
                        "domain": {
                            "uri": "http://schema.org/Organization"
                        },
                        "type": {
                            "uri": "http://schema.org/legalName"
                        },
                        "origin": "User",
                        "confidenceScore": 1.0
                    }
                ],
                "learnedSemanticTypes": null,
                "modelIds": null
            },
            {
                "id": "HN250",
                "label": {
                    "uri": "HN250"
                },
                "type": "ColumnNode",
                "hNodeId": "HN250",
                "columnName": "Values",
                "rdfLiteralType": null,
                "userSemanticTypes": [
                    {
                        "hNodeId": "HN250",
                        "domain": {
                            "uri": "http://schema.org/Organization"
                        },
                        "type": {
                            "uri": "http://schema.org/subtype"
                        },
                        "origin": "User",
                        "confidenceScore": 1.0
                    }
                ],
                "learnedSemanticTypes": null,
                "modelIds": null
            },
            {
                "id": "HN389",
                "label": {
                    "uri": "HN389"
                },
                "type": "ColumnNode",
                "hNodeId": "HN389",
                "columnName": "filing_body_uri",
                "rdfLiteralType": null,
                "userSemanticTypes": [
                    {
                        "hNodeId": "HN389",
                        "domain": {
                            "uri": "http://schema.org/Organization"
                        },
                        "type": {
                            "uri": "http://isi.edu/integration/karma/dev#classLink"
                        },
                        "origin": "User",
                        "confidenceScore": 1.0
                    }
                ],
                "learnedSemanticTypes": null,
                "modelIds": null
            },
            {
                "id": "HN22",
                "label": {
                    "uri": "HN22"
                },
                "type": "ColumnNode",
                "hNodeId": "HN22",
                "columnName": "filing_body",
                "rdfLiteralType": null,
                "userSemanticTypes": [
                    {
                        "hNodeId": "HN22",
                        "domain": {
                            "uri": "http://schema.org/Organization"
                        },
                        "type": {
                            "uri": "http://schema.org/valueName"
                        },
                        "origin": "User",
                        "confidenceScore": 1.0
                    }
                ],
                "learnedSemanticTypes": null,
                "modelIds": null
            },
            {
                "id": "http://schema.org/Service1",
                "label": {
                    "uri": "http://schema.org/Service"
                },
                "type": "InternalNode",
                "modelIds": null
            },
            {
                "id": "HN10",
                "label": {
                    "uri": "HN10"
                },
                "type": "ColumnNode",
                "hNodeId": "HN10",
                "columnName": "industry",
                "rdfLiteralType": null,
                "userSemanticTypes": [
                    {
                        "hNodeId": "HN10",
                        "domain": {
                            "uri": "http://schema.org/Service"
                        },
                        "type": {
                            "uri": "http://schema.org/serviceType"
                        },
                        "origin": "User",
                        "confidenceScore": 1.0
                    }
                ],
                "learnedSemanticTypes": null,
                "modelIds": null
            },
            {
                "id": "HN417",
                "label": {
                    "uri": "HN417"
                },
                "type": "ColumnNode",
                "hNodeId": "HN417",
                "columnName": "state_uri",
                "rdfLiteralType": null,
                "userSemanticTypes": [
                    {
                        "hNodeId": "HN417",
                        "domain": {
                            "uri": "http://schema.org/State"
                        },
                        "type": {
                            "uri": "http://isi.edu/integration/karma/dev#classLink"
                        },
                        "origin": "User",
                        "confidenceScore": 1.0
                    }
                ],
                "learnedSemanticTypes": [
                    {
                        "hNodeId": "HN417",
                        "domain": {
                            "uri": "http://schema.org/Place"
                        },
                        "type": {
                            "uri": "http://isi.edu/integration/karma/dev#classLink"
                        },
                        "origin": "TfIdfModel",
                        "confidenceScore": 0.9210010965816163
                    },
                    {
                        "hNodeId": "HN417",
                        "domain": {
                            "uri": "http://schema.org/Offer"
                        },
                        "type": {
                            "uri": "http://schema.org/description"
                        },
                        "origin": "TfIdfModel",
                        "confidenceScore": 0.03163618520753194
                    },
                    {
                        "hNodeId": "HN417",
                        "domain": {
                            "uri": "http://schema.org/PostalAddress"
                        },
                        "type": {
                            "uri": "http://schema.org/streetAddress"
                        },
                        "origin": "TfIdfModel",
                        "confidenceScore": 0.028417630187605743
                    },
                    {
                        "hNodeId": "HN417",
                        "domain": {
                            "uri": "http://schema.org/WebPageElement"
                        },
                        "type": {
                            "uri": "http://schema.org/text"
                        },
                        "origin": "TfIdfModel",
                        "confidenceScore": 0.01894508802324596
                    }
                ],
                "modelIds": null
            },
            {
                "id": "HN247",
                "label": {
                    "uri": "HN247"
                },
                "type": "ColumnNode",
                "hNodeId": "HN247",
                "columnName": "Values",
                "rdfLiteralType": null,
                "userSemanticTypes": [
                    {
                        "hNodeId": "HN247",
                        "domain": {
                            "uri": "http://schema.org/State"
                        },
                        "type": {
                            "uri": "http://schema.org/name"
                        },
                        "origin": "User",
                        "confidenceScore": 1.0
                    }
                ],
                "learnedSemanticTypes": null,
                "modelIds": null
            }
        ],
        "links": [
            {
                "id": "http://memexproxy.com/ontology/Identifier1---http://memexproxy.com/ontology/hasType---/thesaurus/government_permit/identifier/stateID1",
                "weight": 0.01,
                "type": "ObjectPropertyLink",
                "label": {
                    "uri": "http://memexproxy.com/ontology/hasType"
                },
                "objectPropertyType": "None",
                "status": "ForcedByUser",
                "keyInfo": "None",
                "modelIds": null
            },
            {
                "id": "http://memexproxy.com/ontology/Identifier1---http://schema.org/name---HN244",
                "weight": 0.01,
                "type": "DataPropertyLink",
                "label": {
                    "uri": "http://schema.org/name"
                },
                "status": "ForcedByUser",
                "keyInfo": "None",
                "modelIds": null
            },
            {
                "id": "http://schema.org/GovernmentPermit1---http://isi.edu/integration/karma/dev#classLink---HN396",
                "weight": 0.01,
                "type": "ClassInstanceLink",
                "label": {
                    "uri": "http://isi.edu/integration/karma/dev#classLink"
                },
                "status": "ForcedByUser",
                "keyInfo": "UriOfInstance",
                "modelIds": null
            },
            {
                "id": "http://schema.org/GovernmentPermit1---http://schema.org/audience---http://schema.org/Organization1",
                "weight": 0.01,
                "type": "ObjectPropertyLink",
                "label": {
                    "uri": "http://schema.org/audience"
                },
                "objectPropertyType": "None",
                "status": "ForcedByUser",
                "keyInfo": "None",
                "modelIds": null
            },
            {
                "id": "http://schema.org/GovernmentPermit1---http://schema.org/issuedBy---http://schema.org/Organization2",
                "weight": 0.01,
                "type": "ObjectPropertyLink",
                "label": {
                    "uri": "http://schema.org/issuedBy"
                },
                "objectPropertyType": "None",
                "status": "ForcedByUser",
                "keyInfo": "None",
                "modelIds": null
            },
            {
                "id": "http://schema.org/GovernmentPermit1---http://schema.org/status---HN253",
                "weight": 0.01,
                "type": "DataPropertyLink",
                "label": {
                    "uri": "http://schema.org/status"
                },
                "status": "ForcedByUser",
                "keyInfo": "None",
                "modelIds": null
            },
            {
                "id": "http://schema.org/GovernmentPermit1---http://schema.org/validFrom---HN372",
                "weight": 0.01,
                "type": "DataPropertyLink",
                "label": {
                    "uri": "http://schema.org/validFrom"
                },
                "status": "ForcedByUser",
                "keyInfo": "None",
                "modelIds": null
            },
            {
                "id": "http://schema.org/GovernmentPermit1---http://schema.org/validIn---http://schema.org/State1",
                "weight": 0.01,
                "type": "ObjectPropertyLink",
                "label": {
                    "uri": "http://schema.org/validIn"
                },
                "objectPropertyType": "None",
                "status": "ForcedByUser",
                "keyInfo": "None",
                "modelIds": null
            },
            {
                "id": "http://schema.org/Organization1---http://isi.edu/integration/karma/dev#classLink---HN406",
                "weight": 0.01,
                "type": "ClassInstanceLink",
                "label": {
                    "uri": "http://isi.edu/integration/karma/dev#classLink"
                },
                "status": "ForcedByUser",
                "keyInfo": "UriOfInstance",
                "modelIds": null
            },
            {
                "id": "http://schema.org/Organization1---http://schema.org/alternateName---HN12",
                "weight": 0.01,
                "type": "DataPropertyLink",
                "label": {
                    "uri": "http://schema.org/alternateName"
                },
                "status": "ForcedByUser",
                "keyInfo": "None",
                "modelIds": null
            },
            {
                "id": "http://schema.org/Organization1---http://schema.org/legalName---HN226",
                "weight": 0.01,
                "type": "DataPropertyLink",
                "label": {
                    "uri": "http://schema.org/legalName"
                },
                "status": "ForcedByUser",
                "keyInfo": "None",
                "modelIds": null
            },
            {
                "id": "http://schema.org/Organization1---http://schema.org/subtype---HN250",
                "weight": 0.01,
                "type": "DataPropertyLink",
                "label": {
                    "uri": "http://schema.org/subtype"
                },
                "status": "ForcedByUser",
                "keyInfo": "None",
                "modelIds": null
            },
            {
                "id": "http://schema.org/Organization2---http://isi.edu/integration/karma/dev#classLink---HN389",
                "weight": 0.01,
                "type": "ClassInstanceLink",
                "label": {
                    "uri": "http://isi.edu/integration/karma/dev#classLink"
                },
                "status": "ForcedByUser",
                "keyInfo": "UriOfInstance",
                "modelIds": null
            },
            {
                "id": "http://schema.org/Organization2---http://schema.org/valueName---HN22",
                "weight": 0.01,
                "type": "DataPropertyLink",
                "label": {
                    "uri": "http://schema.org/valueName"
                },
                "status": "ForcedByUser",
                "keyInfo": "None",
                "modelIds": null
            },
            {
                "id": "http://schema.org/Service1---http://schema.org/provider---http://schema.org/Organization1",
                "weight": 0.01,
                "type": "ObjectPropertyLink",
                "label": {
                    "uri": "http://schema.org/provider"
                },
                "objectPropertyType": "None",
                "status": "ForcedByUser",
                "keyInfo": "None",
                "modelIds": null
            },
            {
                "id": "http://schema.org/Service1---http://schema.org/serviceType---HN10",
                "weight": 0.01,
                "type": "DataPropertyLink",
                "label": {
                    "uri": "http://schema.org/serviceType"
                },
                "status": "ForcedByUser",
                "keyInfo": "None",
                "modelIds": null
            },
            {
                "id": "http://schema.org/State1---http://isi.edu/integration/karma/dev#classLink---HN417",
                "weight": 0.01,
                "type": "ClassInstanceLink",
                "label": {
                    "uri": "http://isi.edu/integration/karma/dev#classLink"
                },
                "status": "ForcedByUser",
                "keyInfo": "UriOfInstance",
                "modelIds": null
            },
            {
                "id": "http://schema.org/State1---http://memexproxy.com/ontology/identifier---http://memexproxy.com/ontology/Identifier1",
                "weight": 0.01,
                "type": "ObjectPropertyLink",
                "label": {
                    "uri": "http://memexproxy.com/ontology/identifier"
                },
                "objectPropertyType": "None",
                "status": "ForcedByUser",
                "keyInfo": "None",
                "modelIds": null
            },
            {
                "id": "http://schema.org/State1---http://schema.org/name---HN247",
                "weight": 0.01,
                "type": "DataPropertyLink",
                "label": {
                    "uri": "http://schema.org/name"
                },
                "status": "ForcedByUser",
                "keyInfo": "None",
                "modelIds": null
            },
            {
                "id": "http://schema.org/Organization1---http://memexproxy.com/ontology/operatingPermit---http://schema.org/GovernmentPermit1",
                "weight": 0.01,
                "type": "ObjectPropertyLink",
                "label": {
                    "uri": "http://memexproxy.com/ontology/operatingPermit"
                },
                "objectPropertyType": "None",
                "status": "ForcedByUser",
                "keyInfo": "None",
                "modelIds": null
            },
            {
                "id": "http://schema.org/Organization1---http://schema.org/providesService---http://schema.org/Service1",
                "weight": 0.01,
                "type": "ObjectPropertyLink",
                "label": {
                    "uri": "http://schema.org/providesService"
                },
                "objectPropertyType": "None",
                "status": "ForcedByUser",
                "keyInfo": "None",
                "modelIds": null
            }
        ]
    }
}