{
    "id": "extracted_montanagunclassifieds.json",
    "name": "extracted_montanagunclassifieds.json",
    "description": null,
    "sourceColumns": [
        {
            "id": "HN2552",
            "hNodeId": "HN2552",
            "columnName": "uri"
        },
        {
            "id": "HN2854",
            "hNodeId": "HN2854",
            "columnName": "expiryDate"
        },
        {
            "id": "HN2879",
            "hNodeId": "HN2879",
            "columnName": "listedOnDate"
        },
        {
            "id": "HN88",
            "hNodeId": "HN88",
            "columnName": "description"
        },
        {
            "id": "HN5",
            "hNodeId": "HN5",
            "columnName": "rawtextdetectedlanguage"
        },
        {
            "id": "HN2834",
            "hNodeId": "HN2834",
            "columnName": "cleanPrice"
        },
        {
            "id": "HN2819",
            "hNodeId": "HN2819",
            "columnName": "priceCurrency"
        },
        {
            "id": "HN149",
            "hNodeId": "HN149",
            "columnName": "raw_text"
        },
        {
            "id": "HN90",
            "hNodeId": "HN90",
            "columnName": "title"
        },
        {
            "id": "HN92",
            "hNodeId": "HN92",
            "columnName": "url"
        },
        {
            "id": "HN2990",
            "hNodeId": "HN2990",
            "columnName": "organizationuri"
        },
        {
            "id": "HN2909",
            "hNodeId": "HN2909",
            "columnName": "place_uri"
        },
        {
            "id": "HN2934",
            "hNodeId": "HN2934",
            "columnName": "location_enhanced"
        },
        {
            "id": "HN2960",
            "hNodeId": "HN2960",
            "columnName": "title_2"
        }
    ],
    "mappingToSourceColumns": [
        {
            "id": "HN90",
            "sourceColumnId": "HN90"
        },
        {
            "id": "HN92",
            "sourceColumnId": "HN92"
        },
        {
            "id": "HN149",
            "sourceColumnId": "HN149"
        },
        {
            "id": "HN2990",
            "sourceColumnId": "HN2990"
        },
        {
            "id": "HN2879",
            "sourceColumnId": "HN2879"
        },
        {
            "id": "HN2909",
            "sourceColumnId": "HN2909"
        },
        {
            "id": "HN2960",
            "sourceColumnId": "HN2960"
        },
        {
            "id": "HN2819",
            "sourceColumnId": "HN2819"
        },
        {
            "id": "HN2834",
            "sourceColumnId": "HN2834"
        },
        {
            "id": "HN2854",
            "sourceColumnId": "HN2854"
        },
        {
            "id": "HN5",
            "sourceColumnId": "HN5"
        },
        {
            "id": "HN2934",
            "sourceColumnId": "HN2934"
        },
        {
            "id": "HN2552",
            "sourceColumnId": "HN2552"
        },
        {
            "id": "HN88",
            "sourceColumnId": "HN88"
        }
    ],
    "graph": {
        "nodes": [
            {
                "id": "http://schema.org/Offer1",
                "label": {
                    "uri": "http://schema.org/Offer"
                },
                "type": "InternalNode",
                "modelIds": null
            },
            {
                "id": "HN2552",
                "label": {
                    "uri": "HN2552"
                },
                "type": "ColumnNode",
                "hNodeId": "HN2552",
                "columnName": "uri",
                "rdfLiteralType": null,
                "userSemanticTypes": [
                    {
                        "hNodeId": "HN2552",
                        "domain": {
                            "uri": "http://schema.org/Offer"
                        },
                        "type": {
                            "uri": "http://isi.edu/integration/karma/dev#classLink"
                        },
                        "origin": "User",
                        "confidenceScore": 1.0
                    }
                ],
                "learnedSemanticTypes": null,
                "modelIds": null
            },
            {
                "id": "HN2854",
                "label": {
                    "uri": "HN2854"
                },
                "type": "ColumnNode",
                "hNodeId": "HN2854",
                "columnName": "expiryDate",
                "rdfLiteralType": null,
                "userSemanticTypes": [
                    {
                        "hNodeId": "HN2854",
                        "domain": {
                            "uri": "http://schema.org/Offer"
                        },
                        "type": {
                            "uri": "http://schema.org/availabilityEnds"
                        },
                        "origin": "User",
                        "confidenceScore": 1.0
                    }
                ],
                "learnedSemanticTypes": null,
                "modelIds": null
            },
            {
                "id": "HN2879",
                "label": {
                    "uri": "HN2879"
                },
                "type": "ColumnNode",
                "hNodeId": "HN2879",
                "columnName": "listedOnDate",
                "rdfLiteralType": null,
                "userSemanticTypes": [
                    {
                        "hNodeId": "HN2879",
                        "domain": {
                            "uri": "http://schema.org/Offer"
                        },
                        "type": {
                            "uri": "http://schema.org/availabilityStarts"
                        },
                        "origin": "User",
                        "confidenceScore": 1.0
                    }
                ],
                "learnedSemanticTypes": null,
                "modelIds": null
            },
            {
                "id": "http://schema.org/Place1",
                "label": {
                    "uri": "http://schema.org/Place"
                },
                "type": "InternalNode",
                "modelIds": null
            },
            {
                "id": "HN88",
                "label": {
                    "uri": "HN88"
                },
                "type": "ColumnNode",
                "hNodeId": "HN88",
                "columnName": "description",
                "rdfLiteralType": null,
                "userSemanticTypes": [
                    {
                        "hNodeId": "HN88",
                        "domain": {
                            "uri": "http://schema.org/Offer"
                        },
                        "type": {
                            "uri": "http://schema.org/description"
                        },
                        "origin": "User",
                        "confidenceScore": 1.0
                    }
                ],
                "learnedSemanticTypes": null,
                "modelIds": null
            },
            {
                "id": "HN5",
                "label": {
                    "uri": "HN5"
                },
                "type": "ColumnNode",
                "hNodeId": "HN5",
                "columnName": "rawtextdetectedlanguage",
                "rdfLiteralType": null,
                "userSemanticTypes": [
                    {
                        "hNodeId": "HN5",
                        "domain": {
                            "uri": "http://schema.org/Offer"
                        },
                        "type": {
                            "uri": "http://schema.org/inLanguage"
                        },
                        "origin": "User",
                        "confidenceScore": 1.0
                    }
                ],
                "learnedSemanticTypes": null,
                "modelIds": null
            },
            {
                "id": "HN2834",
                "label": {
                    "uri": "HN2834"
                },
                "type": "ColumnNode",
                "hNodeId": "HN2834",
                "columnName": "cleanPrice",
                "rdfLiteralType": null,
                "userSemanticTypes": [
                    {
                        "hNodeId": "HN2834",
                        "domain": {
                            "uri": "http://schema.org/Offer"
                        },
                        "type": {
                            "uri": "http://schema.org/price"
                        },
                        "origin": "User",
                        "confidenceScore": 1.0
                    }
                ],
                "learnedSemanticTypes": null,
                "modelIds": null
            },
            {
                "id": "HN2819",
                "label": {
                    "uri": "HN2819"
                },
                "type": "ColumnNode",
                "hNodeId": "HN2819",
                "columnName": "priceCurrency",
                "rdfLiteralType": null,
                "userSemanticTypes": [
                    {
                        "hNodeId": "HN2819",
                        "domain": {
                            "uri": "http://schema.org/Offer"
                        },
                        "type": {
                            "uri": "http://schema.org/priceCurrency"
                        },
                        "origin": "User",
                        "confidenceScore": 1.0
                    }
                ],
                "learnedSemanticTypes": null,
                "modelIds": null
            },
            {
                "id": "http://schema.org/Organization1",
                "label": {
                    "uri": "http://schema.org/Organization"
                },
                "type": "InternalNode",
                "modelIds": null
            },
            {
                "id": "HN149",
                "label": {
                    "uri": "HN149"
                },
                "type": "ColumnNode",
                "hNodeId": "HN149",
                "columnName": "raw_text",
                "rdfLiteralType": null,
                "userSemanticTypes": [
                    {
                        "hNodeId": "HN149",
                        "domain": {
                            "uri": "http://schema.org/Offer"
                        },
                        "type": {
                            "uri": "http://schema.org/text"
                        },
                        "origin": "User",
                        "confidenceScore": 1.0
                    }
                ],
                "learnedSemanticTypes": null,
                "modelIds": null
            },
            {
                "id": "HN90",
                "label": {
                    "uri": "HN90"
                },
                "type": "ColumnNode",
                "hNodeId": "HN90",
                "columnName": "title",
                "rdfLiteralType": null,
                "userSemanticTypes": [
                    {
                        "hNodeId": "HN90",
                        "domain": {
                            "uri": "http://schema.org/Offer"
                        },
                        "type": {
                            "uri": "http://schema.org/title"
                        },
                        "origin": "User",
                        "confidenceScore": 1.0
                    }
                ],
                "learnedSemanticTypes": null,
                "modelIds": null
            },
            {
                "id": "HN92",
                "label": {
                    "uri": "HN92"
                },
                "type": "ColumnNode",
                "hNodeId": "HN92",
                "columnName": "url",
                "rdfLiteralType": null,
                "userSemanticTypes": [
                    {
                        "hNodeId": "HN92",
                        "domain": {
                            "uri": "http://schema.org/Offer"
                        },
                        "type": {
                            "uri": "http://schema.org/url"
                        },
                        "origin": "User",
                        "confidenceScore": 1.0
                    }
                ],
                "learnedSemanticTypes": null,
                "modelIds": null
            },
            {
                "id": "HN2990",
                "label": {
                    "uri": "HN2990"
                },
                "type": "ColumnNode",
                "hNodeId": "HN2990",
                "columnName": "organizationuri",
                "rdfLiteralType": null,
                "userSemanticTypes": [
                    {
                        "hNodeId": "HN2990",
                        "domain": {
                            "uri": "http://schema.org/Organization"
                        },
                        "type": {
                            "uri": "http://isi.edu/integration/karma/dev#classLink"
                        },
                        "origin": "User",
                        "confidenceScore": 1.0
                    }
                ],
                "learnedSemanticTypes": null,
                "modelIds": null
            },
            {
                "id": "montanagunclassifieds.com1",
                "label": {
                    "uri": ""
                },
                "type": "LiteralNode",
                "value": "montanagunclassifieds.com",
                "datatype": {
                    "uri": ""
                },
                "isUri": "false",
                "modelIds": null
            },
            {
                "id": "HN2909",
                "label": {
                    "uri": "HN2909"
                },
                "type": "ColumnNode",
                "hNodeId": "HN2909",
                "columnName": "place_uri",
                "rdfLiteralType": null,
                "userSemanticTypes": [
                    {
                        "hNodeId": "HN2909",
                        "domain": {
                            "uri": "http://schema.org/Place"
                        },
                        "type": {
                            "uri": "http://isi.edu/integration/karma/dev#classLink"
                        },
                        "origin": "User",
                        "confidenceScore": 1.0
                    }
                ],
                "learnedSemanticTypes": null,
                "modelIds": null
            },
            {
                "id": "http://schema.org/PostalAddress1",
                "label": {
                    "uri": "http://schema.org/PostalAddress"
                },
                "type": "InternalNode",
                "modelIds": null
            },
            {
                "id": "HN2934",
                "label": {
                    "uri": "HN2934"
                },
                "type": "ColumnNode",
                "hNodeId": "HN2934",
                "columnName": "location_enhanced",
                "rdfLiteralType": null,
                "userSemanticTypes": [
                    {
                        "hNodeId": "HN2934",
                        "domain": {
                            "uri": "http://schema.org/PostalAddress"
                        },
                        "type": {
                            "uri": "http://schema.org/name"
                        },
                        "origin": "User",
                        "confidenceScore": 1.0
                    }
                ],
                "learnedSemanticTypes": null,
                "modelIds": null
            },
            {
                "id": "http://schema.org/Product1",
                "label": {
                    "uri": "http://schema.org/Product"
                },
                "type": "InternalNode",
                "modelIds": null
            },
            {
                "id": "HN2960",
                "label": {
                    "uri": "HN2960"
                },
                "type": "ColumnNode",
                "hNodeId": "HN2960",
                "columnName": "title_2",
                "rdfLiteralType": null,
                "userSemanticTypes": [
                    {
                        "hNodeId": "HN2960",
                        "domain": {
                            "uri": "http://schema.org/Product"
                        },
                        "type": {
                            "uri": "http://schema.org/name"
                        },
                        "origin": "User",
                        "confidenceScore": 1.0
                    }
                ],
                "learnedSemanticTypes": null,
                "modelIds": null
            }
        ],
        "links": [
            {
                "id": "http://schema.org/Offer1---http://isi.edu/integration/karma/dev#classLink---HN2552",
                "weight": 0.01,
                "type": "ClassInstanceLink",
                "label": {
                    "uri": "http://isi.edu/integration/karma/dev#classLink"
                },
                "status": "ForcedByUser",
                "keyInfo": "UriOfInstance",
                "modelIds": null
            },
            {
                "id": "http://schema.org/Offer1---http://schema.org/availabilityEnds---HN2854",
                "weight": 0.01,
                "type": "DataPropertyLink",
                "label": {
                    "uri": "http://schema.org/availabilityEnds"
                },
                "status": "ForcedByUser",
                "keyInfo": "None",
                "modelIds": null
            },
            {
                "id": "http://schema.org/Offer1---http://schema.org/availabilityStarts---HN2879",
                "weight": 0.01,
                "type": "DataPropertyLink",
                "label": {
                    "uri": "http://schema.org/availabilityStarts"
                },
                "status": "ForcedByUser",
                "keyInfo": "None",
                "modelIds": null
            },
            {
                "id": "http://schema.org/Offer1---http://schema.org/availableAtOrFrom---http://schema.org/Place1",
                "weight": 0.01,
                "type": "ObjectPropertyLink",
                "label": {
                    "uri": "http://schema.org/availableAtOrFrom"
                },
                "objectPropertyType": "None",
                "status": "ForcedByUser",
                "keyInfo": "None",
                "modelIds": null
            },
            {
                "id": "http://schema.org/Offer1---http://schema.org/description---HN88",
                "weight": 0.01,
                "type": "DataPropertyLink",
                "label": {
                    "uri": "http://schema.org/description"
                },
                "status": "ForcedByUser",
                "keyInfo": "None",
                "modelIds": null
            },
            {
                "id": "http://schema.org/Offer1---http://schema.org/inLanguage---HN5",
                "weight": 0.01,
                "type": "DataPropertyLink",
                "label": {
                    "uri": "http://schema.org/inLanguage"
                },
                "status": "ForcedByUser",
                "keyInfo": "None",
                "modelIds": null
            },
            {
                "id": "http://schema.org/Offer1---http://schema.org/price---HN2834",
                "weight": 0.01,
                "type": "DataPropertyLink",
                "label": {
                    "uri": "http://schema.org/price"
                },
                "status": "ForcedByUser",
                "keyInfo": "None",
                "modelIds": null
            },
            {
                "id": "http://schema.org/Offer1---http://schema.org/priceCurrency---HN2819",
                "weight": 0.01,
                "type": "DataPropertyLink",
                "label": {
                    "uri": "http://schema.org/priceCurrency"
                },
                "status": "ForcedByUser",
                "keyInfo": "None",
                "modelIds": null
            },
            {
                "id": "http://schema.org/Offer1---http://schema.org/publisher---http://schema.org/Organization1",
                "weight": 0.01,
                "type": "ObjectPropertyLink",
                "label": {
                    "uri": "http://schema.org/publisher"
                },
                "objectPropertyType": "None",
                "status": "ForcedByUser",
                "keyInfo": "None",
                "modelIds": null
            },
            {
                "id": "http://schema.org/Offer1---http://schema.org/text---HN149",
                "weight": 0.01,
                "type": "DataPropertyLink",
                "label": {
                    "uri": "http://schema.org/text"
                },
                "status": "ForcedByUser",
                "keyInfo": "None",
                "modelIds": null
            },
            {
                "id": "http://schema.org/Offer1---http://schema.org/title---HN90",
                "weight": 0.01,
                "type": "DataPropertyLink",
                "label": {
                    "uri": "http://schema.org/title"
                },
                "status": "ForcedByUser",
                "keyInfo": "None",
                "modelIds": null
            },
            {
                "id": "http://schema.org/Offer1---http://schema.org/url---HN92",
                "weight": 0.01,
                "type": "DataPropertyLink",
                "label": {
                    "uri": "http://schema.org/url"
                },
                "status": "ForcedByUser",
                "keyInfo": "None",
                "modelIds": null
            },
            {
                "id": "http://schema.org/Organization1---http://isi.edu/integration/karma/dev#classLink---HN2990",
                "weight": 0.01,
                "type": "ClassInstanceLink",
                "label": {
                    "uri": "http://isi.edu/integration/karma/dev#classLink"
                },
                "status": "ForcedByUser",
                "keyInfo": "UriOfInstance",
                "modelIds": null
            },
            {
                "id": "http://schema.org/Organization1---http://schema.org/name---montanagunclassifieds.com1",
                "weight": 0.01,
                "type": "ObjectPropertyLink",
                "label": {
                    "uri": "http://schema.org/name"
                },
                "objectPropertyType": "None",
                "status": "ForcedByUser",
                "keyInfo": "None",
                "modelIds": null
            },
            {
                "id": "http://schema.org/Place1---http://isi.edu/integration/karma/dev#classLink---HN2909",
                "weight": 0.01,
                "type": "ClassInstanceLink",
                "label": {
                    "uri": "http://isi.edu/integration/karma/dev#classLink"
                },
                "status": "ForcedByUser",
                "keyInfo": "UriOfInstance",
                "modelIds": null
            },
            {
                "id": "http://schema.org/Place1---http://schema.org/address---http://schema.org/PostalAddress1",
                "weight": 0.01,
                "type": "ObjectPropertyLink",
                "label": {
                    "uri": "http://schema.org/address"
                },
                "objectPropertyType": "None",
                "status": "ForcedByUser",
                "keyInfo": "None",
                "modelIds": null
            },
            {
                "id": "http://schema.org/PostalAddress1---http://schema.org/name---HN2934",
                "weight": 0.01,
                "type": "DataPropertyLink",
                "label": {
                    "uri": "http://schema.org/name"
                },
                "status": "ForcedByUser",
                "keyInfo": "None",
                "modelIds": null
            },
            {
                "id": "http://schema.org/Product1---http://schema.org/name---HN2960",
                "weight": 0.01,
                "type": "DataPropertyLink",
                "label": {
                    "uri": "http://schema.org/name"
                },
                "status": "ForcedByUser",
                "keyInfo": "None",
                "modelIds": null
            },
            {
                "id": "http://schema.org/Product1---http://schema.org/offers---http://schema.org/Offer1",
                "weight": 0.01,
                "type": "ObjectPropertyLink",
                "label": {
                    "uri": "http://schema.org/offers"
                },
                "objectPropertyType": "None",
                "status": "ForcedByUser",
                "keyInfo": "None",
                "modelIds": null
            },
            {
                "id": "http://schema.org/Offer1---http://schema.org/itemOffered---http://schema.org/Product1",
                "weight": 0.01,
                "type": "ObjectPropertyLink",
                "label": {
                    "uri": "http://schema.org/itemOffered"
                },
                "objectPropertyType": "None",
                "status": "ForcedByUser",
                "keyInfo": "None",
                "modelIds": null
            }
        ]
    }
}