{
    "id": "extracted_blueridgefirearms.json",
    "name": "extracted_blueridgefirearms.json",
    "description": null,
    "sourceColumns": [
        {
            "id": "HN98",
            "hNodeId": "HN98",
            "columnName": "manufacturer_no"
        },
        {
            "id": "HN96",
            "hNodeId": "HN96",
            "columnName": "uri"
        },
        {
            "id": "HN86",
            "hNodeId": "HN86",
            "columnName": "description"
        },
        {
            "id": "HN7",
            "hNodeId": "HN7",
            "columnName": "rawtextdetectedlanguage"
        },
        {
            "id": "HN4364",
            "hNodeId": "HN4364",
            "columnName": "cleanPrice"
        },
        {
            "id": "HN4310",
            "hNodeId": "HN4310",
            "columnName": "priceCurrency"
        },
        {
            "id": "HN5",
            "hNodeId": "HN5",
            "columnName": "SKU"
        },
        {
            "id": "HN88",
            "hNodeId": "HN88",
            "columnName": "title"
        },
        {
            "id": "HN90",
            "hNodeId": "HN90",
            "columnName": "url"
        },
        {
            "id": "HN4604",
            "hNodeId": "HN4604",
            "columnName": "organizationuri"
        },
        {
            "id": "HN4542",
            "hNodeId": "HN4542",
            "columnName": "place_uri"
        },
        {
            "id": "HN4485",
            "hNodeId": "HN4485",
            "columnName": "location"
        },
        {
            "id": "HN4430",
            "hNodeId": "HN4430",
            "columnName": "product_uri"
        },
        {
            "id": "HN105",
            "hNodeId": "HN105",
            "columnName": "value"
        },
        {
            "id": "HN136",
            "hNodeId": "HN136",
            "columnName": "manufacturer"
        }
    ],
    "mappingToSourceColumns": [
        {
            "id": "HN90",
            "sourceColumnId": "HN90"
        },
        {
            "id": "HN4542",
            "sourceColumnId": "HN4542"
        },
        {
            "id": "HN4430",
            "sourceColumnId": "HN4430"
        },
        {
            "id": "HN105",
            "sourceColumnId": "HN105"
        },
        {
            "id": "HN5",
            "sourceColumnId": "HN5"
        },
        {
            "id": "HN4364",
            "sourceColumnId": "HN4364"
        },
        {
            "id": "HN7",
            "sourceColumnId": "HN7"
        },
        {
            "id": "HN86",
            "sourceColumnId": "HN86"
        },
        {
            "id": "HN4485",
            "sourceColumnId": "HN4485"
        },
        {
            "id": "HN136",
            "sourceColumnId": "HN136"
        },
        {
            "id": "HN88",
            "sourceColumnId": "HN88"
        },
        {
            "id": "HN98",
            "sourceColumnId": "HN98"
        },
        {
            "id": "HN4310",
            "sourceColumnId": "HN4310"
        },
        {
            "id": "HN4604",
            "sourceColumnId": "HN4604"
        },
        {
            "id": "HN96",
            "sourceColumnId": "HN96"
        }
    ],
    "graph": {
        "nodes": [
            {
                "id": "http://memexproxy.com/ontology/Identifier1",
                "label": {
                    "uri": "http://memexproxy.com/ontology/Identifier"
                },
                "type": "InternalNode",
                "modelIds": null
            },
            {
                "id": "HN98",
                "label": {
                    "uri": "HN98"
                },
                "type": "ColumnNode",
                "hNodeId": "HN98",
                "columnName": "manufacturer_no",
                "rdfLiteralType": null,
                "userSemanticTypes": [
                    {
                        "hNodeId": "HN98",
                        "domain": {
                            "uri": "http://memexproxy.com/ontology/Identifier"
                        },
                        "type": {
                            "uri": "http://schema.org/name"
                        },
                        "origin": "User",
                        "confidenceScore": 1.0
                    }
                ],
                "learnedSemanticTypes": [
                    {
                        "hNodeId": "HN98",
                        "domain": {
                            "uri": "http://schema.org/Offer"
                        },
                        "type": {
                            "uri": "http://schema.org/url"
                        },
                        "origin": "TfIdfModel",
                        "confidenceScore": 1.0
                    }
                ],
                "modelIds": null
            },
            {
                "id": "http://schema.org/Offer1",
                "label": {
                    "uri": "http://schema.org/Offer"
                },
                "type": "InternalNode",
                "modelIds": null
            },
            {
                "id": "HN96",
                "label": {
                    "uri": "HN96"
                },
                "type": "ColumnNode",
                "hNodeId": "HN96",
                "columnName": "uri",
                "rdfLiteralType": null,
                "userSemanticTypes": [
                    {
                        "hNodeId": "HN96",
                        "domain": {
                            "uri": "http://schema.org/Offer"
                        },
                        "type": {
                            "uri": "http://isi.edu/integration/karma/dev#classLink"
                        },
                        "origin": "User",
                        "confidenceScore": 1.0
                    }
                ],
                "learnedSemanticTypes": null,
                "modelIds": null
            },
            {
                "id": "http://schema.org/Place1",
                "label": {
                    "uri": "http://schema.org/Place"
                },
                "type": "InternalNode",
                "modelIds": null
            },
            {
                "id": "HN86",
                "label": {
                    "uri": "HN86"
                },
                "type": "ColumnNode",
                "hNodeId": "HN86",
                "columnName": "description",
                "rdfLiteralType": null,
                "userSemanticTypes": [
                    {
                        "hNodeId": "HN86",
                        "domain": {
                            "uri": "http://schema.org/Offer"
                        },
                        "type": {
                            "uri": "http://schema.org/description"
                        },
                        "origin": "User",
                        "confidenceScore": 1.0
                    }
                ],
                "learnedSemanticTypes": null,
                "modelIds": null
            },
            {
                "id": "HN7",
                "label": {
                    "uri": "HN7"
                },
                "type": "ColumnNode",
                "hNodeId": "HN7",
                "columnName": "rawtextdetectedlanguage",
                "rdfLiteralType": null,
                "userSemanticTypes": [
                    {
                        "hNodeId": "HN7",
                        "domain": {
                            "uri": "http://schema.org/Offer"
                        },
                        "type": {
                            "uri": "http://schema.org/inLanguage"
                        },
                        "origin": "User",
                        "confidenceScore": 1.0
                    }
                ],
                "learnedSemanticTypes": null,
                "modelIds": null
            },
            {
                "id": "HN4364",
                "label": {
                    "uri": "HN4364"
                },
                "type": "ColumnNode",
                "hNodeId": "HN4364",
                "columnName": "cleanPrice",
                "rdfLiteralType": {
                    "uri": "http://www.w3.org/2001/XMLSchema#decimal"
                },
                "userSemanticTypes": [
                    {
                        "hNodeId": "HN4364",
                        "domain": {
                            "uri": "http://schema.org/Offer"
                        },
                        "type": {
                            "uri": "http://schema.org/price"
                        },
                        "origin": "User",
                        "confidenceScore": 1.0
                    }
                ],
                "learnedSemanticTypes": null,
                "modelIds": null
            },
            {
                "id": "HN4310",
                "label": {
                    "uri": "HN4310"
                },
                "type": "ColumnNode",
                "hNodeId": "HN4310",
                "columnName": "priceCurrency",
                "rdfLiteralType": null,
                "userSemanticTypes": [
                    {
                        "hNodeId": "HN4310",
                        "domain": {
                            "uri": "http://schema.org/Offer"
                        },
                        "type": {
                            "uri": "http://schema.org/priceCurrency"
                        },
                        "origin": "User",
                        "confidenceScore": 1.0
                    }
                ],
                "learnedSemanticTypes": null,
                "modelIds": null
            },
            {
                "id": "http://schema.org/Organization1",
                "label": {
                    "uri": "http://schema.org/Organization"
                },
                "type": "InternalNode",
                "modelIds": null
            },
            {
                "id": "HN5",
                "label": {
                    "uri": "HN5"
                },
                "type": "ColumnNode",
                "hNodeId": "HN5",
                "columnName": "SKU",
                "rdfLiteralType": null,
                "userSemanticTypes": [
                    {
                        "hNodeId": "HN5",
                        "domain": {
                            "uri": "http://schema.org/Offer"
                        },
                        "type": {
                            "uri": "http://schema.org/sku"
                        },
                        "origin": "User",
                        "confidenceScore": 1.0
                    }
                ],
                "learnedSemanticTypes": null,
                "modelIds": null
            },
            {
                "id": "HN88",
                "label": {
                    "uri": "HN88"
                },
                "type": "ColumnNode",
                "hNodeId": "HN88",
                "columnName": "title",
                "rdfLiteralType": null,
                "userSemanticTypes": [
                    {
                        "hNodeId": "HN88",
                        "domain": {
                            "uri": "http://schema.org/Offer"
                        },
                        "type": {
                            "uri": "http://schema.org/title"
                        },
                        "origin": "User",
                        "confidenceScore": 1.0
                    }
                ],
                "learnedSemanticTypes": null,
                "modelIds": null
            },
            {
                "id": "HN90",
                "label": {
                    "uri": "HN90"
                },
                "type": "ColumnNode",
                "hNodeId": "HN90",
                "columnName": "url",
                "rdfLiteralType": null,
                "userSemanticTypes": [
                    {
                        "hNodeId": "HN90",
                        "domain": {
                            "uri": "http://schema.org/Offer"
                        },
                        "type": {
                            "uri": "http://schema.org/url"
                        },
                        "origin": "User",
                        "confidenceScore": 1.0
                    }
                ],
                "learnedSemanticTypes": null,
                "modelIds": null
            },
            {
                "id": "HN4604",
                "label": {
                    "uri": "HN4604"
                },
                "type": "ColumnNode",
                "hNodeId": "HN4604",
                "columnName": "organizationuri",
                "rdfLiteralType": null,
                "userSemanticTypes": [
                    {
                        "hNodeId": "HN4604",
                        "domain": {
                            "uri": "http://schema.org/Organization"
                        },
                        "type": {
                            "uri": "http://isi.edu/integration/karma/dev#classLink"
                        },
                        "origin": "User",
                        "confidenceScore": 1.0
                    }
                ],
                "learnedSemanticTypes": null,
                "modelIds": null
            },
            {
                "id": "blueridgefirearms.com1",
                "label": {
                    "uri": ""
                },
                "type": "LiteralNode",
                "value": "blueridgefirearms.com",
                "datatype": {
                    "uri": ""
                },
                "isUri": "false",
                "modelIds": null
            },
            {
                "id": "HN4542",
                "label": {
                    "uri": "HN4542"
                },
                "type": "ColumnNode",
                "hNodeId": "HN4542",
                "columnName": "place_uri",
                "rdfLiteralType": null,
                "userSemanticTypes": [
                    {
                        "hNodeId": "HN4542",
                        "domain": {
                            "uri": "http://schema.org/Place"
                        },
                        "type": {
                            "uri": "http://isi.edu/integration/karma/dev#classLink"
                        },
                        "origin": "User",
                        "confidenceScore": 1.0
                    }
                ],
                "learnedSemanticTypes": null,
                "modelIds": null
            },
            {
                "id": "http://schema.org/PostalAddress1",
                "label": {
                    "uri": "http://schema.org/PostalAddress"
                },
                "type": "InternalNode",
                "modelIds": null
            },
            {
                "id": "HN4485",
                "label": {
                    "uri": "HN4485"
                },
                "type": "ColumnNode",
                "hNodeId": "HN4485",
                "columnName": "location",
                "rdfLiteralType": null,
                "userSemanticTypes": [
                    {
                        "hNodeId": "HN4485",
                        "domain": {
                            "uri": "http://schema.org/PostalAddress"
                        },
                        "type": {
                            "uri": "http://schema.org/name"
                        },
                        "origin": "User",
                        "confidenceScore": 1.0
                    }
                ],
                "learnedSemanticTypes": null,
                "modelIds": null
            },
            {
                "id": "http://schema.org/Product1",
                "label": {
                    "uri": "http://schema.org/Product"
                },
                "type": "InternalNode",
                "modelIds": null
            },
            {
                "id": "HN4430",
                "label": {
                    "uri": "HN4430"
                },
                "type": "ColumnNode",
                "hNodeId": "HN4430",
                "columnName": "product_uri",
                "rdfLiteralType": null,
                "userSemanticTypes": [
                    {
                        "hNodeId": "HN4430",
                        "domain": {
                            "uri": "http://schema.org/Product"
                        },
                        "type": {
                            "uri": "http://isi.edu/integration/karma/dev#classLink"
                        },
                        "origin": "User",
                        "confidenceScore": 1.0
                    }
                ],
                "learnedSemanticTypes": null,
                "modelIds": null
            },
            {
                "id": "HN105",
                "label": {
                    "uri": "HN105"
                },
                "type": "ColumnNode",
                "hNodeId": "HN105",
                "columnName": "value",
                "rdfLiteralType": null,
                "userSemanticTypes": [
                    {
                        "hNodeId": "HN105",
                        "domain": {
                            "uri": "http://schema.org/Product"
                        },
                        "type": {
                            "uri": "http://schema.org/keywords"
                        },
                        "origin": "User",
                        "confidenceScore": 1.0
                    }
                ],
                "learnedSemanticTypes": [
                    {
                        "hNodeId": "HN105",
                        "domain": {
                            "uri": "http://schema.org/Offer"
                        },
                        "type": {
                            "uri": "http://schema.org/url"
                        },
                        "origin": "TfIdfModel",
                        "confidenceScore": 0.6135363665016295
                    },
                    {
                        "hNodeId": "HN105",
                        "domain": {
                            "uri": "http://schema.org/Product"
                        },
                        "type": {
                            "uri": "http://schema.org/keywords"
                        },
                        "origin": "TfIdfModel",
                        "confidenceScore": 0.18262952761559076
                    },
                    {
                        "hNodeId": "HN105",
                        "domain": {
                            "uri": "http://schema.org/Offer"
                        },
                        "type": {
                            "uri": "http://schema.org/title"
                        },
                        "origin": "TfIdfModel",
                        "confidenceScore": 0.13116489368315043
                    },
                    {
                        "hNodeId": "HN105",
                        "domain": {
                            "uri": "http://schema.org/Offer"
                        },
                        "type": {
                            "uri": "http://schema.org/description"
                        },
                        "origin": "TfIdfModel",
                        "confidenceScore": 0.07266921219962937
                    }
                ],
                "modelIds": null
            },
            {
                "id": "HN136",
                "label": {
                    "uri": "HN136"
                },
                "type": "ColumnNode",
                "hNodeId": "HN136",
                "columnName": "manufacturer",
                "rdfLiteralType": null,
                "userSemanticTypes": [
                    {
                        "hNodeId": "HN136",
                        "domain": {
                            "uri": "http://schema.org/Product"
                        },
                        "type": {
                            "uri": "http://schema.org/manufacturer"
                        },
                        "origin": "User",
                        "confidenceScore": 1.0
                    }
                ],
                "learnedSemanticTypes": null,
                "modelIds": null
            }
        ],
        "links": [
            {
                "id": "http://memexproxy.com/ontology/Identifier1---http://schema.org/name---HN98",
                "weight": 0.01,
                "type": "DataPropertyLink",
                "label": {
                    "uri": "http://schema.org/name"
                },
                "status": "ForcedByUser",
                "keyInfo": "None",
                "modelIds": null
            },
            {
                "id": "http://schema.org/Offer1---http://isi.edu/integration/karma/dev#classLink---HN96",
                "weight": 0.01,
                "type": "ClassInstanceLink",
                "label": {
                    "uri": "http://isi.edu/integration/karma/dev#classLink"
                },
                "status": "ForcedByUser",
                "keyInfo": "UriOfInstance",
                "modelIds": null
            },
            {
                "id": "http://schema.org/Offer1---http://schema.org/availableAtOrFrom---http://schema.org/Place1",
                "weight": 0.01,
                "type": "ObjectPropertyLink",
                "label": {
                    "uri": "http://schema.org/availableAtOrFrom"
                },
                "objectPropertyType": "None",
                "status": "ForcedByUser",
                "keyInfo": "None",
                "modelIds": null
            },
            {
                "id": "http://schema.org/Offer1---http://schema.org/description---HN86",
                "weight": 0.01,
                "type": "DataPropertyLink",
                "label": {
                    "uri": "http://schema.org/description"
                },
                "status": "ForcedByUser",
                "keyInfo": "None",
                "modelIds": null
            },
            {
                "id": "http://schema.org/Offer1---http://schema.org/inLanguage---HN7",
                "weight": 0.01,
                "type": "DataPropertyLink",
                "label": {
                    "uri": "http://schema.org/inLanguage"
                },
                "status": "ForcedByUser",
                "keyInfo": "None",
                "modelIds": null
            },
            {
                "id": "http://schema.org/Offer1---http://schema.org/price---HN4364",
                "weight": 0.01,
                "type": "DataPropertyLink",
                "label": {
                    "uri": "http://schema.org/price"
                },
                "status": "ForcedByUser",
                "keyInfo": "None",
                "modelIds": null
            },
            {
                "id": "http://schema.org/Offer1---http://schema.org/priceCurrency---HN4310",
                "weight": 0.01,
                "type": "DataPropertyLink",
                "label": {
                    "uri": "http://schema.org/priceCurrency"
                },
                "status": "ForcedByUser",
                "keyInfo": "None",
                "modelIds": null
            },
            {
                "id": "http://schema.org/Offer1---http://schema.org/publisher---http://schema.org/Organization1",
                "weight": 0.01,
                "type": "ObjectPropertyLink",
                "label": {
                    "uri": "http://schema.org/publisher"
                },
                "objectPropertyType": "None",
                "status": "ForcedByUser",
                "keyInfo": "None",
                "modelIds": null
            },
            {
                "id": "http://schema.org/Offer1---http://schema.org/sku---HN5",
                "weight": 0.01,
                "type": "DataPropertyLink",
                "label": {
                    "uri": "http://schema.org/sku"
                },
                "status": "ForcedByUser",
                "keyInfo": "None",
                "modelIds": null
            },
            {
                "id": "http://schema.org/Offer1---http://schema.org/title---HN88",
                "weight": 0.01,
                "type": "DataPropertyLink",
                "label": {
                    "uri": "http://schema.org/title"
                },
                "status": "ForcedByUser",
                "keyInfo": "None",
                "modelIds": null
            },
            {
                "id": "http://schema.org/Offer1---http://schema.org/url---HN90",
                "weight": 0.01,
                "type": "DataPropertyLink",
                "label": {
                    "uri": "http://schema.org/url"
                },
                "status": "ForcedByUser",
                "keyInfo": "None",
                "modelIds": null
            },
            {
                "id": "http://schema.org/Organization1---http://isi.edu/integration/karma/dev#classLink---HN4604",
                "weight": 0.01,
                "type": "ClassInstanceLink",
                "label": {
                    "uri": "http://isi.edu/integration/karma/dev#classLink"
                },
                "status": "ForcedByUser",
                "keyInfo": "UriOfInstance",
                "modelIds": null
            },
            {
                "id": "http://schema.org/Organization1---http://schema.org/name---blueridgefirearms.com1",
                "weight": 0.01,
                "type": "ObjectPropertyLink",
                "label": {
                    "uri": "http://schema.org/name"
                },
                "objectPropertyType": "None",
                "status": "ForcedByUser",
                "keyInfo": "None",
                "modelIds": null
            },
            {
                "id": "http://schema.org/Place1---http://isi.edu/integration/karma/dev#classLink---HN4542",
                "weight": 0.01,
                "type": "ClassInstanceLink",
                "label": {
                    "uri": "http://isi.edu/integration/karma/dev#classLink"
                },
                "status": "ForcedByUser",
                "keyInfo": "UriOfInstance",
                "modelIds": null
            },
            {
                "id": "http://schema.org/Place1---http://schema.org/address---http://schema.org/PostalAddress1",
                "weight": 0.01,
                "type": "ObjectPropertyLink",
                "label": {
                    "uri": "http://schema.org/address"
                },
                "objectPropertyType": "None",
                "status": "ForcedByUser",
                "keyInfo": "None",
                "modelIds": null
            },
            {
                "id": "http://schema.org/PostalAddress1---http://schema.org/name---HN4485",
                "weight": 0.01,
                "type": "DataPropertyLink",
                "label": {
                    "uri": "http://schema.org/name"
                },
                "status": "ForcedByUser",
                "keyInfo": "None",
                "modelIds": null
            },
            {
                "id": "http://schema.org/Product1---http://isi.edu/integration/karma/dev#classLink---HN4430",
                "weight": 0.01,
                "type": "ClassInstanceLink",
                "label": {
                    "uri": "http://isi.edu/integration/karma/dev#classLink"
                },
                "status": "ForcedByUser",
                "keyInfo": "UriOfInstance",
                "modelIds": null
            },
            {
                "id": "http://schema.org/Product1---http://memexproxy.com/ontology/identifier---http://memexproxy.com/ontology/Identifier1",
                "weight": 0.01,
                "type": "ObjectPropertyLink",
                "label": {
                    "uri": "http://memexproxy.com/ontology/identifier"
                },
                "objectPropertyType": "None",
                "status": "ForcedByUser",
                "keyInfo": "None",
                "modelIds": null
            },
            {
                "id": "http://schema.org/Product1---http://schema.org/keywords---HN105",
                "weight": 0.01,
                "type": "DataPropertyLink",
                "label": {
                    "uri": "http://schema.org/keywords"
                },
                "status": "ForcedByUser",
                "keyInfo": "None",
                "modelIds": null
            },
            {
                "id": "http://schema.org/Product1---http://schema.org/manufacturer---HN136",
                "weight": 0.01,
                "type": "DataPropertyLink",
                "label": {
                    "uri": "http://schema.org/manufacturer"
                },
                "status": "ForcedByUser",
                "keyInfo": "None",
                "modelIds": null
            },
            {
                "id": "http://schema.org/Product1---http://schema.org/offers---http://schema.org/Offer1",
                "weight": 0.01,
                "type": "ObjectPropertyLink",
                "label": {
                    "uri": "http://schema.org/offers"
                },
                "objectPropertyType": "None",
                "status": "ForcedByUser",
                "keyInfo": "None",
                "modelIds": null
            },
            {
                "id": "http://schema.org/Offer1---http://schema.org/itemOffered---http://schema.org/Product1",
                "weight": 0.01,
                "type": "ObjectPropertyLink",
                "label": {
                    "uri": "http://schema.org/itemOffered"
                },
                "objectPropertyType": "None",
                "status": "ForcedByUser",
                "keyInfo": "None",
                "modelIds": null
            }
        ]
    }
}