{
    "id": "extracted_corporationwiki.json",
    "name": "extracted_corporationwiki.json",
    "description": null,
    "sourceColumns": [
        {
            "id": "HN7470",
            "hNodeId": "HN7470",
            "columnName": "Values"
        },
        {
            "id": "HN8980",
            "hNodeId": "HN8980",
            "columnName": "permit_uri"
        },
        {
            "id": "HN7482",
            "hNodeId": "HN7482",
            "columnName": "Values"
        },
        {
            "id": "HN8501",
            "hNodeId": "HN8501",
            "columnName": "Values_date_iso"
        },
        {
            "id": "HN9017",
            "hNodeId": "HN9017",
            "columnName": "organization_uri"
        },
        {
            "id": "HN9",
            "hNodeId": "HN9",
            "columnName": "name"
        },
        {
            "id": "HN7479",
            "hNodeId": "HN7479",
            "columnName": "Values"
        },
        {
            "id": "HN15",
            "hNodeId": "HN15",
            "columnName": "url"
        },
        {
            "id": "HN8946",
            "hNodeId": "HN8946",
            "columnName": "filing_body_uri"
        },
        {
            "id": "HN225",
            "hNodeId": "HN225",
            "columnName": "filing_body"
        },
        {
            "id": "HN83",
            "hNodeId": "HN83",
            "columnName": "name"
        },
        {
            "id": "HN7",
            "hNodeId": "HN7",
            "columnName": "city"
        },
        {
            "id": "HN23",
            "hNodeId": "HN23",
            "columnName": "state"
        },
        {
            "id": "HN29",
            "hNodeId": "HN29",
            "columnName": "values"
        },
        {
            "id": "HN9257",
            "hNodeId": "HN9257",
            "columnName": "role_uri"
        },
        {
            "id": "HN65",
            "hNodeId": "HN65",
            "columnName": "values"
        },
        {
            "id": "HN9222",
            "hNodeId": "HN9222",
            "columnName": "state_uri"
        },
        {
            "id": "HN7476",
            "hNodeId": "HN7476",
            "columnName": "Values"
        }
    ],
    "mappingToSourceColumns": [
        {
            "id": "HN15",
            "sourceColumnId": "HN15"
        },
        {
            "id": "HN29",
            "sourceColumnId": "HN29"
        },
        {
            "id": "HN8980",
            "sourceColumnId": "HN8980"
        },
        {
            "id": "HN7482",
            "sourceColumnId": "HN7482"
        },
        {
            "id": "HN7470",
            "sourceColumnId": "HN7470"
        },
        {
            "id": "HN23",
            "sourceColumnId": "HN23"
        },
        {
            "id": "HN225",
            "sourceColumnId": "HN225"
        },
        {
            "id": "HN9017",
            "sourceColumnId": "HN9017"
        },
        {
            "id": "HN9222",
            "sourceColumnId": "HN9222"
        },
        {
            "id": "HN7",
            "sourceColumnId": "HN7"
        },
        {
            "id": "HN9",
            "sourceColumnId": "HN9"
        },
        {
            "id": "HN65",
            "sourceColumnId": "HN65"
        },
        {
            "id": "HN7476",
            "sourceColumnId": "HN7476"
        },
        {
            "id": "HN9257",
            "sourceColumnId": "HN9257"
        },
        {
            "id": "HN8946",
            "sourceColumnId": "HN8946"
        },
        {
            "id": "HN8501",
            "sourceColumnId": "HN8501"
        },
        {
            "id": "HN83",
            "sourceColumnId": "HN83"
        },
        {
            "id": "HN7479",
            "sourceColumnId": "HN7479"
        }
    ],
    "graph": {
        "nodes": [
            {
                "id": "http://memexproxy.com/ontology/Identifier1",
                "label": {
                    "uri": "http://memexproxy.com/ontology/Identifier"
                },
                "type": "InternalNode",
                "modelIds": null
            },
            {
                "id": "/thesaurus/government_permit/identifier/stateID1",
                "label": {
                    "uri": ""
                },
                "type": "LiteralNode",
                "value": "/thesaurus/government_permit/identifier/stateID",
                "datatype": {
                    "uri": ""
                },
                "isUri": "true",
                "modelIds": null
            },
            {
                "id": "HN7470",
                "label": {
                    "uri": "HN7470"
                },
                "type": "ColumnNode",
                "hNodeId": "HN7470",
                "columnName": "Values",
                "rdfLiteralType": null,
                "userSemanticTypes": [
                    {
                        "hNodeId": "HN7470",
                        "domain": {
                            "uri": "http://memexproxy.com/ontology/Identifier"
                        },
                        "type": {
                            "uri": "http://schema.org/name"
                        },
                        "origin": "User",
                        "confidenceScore": 1.0
                    }
                ],
                "learnedSemanticTypes": null,
                "modelIds": null
            },
            {
                "id": "http://schema.org/GovernmentPermit1",
                "label": {
                    "uri": "http://schema.org/GovernmentPermit"
                },
                "type": "InternalNode",
                "modelIds": null
            },
            {
                "id": "HN8980",
                "label": {
                    "uri": "HN8980"
                },
                "type": "ColumnNode",
                "hNodeId": "HN8980",
                "columnName": "permit_uri",
                "rdfLiteralType": null,
                "userSemanticTypes": [
                    {
                        "hNodeId": "HN8980",
                        "domain": {
                            "uri": "http://schema.org/GovernmentPermit"
                        },
                        "type": {
                            "uri": "http://isi.edu/integration/karma/dev#classLink"
                        },
                        "origin": "User",
                        "confidenceScore": 1.0
                    }
                ],
                "learnedSemanticTypes": null,
                "modelIds": null
            },
            {
                "id": "http://schema.org/Organization1",
                "label": {
                    "uri": "http://schema.org/Organization"
                },
                "type": "InternalNode",
                "modelIds": null
            },
            {
                "id": "http://schema.org/Organization2",
                "label": {
                    "uri": "http://schema.org/Organization"
                },
                "type": "InternalNode",
                "modelIds": null
            },
            {
                "id": "HN7482",
                "label": {
                    "uri": "HN7482"
                },
                "type": "ColumnNode",
                "hNodeId": "HN7482",
                "columnName": "Values",
                "rdfLiteralType": null,
                "userSemanticTypes": [
                    {
                        "hNodeId": "HN7482",
                        "domain": {
                            "uri": "http://schema.org/GovernmentPermit"
                        },
                        "type": {
                            "uri": "http://schema.org/status"
                        },
                        "origin": "User",
                        "confidenceScore": 1.0
                    }
                ],
                "learnedSemanticTypes": null,
                "modelIds": null
            },
            {
                "id": "HN8501",
                "label": {
                    "uri": "HN8501"
                },
                "type": "ColumnNode",
                "hNodeId": "HN8501",
                "columnName": "Values_date_iso",
                "rdfLiteralType": null,
                "userSemanticTypes": [
                    {
                        "hNodeId": "HN8501",
                        "domain": {
                            "uri": "http://schema.org/GovernmentPermit"
                        },
                        "type": {
                            "uri": "http://schema.org/validFrom"
                        },
                        "origin": "User",
                        "confidenceScore": 1.0
                    }
                ],
                "learnedSemanticTypes": null,
                "modelIds": null
            },
            {
                "id": "http://schema.org/State1",
                "label": {
                    "uri": "http://schema.org/State"
                },
                "type": "InternalNode",
                "modelIds": null
            },
            {
                "id": "HN9017",
                "label": {
                    "uri": "HN9017"
                },
                "type": "ColumnNode",
                "hNodeId": "HN9017",
                "columnName": "organization_uri",
                "rdfLiteralType": null,
                "userSemanticTypes": [
                    {
                        "hNodeId": "HN9017",
                        "domain": {
                            "uri": "http://schema.org/Organization"
                        },
                        "type": {
                            "uri": "http://isi.edu/integration/karma/dev#classLink"
                        },
                        "origin": "User",
                        "confidenceScore": 1.0
                    }
                ],
                "learnedSemanticTypes": null,
                "modelIds": null
            },
            {
                "id": "http://schema.org/PostalAddress1",
                "label": {
                    "uri": "http://schema.org/PostalAddress"
                },
                "type": "InternalNode",
                "modelIds": null
            },
            {
                "id": "http://schema.org/Role1",
                "label": {
                    "uri": "http://schema.org/Role"
                },
                "type": "InternalNode",
                "modelIds": null
            },
            {
                "id": "HN9",
                "label": {
                    "uri": "HN9"
                },
                "type": "ColumnNode",
                "hNodeId": "HN9",
                "columnName": "name",
                "rdfLiteralType": null,
                "userSemanticTypes": [
                    {
                        "hNodeId": "HN9",
                        "domain": {
                            "uri": "http://schema.org/Organization"
                        },
                        "type": {
                            "uri": "http://schema.org/legalName"
                        },
                        "origin": "User",
                        "confidenceScore": 1.0
                    }
                ],
                "learnedSemanticTypes": null,
                "modelIds": null
            },
            {
                "id": "HN7479",
                "label": {
                    "uri": "HN7479"
                },
                "type": "ColumnNode",
                "hNodeId": "HN7479",
                "columnName": "Values",
                "rdfLiteralType": null,
                "userSemanticTypes": [
                    {
                        "hNodeId": "HN7479",
                        "domain": {
                            "uri": "http://schema.org/Organization"
                        },
                        "type": {
                            "uri": "http://schema.org/subtype"
                        },
                        "origin": "User",
                        "confidenceScore": 1.0
                    }
                ],
                "learnedSemanticTypes": null,
                "modelIds": null
            },
            {
                "id": "HN15",
                "label": {
                    "uri": "HN15"
                },
                "type": "ColumnNode",
                "hNodeId": "HN15",
                "columnName": "url",
                "rdfLiteralType": null,
                "userSemanticTypes": [
                    {
                        "hNodeId": "HN15",
                        "domain": {
                            "uri": "http://schema.org/Organization"
                        },
                        "type": {
                            "uri": "http://schema.org/url"
                        },
                        "origin": "User",
                        "confidenceScore": 1.0
                    }
                ],
                "learnedSemanticTypes": null,
                "modelIds": null
            },
            {
                "id": "HN8946",
                "label": {
                    "uri": "HN8946"
                },
                "type": "ColumnNode",
                "hNodeId": "HN8946",
                "columnName": "filing_body_uri",
                "rdfLiteralType": null,
                "userSemanticTypes": [
                    {
                        "hNodeId": "HN8946",
                        "domain": {
                            "uri": "http://schema.org/Organization"
                        },
                        "type": {
                            "uri": "http://isi.edu/integration/karma/dev#classLink"
                        },
                        "origin": "User",
                        "confidenceScore": 1.0
                    }
                ],
                "learnedSemanticTypes": null,
                "modelIds": null
            },
            {
                "id": "HN225",
                "label": {
                    "uri": "HN225"
                },
                "type": "ColumnNode",
                "hNodeId": "HN225",
                "columnName": "filing_body",
                "rdfLiteralType": null,
                "userSemanticTypes": [
                    {
                        "hNodeId": "HN225",
                        "domain": {
                            "uri": "http://schema.org/Organization"
                        },
                        "type": {
                            "uri": "http://schema.org/valueName"
                        },
                        "origin": "User",
                        "confidenceScore": 1.0
                    }
                ],
                "learnedSemanticTypes": null,
                "modelIds": null
            },
            {
                "id": "http://schema.org/Person1",
                "label": {
                    "uri": "http://schema.org/Person"
                },
                "type": "InternalNode",
                "modelIds": null
            },
            {
                "id": "HN83",
                "label": {
                    "uri": "HN83"
                },
                "type": "ColumnNode",
                "hNodeId": "HN83",
                "columnName": "name",
                "rdfLiteralType": null,
                "userSemanticTypes": [
                    {
                        "hNodeId": "HN83",
                        "domain": {
                            "uri": "http://schema.org/Person"
                        },
                        "type": {
                            "uri": "http://schema.org/name"
                        },
                        "origin": "User",
                        "confidenceScore": 1.0
                    }
                ],
                "learnedSemanticTypes": null,
                "modelIds": null
            },
            {
                "id": "HN7",
                "label": {
                    "uri": "HN7"
                },
                "type": "ColumnNode",
                "hNodeId": "HN7",
                "columnName": "city",
                "rdfLiteralType": null,
                "userSemanticTypes": [
                    {
                        "hNodeId": "HN7",
                        "domain": {
                            "uri": "http://schema.org/PostalAddress"
                        },
                        "type": {
                            "uri": "http://schema.org/addressLocality"
                        },
                        "origin": "User",
                        "confidenceScore": 1.0
                    }
                ],
                "learnedSemanticTypes": null,
                "modelIds": null
            },
            {
                "id": "HN23",
                "label": {
                    "uri": "HN23"
                },
                "type": "ColumnNode",
                "hNodeId": "HN23",
                "columnName": "state",
                "rdfLiteralType": null,
                "userSemanticTypes": [
                    {
                        "hNodeId": "HN23",
                        "domain": {
                            "uri": "http://schema.org/PostalAddress"
                        },
                        "type": {
                            "uri": "http://schema.org/addressRegion"
                        },
                        "origin": "User",
                        "confidenceScore": 1.0
                    }
                ],
                "learnedSemanticTypes": null,
                "modelIds": null
            },
            {
                "id": "HN29",
                "label": {
                    "uri": "HN29"
                },
                "type": "ColumnNode",
                "hNodeId": "HN29",
                "columnName": "values",
                "rdfLiteralType": null,
                "userSemanticTypes": [
                    {
                        "hNodeId": "HN29",
                        "domain": {
                            "uri": "http://schema.org/PostalAddress"
                        },
                        "type": {
                            "uri": "http://schema.org/name"
                        },
                        "origin": "User",
                        "confidenceScore": 1.0
                    }
                ],
                "learnedSemanticTypes": null,
                "modelIds": null
            },
            {
                "id": "HN9257",
                "label": {
                    "uri": "HN9257"
                },
                "type": "ColumnNode",
                "hNodeId": "HN9257",
                "columnName": "role_uri",
                "rdfLiteralType": null,
                "userSemanticTypes": [
                    {
                        "hNodeId": "HN9257",
                        "domain": {
                            "uri": "http://schema.org/Role"
                        },
                        "type": {
                            "uri": "http://isi.edu/integration/karma/dev#classLink"
                        },
                        "origin": "User",
                        "confidenceScore": 1.0
                    }
                ],
                "learnedSemanticTypes": null,
                "modelIds": null
            },
            {
                "id": "HN65",
                "label": {
                    "uri": "HN65"
                },
                "type": "ColumnNode",
                "hNodeId": "HN65",
                "columnName": "values",
                "rdfLiteralType": null,
                "userSemanticTypes": [
                    {
                        "hNodeId": "HN65",
                        "domain": {
                            "uri": "http://schema.org/Role"
                        },
                        "type": {
                            "uri": "http://memexproxy.com/ontology/hasType"
                        },
                        "origin": "User",
                        "confidenceScore": 1.0
                    }
                ],
                "learnedSemanticTypes": null,
                "modelIds": null
            },
            {
                "id": "HN9222",
                "label": {
                    "uri": "HN9222"
                },
                "type": "ColumnNode",
                "hNodeId": "HN9222",
                "columnName": "state_uri",
                "rdfLiteralType": null,
                "userSemanticTypes": [
                    {
                        "hNodeId": "HN9222",
                        "domain": {
                            "uri": "http://schema.org/State"
                        },
                        "type": {
                            "uri": "http://isi.edu/integration/karma/dev#classLink"
                        },
                        "origin": "User",
                        "confidenceScore": 1.0
                    }
                ],
                "learnedSemanticTypes": null,
                "modelIds": null
            },
            {
                "id": "HN7476",
                "label": {
                    "uri": "HN7476"
                },
                "type": "ColumnNode",
                "hNodeId": "HN7476",
                "columnName": "Values",
                "rdfLiteralType": null,
                "userSemanticTypes": [
                    {
                        "hNodeId": "HN7476",
                        "domain": {
                            "uri": "http://schema.org/State"
                        },
                        "type": {
                            "uri": "http://schema.org/name"
                        },
                        "origin": "User",
                        "confidenceScore": 1.0
                    }
                ],
                "learnedSemanticTypes": null,
                "modelIds": null
            }
        ],
        "links": [
            {
                "id": "http://memexproxy.com/ontology/Identifier1---http://memexproxy.com/ontology/hasType---/thesaurus/government_permit/identifier/stateID1",
                "weight": 0.01,
                "type": "ObjectPropertyLink",
                "label": {
                    "uri": "http://memexproxy.com/ontology/hasType"
                },
                "objectPropertyType": "None",
                "status": "ForcedByUser",
                "keyInfo": "None",
                "modelIds": null
            },
            {
                "id": "http://memexproxy.com/ontology/Identifier1---http://schema.org/name---HN7470",
                "weight": 0.01,
                "type": "DataPropertyLink",
                "label": {
                    "uri": "http://schema.org/name"
                },
                "status": "ForcedByUser",
                "keyInfo": "None",
                "modelIds": null
            },
            {
                "id": "http://schema.org/GovernmentPermit1---http://isi.edu/integration/karma/dev#classLink---HN8980",
                "weight": 0.01,
                "type": "ClassInstanceLink",
                "label": {
                    "uri": "http://isi.edu/integration/karma/dev#classLink"
                },
                "status": "ForcedByUser",
                "keyInfo": "UriOfInstance",
                "modelIds": null
            },
            {
                "id": "http://schema.org/GovernmentPermit1---http://memexproxy.com/ontology/identifier---http://memexproxy.com/ontology/Identifier1",
                "weight": 0.01,
                "type": "ObjectPropertyLink",
                "label": {
                    "uri": "http://memexproxy.com/ontology/identifier"
                },
                "objectPropertyType": "None",
                "status": "ForcedByUser",
                "keyInfo": "None",
                "modelIds": null
            },
            {
                "id": "http://schema.org/GovernmentPermit1---http://schema.org/audience---http://schema.org/Organization1",
                "weight": 0.01,
                "type": "ObjectPropertyLink",
                "label": {
                    "uri": "http://schema.org/audience"
                },
                "objectPropertyType": "None",
                "status": "ForcedByUser",
                "keyInfo": "None",
                "modelIds": null
            },
            {
                "id": "http://schema.org/GovernmentPermit1---http://schema.org/issuedBy---http://schema.org/Organization2",
                "weight": 0.01,
                "type": "ObjectPropertyLink",
                "label": {
                    "uri": "http://schema.org/issuedBy"
                },
                "objectPropertyType": "None",
                "status": "ForcedByUser",
                "keyInfo": "None",
                "modelIds": null
            },
            {
                "id": "http://schema.org/GovernmentPermit1---http://schema.org/status---HN7482",
                "weight": 0.01,
                "type": "DataPropertyLink",
                "label": {
                    "uri": "http://schema.org/status"
                },
                "status": "ForcedByUser",
                "keyInfo": "None",
                "modelIds": null
            },
            {
                "id": "http://schema.org/GovernmentPermit1---http://schema.org/validFrom---HN8501",
                "weight": 0.01,
                "type": "DataPropertyLink",
                "label": {
                    "uri": "http://schema.org/validFrom"
                },
                "status": "ForcedByUser",
                "keyInfo": "None",
                "modelIds": null
            },
            {
                "id": "http://schema.org/GovernmentPermit1---http://schema.org/validIn---http://schema.org/State1",
                "weight": 0.01,
                "type": "ObjectPropertyLink",
                "label": {
                    "uri": "http://schema.org/validIn"
                },
                "objectPropertyType": "None",
                "status": "ForcedByUser",
                "keyInfo": "None",
                "modelIds": null
            },
            {
                "id": "http://schema.org/Organization1---http://isi.edu/integration/karma/dev#classLink---HN9017",
                "weight": 0.01,
                "type": "ClassInstanceLink",
                "label": {
                    "uri": "http://isi.edu/integration/karma/dev#classLink"
                },
                "status": "ForcedByUser",
                "keyInfo": "UriOfInstance",
                "modelIds": null
            },
            {
                "id": "http://schema.org/Organization1---http://schema.org/address---http://schema.org/PostalAddress1",
                "weight": 0.01,
                "type": "ObjectPropertyLink",
                "label": {
                    "uri": "http://schema.org/address"
                },
                "objectPropertyType": "None",
                "status": "ForcedByUser",
                "keyInfo": "None",
                "modelIds": null
            },
            {
                "id": "http://schema.org/Organization1---http://schema.org/employee---http://schema.org/Role1",
                "weight": 0.01,
                "type": "ObjectPropertyLink",
                "label": {
                    "uri": "http://schema.org/employee"
                },
                "objectPropertyType": "None",
                "status": "ForcedByUser",
                "keyInfo": "None",
                "modelIds": null
            },
            {
                "id": "http://schema.org/Organization1---http://schema.org/legalName---HN9",
                "weight": 0.01,
                "type": "DataPropertyLink",
                "label": {
                    "uri": "http://schema.org/legalName"
                },
                "status": "ForcedByUser",
                "keyInfo": "None",
                "modelIds": null
            },
            {
                "id": "http://schema.org/Organization1---http://schema.org/subtype---HN7479",
                "weight": 0.01,
                "type": "DataPropertyLink",
                "label": {
                    "uri": "http://schema.org/subtype"
                },
                "status": "ForcedByUser",
                "keyInfo": "None",
                "modelIds": null
            },
            {
                "id": "http://schema.org/Organization1---http://schema.org/url---HN15",
                "weight": 0.01,
                "type": "DataPropertyLink",
                "label": {
                    "uri": "http://schema.org/url"
                },
                "status": "ForcedByUser",
                "keyInfo": "None",
                "modelIds": null
            },
            {
                "id": "http://schema.org/Organization2---http://isi.edu/integration/karma/dev#classLink---HN8946",
                "weight": 0.01,
                "type": "ClassInstanceLink",
                "label": {
                    "uri": "http://isi.edu/integration/karma/dev#classLink"
                },
                "status": "ForcedByUser",
                "keyInfo": "UriOfInstance",
                "modelIds": null
            },
            {
                "id": "http://schema.org/Organization2---http://schema.org/valueName---HN225",
                "weight": 0.01,
                "type": "DataPropertyLink",
                "label": {
                    "uri": "http://schema.org/valueName"
                },
                "status": "ForcedByUser",
                "keyInfo": "None",
                "modelIds": null
            },
            {
                "id": "http://schema.org/Person1---http://schema.org/name---HN83",
                "weight": 0.01,
                "type": "DataPropertyLink",
                "label": {
                    "uri": "http://schema.org/name"
                },
                "status": "ForcedByUser",
                "keyInfo": "None",
                "modelIds": null
            },
            {
                "id": "http://schema.org/PostalAddress1---http://schema.org/addressLocality---HN7",
                "weight": 0.01,
                "type": "DataPropertyLink",
                "label": {
                    "uri": "http://schema.org/addressLocality"
                },
                "status": "ForcedByUser",
                "keyInfo": "None",
                "modelIds": null
            },
            {
                "id": "http://schema.org/PostalAddress1---http://schema.org/addressRegion---HN23",
                "weight": 0.01,
                "type": "DataPropertyLink",
                "label": {
                    "uri": "http://schema.org/addressRegion"
                },
                "status": "ForcedByUser",
                "keyInfo": "None",
                "modelIds": null
            },
            {
                "id": "http://schema.org/PostalAddress1---http://schema.org/name---HN29",
                "weight": 0.01,
                "type": "DataPropertyLink",
                "label": {
                    "uri": "http://schema.org/name"
                },
                "status": "ForcedByUser",
                "keyInfo": "None",
                "modelIds": null
            },
            {
                "id": "http://schema.org/Role1---http://isi.edu/integration/karma/dev#classLink---HN9257",
                "weight": 0.01,
                "type": "ClassInstanceLink",
                "label": {
                    "uri": "http://isi.edu/integration/karma/dev#classLink"
                },
                "status": "ForcedByUser",
                "keyInfo": "UriOfInstance",
                "modelIds": null
            },
            {
                "id": "http://schema.org/Role1---http://memexproxy.com/ontology/hasType---HN65",
                "weight": 0.01,
                "type": "DataPropertyLink",
                "label": {
                    "uri": "http://memexproxy.com/ontology/hasType"
                },
                "status": "ForcedByUser",
                "keyInfo": "None",
                "modelIds": null
            },
            {
                "id": "http://schema.org/Role1---http://schema.org/employee---http://schema.org/Person1",
                "weight": 0.01,
                "type": "ObjectPropertyLink",
                "label": {
                    "uri": "http://schema.org/employee"
                },
                "objectPropertyType": "None",
                "status": "ForcedByUser",
                "keyInfo": "None",
                "modelIds": null
            },
            {
                "id": "http://schema.org/State1---http://isi.edu/integration/karma/dev#classLink---HN9222",
                "weight": 0.01,
                "type": "ClassInstanceLink",
                "label": {
                    "uri": "http://isi.edu/integration/karma/dev#classLink"
                },
                "status": "ForcedByUser",
                "keyInfo": "UriOfInstance",
                "modelIds": null
            },
            {
                "id": "http://schema.org/State1---http://schema.org/name---HN7476",
                "weight": 0.01,
                "type": "DataPropertyLink",
                "label": {
                    "uri": "http://schema.org/name"
                },
                "status": "ForcedByUser",
                "keyInfo": "None",
                "modelIds": null
            },
            {
                "id": "http://schema.org/Organization1---http://memexproxy.com/ontology/operatingPermit---http://schema.org/GovernmentPermit1",
                "weight": 0.01,
                "type": "ObjectPropertyLink",
                "label": {
                    "uri": "http://memexproxy.com/ontology/operatingPermit"
                },
                "objectPropertyType": "None",
                "status": "ForcedByUser",
                "keyInfo": "None",
                "modelIds": null
            }
        ]
    }
}