{
    "id": "extracted_dallasguns.json",
    "name": "extracted_dallasguns.json",
    "description": null,
    "sourceColumns": [
        {
            "id": "HN31",
            "hNodeId": "HN31",
            "columnName": "listing_id"
        },
        {
            "id": "HN12543",
            "hNodeId": "HN12543",
            "columnName": "Values"
        },
        {
            "id": "HN17493",
            "hNodeId": "HN17493",
            "columnName": "cleanPhone"
        },
        {
            "id": "HN12579",
            "hNodeId": "HN12579",
            "columnName": "Values"
        },
        {
            "id": "HN12173",
            "hNodeId": "HN12173",
            "columnName": "uri"
        },
        {
            "id": "HN33",
            "hNodeId": "HN33",
            "columnName": "description"
        },
        {
            "id": "HN29",
            "hNodeId": "HN29",
            "columnName": "rawtextdetectedlanguage"
        },
        {
            "id": "HN17248",
            "hNodeId": "HN17248",
            "columnName": "cleanPrice"
        },
        {
            "id": "HN17366",
            "hNodeId": "HN17366",
            "columnName": "currency"
        },
        {
            "id": "HN162",
            "hNodeId": "HN162",
            "columnName": "raw_text"
        },
        {
            "id": "HN35",
            "hNodeId": "HN35",
            "columnName": "title"
        },
        {
            "id": "HN37",
            "hNodeId": "HN37",
            "columnName": "url"
        },
        {
            "id": "HN17744",
            "hNodeId": "HN17744",
            "columnName": "organization_uri"
        },
        {
            "id": "HN17615",
            "hNodeId": "HN17615",
            "columnName": "placewithstate"
        },
        {
            "id": "HN12534",
            "hNodeId": "HN12534",
            "columnName": "Values"
        },
        {
            "id": "HN12546",
            "hNodeId": "HN12546",
            "columnName": "Values"
        },
        {
            "id": "HN12537",
            "hNodeId": "HN12537",
            "columnName": "Values"
        }
    ],
    "mappingToSourceColumns": [
        {
            "id": "HN29",
            "sourceColumnId": "HN29"
        },
        {
            "id": "HN35",
            "sourceColumnId": "HN35"
        },
        {
            "id": "HN37",
            "sourceColumnId": "HN37"
        },
        {
            "id": "HN12537",
            "sourceColumnId": "HN12537"
        },
        {
            "id": "HN12546",
            "sourceColumnId": "HN12546"
        },
        {
            "id": "HN17366",
            "sourceColumnId": "HN17366"
        },
        {
            "id": "HN31",
            "sourceColumnId": "HN31"
        },
        {
            "id": "HN17493",
            "sourceColumnId": "HN17493"
        },
        {
            "id": "HN12173",
            "sourceColumnId": "HN12173"
        },
        {
            "id": "HN33",
            "sourceColumnId": "HN33"
        },
        {
            "id": "HN12579",
            "sourceColumnId": "HN12579"
        },
        {
            "id": "HN17615",
            "sourceColumnId": "HN17615"
        },
        {
            "id": "HN17248",
            "sourceColumnId": "HN17248"
        },
        {
            "id": "HN162",
            "sourceColumnId": "HN162"
        },
        {
            "id": "HN17744",
            "sourceColumnId": "HN17744"
        },
        {
            "id": "HN12534",
            "sourceColumnId": "HN12534"
        },
        {
            "id": "HN12543",
            "sourceColumnId": "HN12543"
        }
    ],
    "graph": {
        "nodes": [
            {
                "id": "http://memexproxy.com/ontology/Identifier1",
                "label": {
                    "uri": "http://memexproxy.com/ontology/Identifier"
                },
                "type": "InternalNode",
                "modelIds": null
            },
            {
                "id": "http://dig.isi.edu/weapons/data/thesaurus/identifier/dallasguns1",
                "label": {
                    "uri": ""
                },
                "type": "LiteralNode",
                "value": "http://dig.isi.edu/weapons/data/thesaurus/identifier/dallasguns",
                "datatype": {
                    "uri": ""
                },
                "isUri": "true",
                "modelIds": null
            },
            {
                "id": "HN31",
                "label": {
                    "uri": "HN31"
                },
                "type": "ColumnNode",
                "hNodeId": "HN31",
                "columnName": "listing_id",
                "rdfLiteralType": null,
                "userSemanticTypes": [
                    {
                        "hNodeId": "HN31",
                        "domain": {
                            "uri": "http://memexproxy.com/ontology/Identifier"
                        },
                        "type": {
                            "uri": "http://schema.org/name"
                        },
                        "origin": "User",
                        "confidenceScore": 1.0
                    }
                ],
                "learnedSemanticTypes": null,
                "modelIds": null
            },
            {
                "id": "http://memexproxy.com/ontology/PersonOrOrganization1",
                "label": {
                    "uri": "http://memexproxy.com/ontology/PersonOrOrganization"
                },
                "type": "InternalNode",
                "modelIds": null
            },
            {
                "id": "http://schema.org/ContactPoint1",
                "label": {
                    "uri": "http://schema.org/ContactPoint"
                },
                "type": "InternalNode",
                "modelIds": null
            },
            {
                "id": "HN12543",
                "label": {
                    "uri": "HN12543"
                },
                "type": "ColumnNode",
                "hNodeId": "HN12543",
                "columnName": "Values",
                "rdfLiteralType": null,
                "userSemanticTypes": [
                    {
                        "hNodeId": "HN12543",
                        "domain": {
                            "uri": "http://memexproxy.com/ontology/PersonOrOrganization"
                        },
                        "type": {
                            "uri": "http://schema.org/description"
                        },
                        "origin": "User",
                        "confidenceScore": 1.0
                    }
                ],
                "learnedSemanticTypes": null,
                "modelIds": null
            },
            {
                "id": "http://schema.org/OrganizationRole1",
                "label": {
                    "uri": "http://schema.org/OrganizationRole"
                },
                "type": "InternalNode",
                "modelIds": null
            },
            {
                "id": "http://memexproxy.com/ontology/PhoneNumber1",
                "label": {
                    "uri": "http://memexproxy.com/ontology/PhoneNumber"
                },
                "type": "InternalNode",
                "modelIds": null
            },
            {
                "id": "HN17493",
                "label": {
                    "uri": "HN17493"
                },
                "type": "ColumnNode",
                "hNodeId": "HN17493",
                "columnName": "cleanPhone",
                "rdfLiteralType": null,
                "userSemanticTypes": [
                    {
                        "hNodeId": "HN17493",
                        "domain": {
                            "uri": "http://memexproxy.com/ontology/PhoneNumber"
                        },
                        "type": {
                            "uri": "http://schema.org/name"
                        },
                        "origin": "User",
                        "confidenceScore": 1.0
                    }
                ],
                "learnedSemanticTypes": null,
                "modelIds": null
            },
            {
                "id": "HN12579",
                "label": {
                    "uri": "HN12579"
                },
                "type": "ColumnNode",
                "hNodeId": "HN12579",
                "columnName": "Values",
                "rdfLiteralType": null,
                "userSemanticTypes": [
                    {
                        "hNodeId": "HN12579",
                        "domain": {
                            "uri": "http://schema.org/ContactPoint"
                        },
                        "type": {
                            "uri": "http://schema.org/name"
                        },
                        "origin": "User",
                        "confidenceScore": 1.0
                    }
                ],
                "learnedSemanticTypes": null,
                "modelIds": null
            },
            {
                "id": "http://schema.org/Offer1",
                "label": {
                    "uri": "http://schema.org/Offer"
                },
                "type": "InternalNode",
                "modelIds": null
            },
            {
                "id": "HN12173",
                "label": {
                    "uri": "HN12173"
                },
                "type": "ColumnNode",
                "hNodeId": "HN12173",
                "columnName": "uri",
                "rdfLiteralType": null,
                "userSemanticTypes": [
                    {
                        "hNodeId": "HN12173",
                        "domain": {
                            "uri": "http://schema.org/Offer"
                        },
                        "type": {
                            "uri": "http://isi.edu/integration/karma/dev#classLink"
                        },
                        "origin": "User",
                        "confidenceScore": 1.0
                    }
                ],
                "learnedSemanticTypes": null,
                "modelIds": null
            },
            {
                "id": "http://schema.org/Place1",
                "label": {
                    "uri": "http://schema.org/Place"
                },
                "type": "InternalNode",
                "modelIds": null
            },
            {
                "id": "HN33",
                "label": {
                    "uri": "HN33"
                },
                "type": "ColumnNode",
                "hNodeId": "HN33",
                "columnName": "description",
                "rdfLiteralType": null,
                "userSemanticTypes": [
                    {
                        "hNodeId": "HN33",
                        "domain": {
                            "uri": "http://schema.org/Offer"
                        },
                        "type": {
                            "uri": "http://schema.org/description"
                        },
                        "origin": "User",
                        "confidenceScore": 1.0
                    }
                ],
                "learnedSemanticTypes": null,
                "modelIds": null
            },
            {
                "id": "HN29",
                "label": {
                    "uri": "HN29"
                },
                "type": "ColumnNode",
                "hNodeId": "HN29",
                "columnName": "rawtextdetectedlanguage",
                "rdfLiteralType": null,
                "userSemanticTypes": [
                    {
                        "hNodeId": "HN29",
                        "domain": {
                            "uri": "http://schema.org/Offer"
                        },
                        "type": {
                            "uri": "http://schema.org/inLanguage"
                        },
                        "origin": "User",
                        "confidenceScore": 1.0
                    }
                ],
                "learnedSemanticTypes": null,
                "modelIds": null
            },
            {
                "id": "http://schema.org/Product1",
                "label": {
                    "uri": "http://schema.org/Product"
                },
                "type": "InternalNode",
                "modelIds": null
            },
            {
                "id": "HN17248",
                "label": {
                    "uri": "HN17248"
                },
                "type": "ColumnNode",
                "hNodeId": "HN17248",
                "columnName": "cleanPrice",
                "rdfLiteralType": {
                    "uri": "http://www.w3.org/2001/XMLSchema#decimal"
                },
                "userSemanticTypes": [
                    {
                        "hNodeId": "HN17248",
                        "domain": {
                            "uri": "http://schema.org/Offer"
                        },
                        "type": {
                            "uri": "http://schema.org/price"
                        },
                        "origin": "User",
                        "confidenceScore": 1.0
                    }
                ],
                "learnedSemanticTypes": null,
                "modelIds": null
            },
            {
                "id": "HN17366",
                "label": {
                    "uri": "HN17366"
                },
                "type": "ColumnNode",
                "hNodeId": "HN17366",
                "columnName": "currency",
                "rdfLiteralType": null,
                "userSemanticTypes": [
                    {
                        "hNodeId": "HN17366",
                        "domain": {
                            "uri": "http://schema.org/Offer"
                        },
                        "type": {
                            "uri": "http://schema.org/priceCurrency"
                        },
                        "origin": "User",
                        "confidenceScore": 1.0
                    }
                ],
                "learnedSemanticTypes": null,
                "modelIds": null
            },
            {
                "id": "http://schema.org/Organization1",
                "label": {
                    "uri": "http://schema.org/Organization"
                },
                "type": "InternalNode",
                "modelIds": null
            },
            {
                "id": "HN162",
                "label": {
                    "uri": "HN162"
                },
                "type": "ColumnNode",
                "hNodeId": "HN162",
                "columnName": "raw_text",
                "rdfLiteralType": null,
                "userSemanticTypes": [
                    {
                        "hNodeId": "HN162",
                        "domain": {
                            "uri": "http://schema.org/Offer"
                        },
                        "type": {
                            "uri": "http://schema.org/text"
                        },
                        "origin": "User",
                        "confidenceScore": 1.0
                    }
                ],
                "learnedSemanticTypes": null,
                "modelIds": null
            },
            {
                "id": "HN35",
                "label": {
                    "uri": "HN35"
                },
                "type": "ColumnNode",
                "hNodeId": "HN35",
                "columnName": "title",
                "rdfLiteralType": null,
                "userSemanticTypes": [
                    {
                        "hNodeId": "HN35",
                        "domain": {
                            "uri": "http://schema.org/Offer"
                        },
                        "type": {
                            "uri": "http://schema.org/title"
                        },
                        "origin": "User",
                        "confidenceScore": 1.0
                    }
                ],
                "learnedSemanticTypes": null,
                "modelIds": null
            },
            {
                "id": "HN37",
                "label": {
                    "uri": "HN37"
                },
                "type": "ColumnNode",
                "hNodeId": "HN37",
                "columnName": "url",
                "rdfLiteralType": null,
                "userSemanticTypes": [
                    {
                        "hNodeId": "HN37",
                        "domain": {
                            "uri": "http://schema.org/Offer"
                        },
                        "type": {
                            "uri": "http://schema.org/url"
                        },
                        "origin": "User",
                        "confidenceScore": 1.0
                    }
                ],
                "learnedSemanticTypes": null,
                "modelIds": null
            },
            {
                "id": "HN17744",
                "label": {
                    "uri": "HN17744"
                },
                "type": "ColumnNode",
                "hNodeId": "HN17744",
                "columnName": "organization_uri",
                "rdfLiteralType": null,
                "userSemanticTypes": [
                    {
                        "hNodeId": "HN17744",
                        "domain": {
                            "uri": "http://schema.org/Organization"
                        },
                        "type": {
                            "uri": "http://isi.edu/integration/karma/dev#classLink"
                        },
                        "origin": "User",
                        "confidenceScore": 1.0
                    }
                ],
                "learnedSemanticTypes": null,
                "modelIds": null
            },
            {
                "id": "www.dallasguns.com1",
                "label": {
                    "uri": ""
                },
                "type": "LiteralNode",
                "value": "dallasguns.com",
                "datatype": {
                    "uri": ""
                },
                "isUri": "false",
                "modelIds": null
            },
            {
                "id": "http://schema.org/PostalAddress1",
                "label": {
                    "uri": "http://schema.org/PostalAddress"
                },
                "type": "InternalNode",
                "modelIds": null
            },
            {
                "id": "HN17615",
                "label": {
                    "uri": "HN17615"
                },
                "type": "ColumnNode",
                "hNodeId": "HN17615",
                "columnName": "placewithstate",
                "rdfLiteralType": null,
                "userSemanticTypes": [
                    {
                        "hNodeId": "HN17615",
                        "domain": {
                            "uri": "http://schema.org/PostalAddress"
                        },
                        "type": {
                            "uri": "http://schema.org/name"
                        },
                        "origin": "User",
                        "confidenceScore": 1.0
                    }
                ],
                "learnedSemanticTypes": null,
                "modelIds": null
            },
            {
                "id": "HN12534",
                "label": {
                    "uri": "HN12534"
                },
                "type": "ColumnNode",
                "hNodeId": "HN12534",
                "columnName": "Values",
                "rdfLiteralType": null,
                "userSemanticTypes": [
                    {
                        "hNodeId": "HN12534",
                        "domain": {
                            "uri": "http://schema.org/Product"
                        },
                        "type": {
                            "uri": "http://schema.org/itemCondition"
                        },
                        "origin": "User",
                        "confidenceScore": 1.0
                    }
                ],
                "learnedSemanticTypes": null,
                "modelIds": null
            },
            {
                "id": "HN12546",
                "label": {
                    "uri": "HN12546"
                },
                "type": "ColumnNode",
                "hNodeId": "HN12546",
                "columnName": "Values",
                "rdfLiteralType": null,
                "userSemanticTypes": [
                    {
                        "hNodeId": "HN12546",
                        "domain": {
                            "uri": "http://schema.org/Product"
                        },
                        "type": {
                            "uri": "http://schema.org/manufacturer"
                        },
                        "origin": "User",
                        "confidenceScore": 1.0
                    }
                ],
                "learnedSemanticTypes": null,
                "modelIds": null
            },
            {
                "id": "HN12537",
                "label": {
                    "uri": "HN12537"
                },
                "type": "ColumnNode",
                "hNodeId": "HN12537",
                "columnName": "Values",
                "rdfLiteralType": null,
                "userSemanticTypes": [
                    {
                        "hNodeId": "HN12537",
                        "domain": {
                            "uri": "http://schema.org/Product"
                        },
                        "type": {
                            "uri": "http://schema.org/model"
                        },
                        "origin": "User",
                        "confidenceScore": 1.0
                    }
                ],
                "learnedSemanticTypes": null,
                "modelIds": null
            }
        ],
        "links": [
            {
                "id": "http://memexproxy.com/ontology/Identifier1---http://memexproxy.com/ontology/hasType---http://dig.isi.edu/weapons/data/thesaurus/identifier/dallasguns1",
                "weight": 0.01,
                "type": "ObjectPropertyLink",
                "label": {
                    "uri": "http://memexproxy.com/ontology/hasType"
                },
                "objectPropertyType": "None",
                "status": "ForcedByUser",
                "keyInfo": "None",
                "modelIds": null
            },
            {
                "id": "http://memexproxy.com/ontology/Identifier1---http://schema.org/name---HN31",
                "weight": 0.01,
                "type": "DataPropertyLink",
                "label": {
                    "uri": "http://schema.org/name"
                },
                "status": "ForcedByUser",
                "keyInfo": "None",
                "modelIds": null
            },
            {
                "id": "http://memexproxy.com/ontology/PersonOrOrganization1---http://schema.org/contactPoint---http://schema.org/ContactPoint1",
                "weight": 0.01,
                "type": "ObjectPropertyLink",
                "label": {
                    "uri": "http://schema.org/contactPoint"
                },
                "objectPropertyType": "None",
                "status": "ForcedByUser",
                "keyInfo": "None",
                "modelIds": null
            },
            {
                "id": "http://memexproxy.com/ontology/PersonOrOrganization1---http://schema.org/description---HN12543",
                "weight": 0.01,
                "type": "DataPropertyLink",
                "label": {
                    "uri": "http://schema.org/description"
                },
                "status": "ForcedByUser",
                "keyInfo": "None",
                "modelIds": null
            },
            {
                "id": "http://memexproxy.com/ontology/PersonOrOrganization1---http://schema.org/memberOf---http://schema.org/OrganizationRole1",
                "weight": 0.01,
                "type": "ObjectPropertyLink",
                "label": {
                    "uri": "http://schema.org/memberOf"
                },
                "objectPropertyType": "None",
                "status": "ForcedByUser",
                "keyInfo": "None",
                "modelIds": null
            },
            {
                "id": "http://memexproxy.com/ontology/PhoneNumber1---http://schema.org/name---HN17493",
                "weight": 0.01,
                "type": "DataPropertyLink",
                "label": {
                    "uri": "http://schema.org/name"
                },
                "status": "ForcedByUser",
                "keyInfo": "None",
                "modelIds": null
            },
            {
                "id": "http://schema.org/ContactPoint1---http://schema.org/name---HN12579",
                "weight": 0.01,
                "type": "DataPropertyLink",
                "label": {
                    "uri": "http://schema.org/name"
                },
                "status": "ForcedByUser",
                "keyInfo": "None",
                "modelIds": null
            },
            {
                "id": "http://schema.org/ContactPoint1---http://schema.org/telephone---http://memexproxy.com/ontology/PhoneNumber1",
                "weight": 0.01,
                "type": "ObjectPropertyLink",
                "label": {
                    "uri": "http://schema.org/telephone"
                },
                "objectPropertyType": "None",
                "status": "ForcedByUser",
                "keyInfo": "None",
                "modelIds": null
            },
            {
                "id": "http://schema.org/Offer1---http://isi.edu/integration/karma/dev#classLink---HN12173",
                "weight": 0.01,
                "type": "ClassInstanceLink",
                "label": {
                    "uri": "http://isi.edu/integration/karma/dev#classLink"
                },
                "status": "ForcedByUser",
                "keyInfo": "UriOfInstance",
                "modelIds": null
            },
            {
                "id": "http://schema.org/Offer1---http://memexproxy.com/ontology/identifier---http://memexproxy.com/ontology/Identifier1",
                "weight": 0.01,
                "type": "ObjectPropertyLink",
                "label": {
                    "uri": "http://memexproxy.com/ontology/identifier"
                },
                "objectPropertyType": "None",
                "status": "ForcedByUser",
                "keyInfo": "None",
                "modelIds": null
            },
            {
                "id": "http://schema.org/Offer1---http://schema.org/availableAtOrFrom---http://schema.org/Place1",
                "weight": 0.01,
                "type": "ObjectPropertyLink",
                "label": {
                    "uri": "http://schema.org/availableAtOrFrom"
                },
                "objectPropertyType": "None",
                "status": "ForcedByUser",
                "keyInfo": "None",
                "modelIds": null
            },
            {
                "id": "http://schema.org/Offer1---http://schema.org/description---HN33",
                "weight": 0.01,
                "type": "DataPropertyLink",
                "label": {
                    "uri": "http://schema.org/description"
                },
                "status": "ForcedByUser",
                "keyInfo": "None",
                "modelIds": null
            },
            {
                "id": "http://schema.org/Offer1---http://schema.org/inLanguage---HN29",
                "weight": 0.01,
                "type": "DataPropertyLink",
                "label": {
                    "uri": "http://schema.org/inLanguage"
                },
                "status": "ForcedByUser",
                "keyInfo": "None",
                "modelIds": null
            },
            {
                "id": "http://schema.org/Offer1---http://schema.org/itemOffered---http://schema.org/Product1",
                "weight": 0.01,
                "type": "ObjectPropertyLink",
                "label": {
                    "uri": "http://schema.org/itemOffered"
                },
                "objectPropertyType": "None",
                "status": "ForcedByUser",
                "keyInfo": "None",
                "modelIds": null
            },
            {
                "id": "http://schema.org/Offer1---http://schema.org/price---HN17248",
                "weight": 0.01,
                "type": "DataPropertyLink",
                "label": {
                    "uri": "http://schema.org/price"
                },
                "status": "ForcedByUser",
                "keyInfo": "None",
                "modelIds": null
            },
            {
                "id": "http://schema.org/Offer1---http://schema.org/priceCurrency---HN17366",
                "weight": 0.01,
                "type": "DataPropertyLink",
                "label": {
                    "uri": "http://schema.org/priceCurrency"
                },
                "status": "ForcedByUser",
                "keyInfo": "None",
                "modelIds": null
            },
            {
                "id": "http://schema.org/Offer1---http://schema.org/publisher---http://schema.org/Organization1",
                "weight": 0.01,
                "type": "ObjectPropertyLink",
                "label": {
                    "uri": "http://schema.org/publisher"
                },
                "objectPropertyType": "None",
                "status": "ForcedByUser",
                "keyInfo": "None",
                "modelIds": null
            },
            {
                "id": "http://schema.org/Offer1---http://schema.org/text---HN162",
                "weight": 0.01,
                "type": "DataPropertyLink",
                "label": {
                    "uri": "http://schema.org/text"
                },
                "status": "ForcedByUser",
                "keyInfo": "None",
                "modelIds": null
            },
            {
                "id": "http://schema.org/Offer1---http://schema.org/title---HN35",
                "weight": 0.01,
                "type": "DataPropertyLink",
                "label": {
                    "uri": "http://schema.org/title"
                },
                "status": "ForcedByUser",
                "keyInfo": "None",
                "modelIds": null
            },
            {
                "id": "http://schema.org/Offer1---http://schema.org/url---HN37",
                "weight": 0.01,
                "type": "DataPropertyLink",
                "label": {
                    "uri": "http://schema.org/url"
                },
                "status": "ForcedByUser",
                "keyInfo": "None",
                "modelIds": null
            },
            {
                "id": "http://schema.org/Organization1---http://isi.edu/integration/karma/dev#classLink---HN17744",
                "weight": 0.01,
                "type": "ClassInstanceLink",
                "label": {
                    "uri": "http://isi.edu/integration/karma/dev#classLink"
                },
                "status": "ForcedByUser",
                "keyInfo": "UriOfInstance",
                "modelIds": null
            },
            {
                "id": "http://schema.org/Organization1---http://schema.org/name---www.dallasguns.com1",
                "weight": 0.01,
                "type": "ObjectPropertyLink",
                "label": {
                    "uri": "http://schema.org/name"
                },
                "objectPropertyType": "None",
                "status": "ForcedByUser",
                "keyInfo": "None",
                "modelIds": null
            },
            {
                "id": "http://schema.org/OrganizationRole1---http://schema.org/memberOf---http://schema.org/Organization1",
                "weight": 0.01,
                "type": "ObjectPropertyLink",
                "label": {
                    "uri": "http://schema.org/memberOf"
                },
                "objectPropertyType": "None",
                "status": "ForcedByUser",
                "keyInfo": "None",
                "modelIds": null
            },
            {
                "id": "http://schema.org/Place1---http://schema.org/address---http://schema.org/PostalAddress1",
                "weight": 0.01,
                "type": "ObjectPropertyLink",
                "label": {
                    "uri": "http://schema.org/address"
                },
                "objectPropertyType": "None",
                "status": "ForcedByUser",
                "keyInfo": "None",
                "modelIds": null
            },
            {
                "id": "http://schema.org/PostalAddress1---http://schema.org/name---HN17615",
                "weight": 0.01,
                "type": "DataPropertyLink",
                "label": {
                    "uri": "http://schema.org/name"
                },
                "status": "ForcedByUser",
                "keyInfo": "None",
                "modelIds": null
            },
            {
                "id": "http://schema.org/Product1---http://schema.org/itemCondition---HN12534",
                "weight": 0.01,
                "type": "DataPropertyLink",
                "label": {
                    "uri": "http://schema.org/itemCondition"
                },
                "status": "ForcedByUser",
                "keyInfo": "None",
                "modelIds": null
            },
            {
                "id": "http://schema.org/Product1---http://schema.org/manufacturer---HN12546",
                "weight": 0.01,
                "type": "DataPropertyLink",
                "label": {
                    "uri": "http://schema.org/manufacturer"
                },
                "status": "ForcedByUser",
                "keyInfo": "None",
                "modelIds": null
            },
            {
                "id": "http://schema.org/Product1---http://schema.org/model---HN12537",
                "weight": 0.01,
                "type": "DataPropertyLink",
                "label": {
                    "uri": "http://schema.org/model"
                },
                "status": "ForcedByUser",
                "keyInfo": "None",
                "modelIds": null
            },
            {
                "id": "http://schema.org/Product1---http://schema.org/offers---http://schema.org/Offer1",
                "weight": 0.01,
                "type": "ObjectPropertyLink",
                "label": {
                    "uri": "http://schema.org/offers"
                },
                "objectPropertyType": "None",
                "status": "ForcedByUser",
                "keyInfo": "None",
                "modelIds": null
            },
            {
                "id": "http://schema.org/Offer1---http://schema.org/seller---http://memexproxy.com/ontology/PersonOrOrganization1",
                "weight": 0.01,
                "type": "ObjectPropertyLink",
                "label": {
                    "uri": "http://schema.org/seller"
                },
                "objectPropertyType": "None",
                "status": "ForcedByUser",
                "keyInfo": "None",
                "modelIds": null
            }
        ]
    }
}