{
    "id": "extracted_velocityworks.json",
    "name": "extracted_velocityworks.json",
    "description": null,
    "sourceColumns": [
        {
            "id": "HN8787",
            "hNodeId": "HN8787",
            "columnName": "Values"
        },
        {
            "id": "HN8672",
            "hNodeId": "HN8672",
            "columnName": "Values"
        },
        {
            "id": "HN11005",
            "hNodeId": "HN11005",
            "columnName": "cleanimgurl"
        },
        {
            "id": "HN12143",
            "hNodeId": "HN12143",
            "columnName": "organizationuri"
        },
        {
            "id": "HN81",
            "hNodeId": "HN81",
            "columnName": "url"
        },
        {
            "id": "HN5",
            "hNodeId": "HN5",
            "columnName": "rawtextdetectedlanguage"
        },
        {
            "id": "HN8651",
            "hNodeId": "HN8651",
            "columnName": "Values"
        },
        {
            "id": "HN8654",
            "hNodeId": "HN8654",
            "columnName": "Values"
        },
        {
            "id": "HN10790",
            "hNodeId": "HN10790",
            "columnName": "cleanPrice"
        },
        {
            "id": "HN114",
            "hNodeId": "HN114",
            "columnName": "raw_text"
        },
        {
            "id": "HN77",
            "hNodeId": "HN77",
            "columnName": "description"
        },
        {
            "id": "HN8663",
            "hNodeId": "HN8663",
            "columnName": "Values"
        },
        {
            "id": "HN10894",
            "hNodeId": "HN10894",
            "columnName": "pricecurrency"
        },
        {
            "id": "HN79",
            "hNodeId": "HN79",
            "columnName": "title"
        },
        {
            "id": "HN8648",
            "hNodeId": "HN8648",
            "columnName": "Values"
        },
        {
            "id": "HN8341",
            "hNodeId": "HN8341",
            "columnName": "uri"
        }
    ],
    "mappingToSourceColumns": [
        {
            "id": "HN8787",
            "sourceColumnId": "HN8787"
        },
        {
            "id": "HN8672",
            "sourceColumnId": "HN8672"
        },
        {
            "id": "HN11005",
            "sourceColumnId": "HN11005"
        },
        {
            "id": "HN12143",
            "sourceColumnId": "HN12143"
        },
        {
            "id": "HN81",
            "sourceColumnId": "HN81"
        },
        {
            "id": "HN5",
            "sourceColumnId": "HN5"
        },
        {
            "id": "HN8651",
            "sourceColumnId": "HN8651"
        },
        {
            "id": "HN8654",
            "sourceColumnId": "HN8654"
        },
        {
            "id": "HN10790",
            "sourceColumnId": "HN10790"
        },
        {
            "id": "HN114",
            "sourceColumnId": "HN114"
        },
        {
            "id": "HN77",
            "sourceColumnId": "HN77"
        },
        {
            "id": "HN8663",
            "sourceColumnId": "HN8663"
        },
        {
            "id": "HN10894",
            "sourceColumnId": "HN10894"
        },
        {
            "id": "HN8648",
            "sourceColumnId": "HN8648"
        },
        {
            "id": "HN79",
            "sourceColumnId": "HN79"
        },
        {
            "id": "HN8341",
            "sourceColumnId": "HN8341"
        }
    ],
    "graph": {
        "nodes": [
            {
                "id": "http://schema.org/Offer1",
                "label": {
                    "uri": "http://schema.org/Offer"
                },
                "type": "InternalNode",
                "modelIds": null
            },
            {
                "id": "http://schema.org/Organization1",
                "label": {
                    "uri": "http://schema.org/Organization"
                },
                "type": "InternalNode",
                "modelIds": null
            },
            {
                "id": "http://schema.org/Product1",
                "label": {
                    "uri": "http://schema.org/Product"
                },
                "type": "InternalNode",
                "modelIds": null
            },
            {
                "id": "http://schema.org/ImageObject1",
                "label": {
                    "uri": "http://schema.org/ImageObject"
                },
                "type": "InternalNode",
                "modelIds": null
            },
            {
                "id": "HN8787",
                "label": {
                    "uri": "HN8787"
                },
                "type": "ColumnNode",
                "hNodeId": "HN8787",
                "columnName": "Values",
                "rdfLiteralType": null,
                "userSemanticTypes": [
                    {
                        "hNodeId": "HN8787",
                        "domain": {
                            "uri": "http://schema.org/Product"
                        },
                        "type": {
                            "uri": "http://schema.org/keywords"
                        },
                        "origin": "User",
                        "confidenceScore": 1.0
                    }
                ],
                "learnedSemanticTypes": null,
                "modelIds": null
            },
            {
                "id": "HN8672",
                "label": {
                    "uri": "HN8672"
                },
                "type": "ColumnNode",
                "hNodeId": "HN8672",
                "columnName": "Values",
                "rdfLiteralType": null,
                "userSemanticTypes": [
                    {
                        "hNodeId": "HN8672",
                        "domain": {
                            "uri": "http://schema.org/Product"
                        },
                        "type": {
                            "uri": "http://schema.org/keywords"
                        },
                        "origin": "User",
                        "confidenceScore": 1.0
                    }
                ],
                "learnedSemanticTypes": null,
                "modelIds": null
            },
            {
                "id": "HN11005",
                "label": {
                    "uri": "HN11005"
                },
                "type": "ColumnNode",
                "hNodeId": "HN11005",
                "columnName": "cleanimgurl",
                "rdfLiteralType": null,
                "userSemanticTypes": [
                    {
                        "hNodeId": "HN11005",
                        "domain": {
                            "uri": "http://schema.org/ImageObject"
                        },
                        "type": {
                            "uri": "http://schema.org/url"
                        },
                        "origin": "User",
                        "confidenceScore": 1.0
                    }
                ],
                "learnedSemanticTypes": null,
                "modelIds": null
            },
            {
                "id": "HN12143",
                "label": {
                    "uri": "HN12143"
                },
                "type": "ColumnNode",
                "hNodeId": "HN12143",
                "columnName": "organizationuri",
                "rdfLiteralType": null,
                "userSemanticTypes": [
                    {
                        "hNodeId": "HN12143",
                        "domain": {
                            "uri": "http://schema.org/Organization"
                        },
                        "type": {
                            "uri": "http://isi.edu/integration/karma/dev#classLink"
                        },
                        "origin": "User",
                        "confidenceScore": 1.0
                    }
                ],
                "learnedSemanticTypes": null,
                "modelIds": null
            },
            {
                "id": "HN81",
                "label": {
                    "uri": "HN81"
                },
                "type": "ColumnNode",
                "hNodeId": "HN81",
                "columnName": "url",
                "rdfLiteralType": null,
                "userSemanticTypes": [
                    {
                        "hNodeId": "HN81",
                        "domain": {
                            "uri": "http://schema.org/Offer"
                        },
                        "type": {
                            "uri": "http://schema.org/url"
                        },
                        "origin": "User",
                        "confidenceScore": 1.0
                    }
                ],
                "learnedSemanticTypes": null,
                "modelIds": null
            },
            {
                "id": "HN5",
                "label": {
                    "uri": "HN5"
                },
                "type": "ColumnNode",
                "hNodeId": "HN5",
                "columnName": "rawtextdetectedlanguage",
                "rdfLiteralType": null,
                "userSemanticTypes": [
                    {
                        "hNodeId": "HN5",
                        "domain": {
                            "uri": "http://schema.org/Offer"
                        },
                        "type": {
                            "uri": "http://schema.org/inLanguage"
                        },
                        "origin": "User",
                        "confidenceScore": 1.0
                    }
                ],
                "learnedSemanticTypes": null,
                "modelIds": null
            },
            {
                "id": "HN8651",
                "label": {
                    "uri": "HN8651"
                },
                "type": "ColumnNode",
                "hNodeId": "HN8651",
                "columnName": "Values",
                "rdfLiteralType": null,
                "userSemanticTypes": [
                    {
                        "hNodeId": "HN8651",
                        "domain": {
                            "uri": "http://schema.org/Product"
                        },
                        "type": {
                            "uri": "http://schema.org/keywords"
                        },
                        "origin": "User",
                        "confidenceScore": 1.0
                    }
                ],
                "learnedSemanticTypes": null,
                "modelIds": null
            },
            {
                "id": "HN8654",
                "label": {
                    "uri": "HN8654"
                },
                "type": "ColumnNode",
                "hNodeId": "HN8654",
                "columnName": "Values",
                "rdfLiteralType": null,
                "userSemanticTypes": [
                    {
                        "hNodeId": "HN8654",
                        "domain": {
                            "uri": "http://schema.org/Product"
                        },
                        "type": {
                            "uri": "http://schema.org/keywords"
                        },
                        "origin": "User",
                        "confidenceScore": 1.0
                    }
                ],
                "learnedSemanticTypes": null,
                "modelIds": null
            },
            {
                "id": "HN10790",
                "label": {
                    "uri": "HN10790"
                },
                "type": "ColumnNode",
                "hNodeId": "HN10790",
                "columnName": "cleanPrice",
                "rdfLiteralType": null,
                "userSemanticTypes": [
                    {
                        "hNodeId": "HN10790",
                        "domain": {
                            "uri": "http://schema.org/Offer"
                        },
                        "type": {
                            "uri": "http://schema.org/price"
                        },
                        "origin": "User",
                        "confidenceScore": 1.0
                    }
                ],
                "learnedSemanticTypes": null,
                "modelIds": null
            },
            {
                "id": "HN114",
                "label": {
                    "uri": "HN114"
                },
                "type": "ColumnNode",
                "hNodeId": "HN114",
                "columnName": "raw_text",
                "rdfLiteralType": null,
                "userSemanticTypes": [
                    {
                        "hNodeId": "HN114",
                        "domain": {
                            "uri": "http://schema.org/Offer"
                        },
                        "type": {
                            "uri": "http://schema.org/text"
                        },
                        "origin": "User",
                        "confidenceScore": 1.0
                    }
                ],
                "learnedSemanticTypes": null,
                "modelIds": null
            },
            {
                "id": "HN77",
                "label": {
                    "uri": "HN77"
                },
                "type": "ColumnNode",
                "hNodeId": "HN77",
                "columnName": "description",
                "rdfLiteralType": null,
                "userSemanticTypes": [
                    {
                        "hNodeId": "HN77",
                        "domain": {
                            "uri": "http://schema.org/Offer"
                        },
                        "type": {
                            "uri": "http://schema.org/description"
                        },
                        "origin": "User",
                        "confidenceScore": 1.0
                    }
                ],
                "learnedSemanticTypes": null,
                "modelIds": null
            },
            {
                "id": "HN8663",
                "label": {
                    "uri": "HN8663"
                },
                "type": "ColumnNode",
                "hNodeId": "HN8663",
                "columnName": "Values",
                "rdfLiteralType": null,
                "userSemanticTypes": [
                    {
                        "hNodeId": "HN8663",
                        "domain": {
                            "uri": "http://schema.org/Product"
                        },
                        "type": {
                            "uri": "http://schema.org/model"
                        },
                        "origin": "User",
                        "confidenceScore": 1.0
                    }
                ],
                "learnedSemanticTypes": null,
                "modelIds": null
            },
            {
                "id": "HN10894",
                "label": {
                    "uri": "HN10894"
                },
                "type": "ColumnNode",
                "hNodeId": "HN10894",
                "columnName": "pricecurrency",
                "rdfLiteralType": null,
                "userSemanticTypes": [
                    {
                        "hNodeId": "HN10894",
                        "domain": {
                            "uri": "http://schema.org/Offer"
                        },
                        "type": {
                            "uri": "http://schema.org/priceCurrency"
                        },
                        "origin": "User",
                        "confidenceScore": 1.0
                    }
                ],
                "learnedSemanticTypes": null,
                "modelIds": null
            },
            {
                "id": "HN79",
                "label": {
                    "uri": "HN79"
                },
                "type": "ColumnNode",
                "hNodeId": "HN79",
                "columnName": "title",
                "rdfLiteralType": null,
                "userSemanticTypes": [
                    {
                        "hNodeId": "HN79",
                        "domain": {
                            "uri": "http://schema.org/Offer"
                        },
                        "type": {
                            "uri": "http://schema.org/title"
                        },
                        "origin": "User",
                        "confidenceScore": 1.0
                    }
                ],
                "learnedSemanticTypes": null,
                "modelIds": null
            },
            {
                "id": "HN8648",
                "label": {
                    "uri": "HN8648"
                },
                "type": "ColumnNode",
                "hNodeId": "HN8648",
                "columnName": "Values",
                "rdfLiteralType": null,
                "userSemanticTypes": [
                    {
                        "hNodeId": "HN8648",
                        "domain": {
                            "uri": "http://schema.org/Product"
                        },
                        "type": {
                            "uri": "http://schema.org/keywords"
                        },
                        "origin": "User",
                        "confidenceScore": 1.0
                    }
                ],
                "learnedSemanticTypes": null,
                "modelIds": null
            },
            {
                "id": "HN8341",
                "label": {
                    "uri": "HN8341"
                },
                "type": "ColumnNode",
                "hNodeId": "HN8341",
                "columnName": "uri",
                "rdfLiteralType": null,
                "userSemanticTypes": [
                    {
                        "hNodeId": "HN8341",
                        "domain": {
                            "uri": "http://schema.org/Offer"
                        },
                        "type": {
                            "uri": "http://isi.edu/integration/karma/dev#classLink"
                        },
                        "origin": "User",
                        "confidenceScore": 1.0
                    }
                ],
                "learnedSemanticTypes": null,
                "modelIds": null
            },
            {
                "id": "velocityworks.net1",
                "label": {
                    "uri": ""
                },
                "type": "LiteralNode",
                "value": "velocityworks.net",
                "datatype": {
                    "uri": ""
                },
                "isUri": "false",
                "modelIds": null
            }
        ],
        "links": [
            {
                "id": "http://schema.org/Offer1---http://schema.org/publisher---http://schema.org/Organization1",
                "weight": 0.009999999776482582,
                "type": "ObjectPropertyLink",
                "label": {
                    "uri": "http://schema.org/publisher"
                },
                "objectPropertyType": "None",
                "status": "ForcedByUser",
                "keyInfo": "None",
                "modelIds": null
            },
            {
                "id": "http://schema.org/Product1---http://schema.org/image---http://schema.org/ImageObject1",
                "weight": 0.009999999776482582,
                "type": "ObjectPropertyLink",
                "label": {
                    "uri": "http://schema.org/image"
                },
                "objectPropertyType": "None",
                "status": "ForcedByUser",
                "keyInfo": "None",
                "modelIds": null
            },
            {
                "id": "http://schema.org/Product1---http://schema.org/offers---http://schema.org/Offer1",
                "weight": 0.009999999776482582,
                "type": "ObjectPropertyLink",
                "label": {
                    "uri": "http://schema.org/offers"
                },
                "objectPropertyType": "None",
                "status": "ForcedByUser",
                "keyInfo": "None",
                "modelIds": null
            },
            {
                "id": "http://schema.org/Product1---http://schema.org/keywords---HN8787",
                "weight": 0.01,
                "type": "DataPropertyLink",
                "label": {
                    "uri": "http://schema.org/keywords"
                },
                "status": "ForcedByUser",
                "keyInfo": "None",
                "modelIds": null
            },
            {
                "id": "http://schema.org/Product1---http://schema.org/keywords---HN8672",
                "weight": 0.01,
                "type": "DataPropertyLink",
                "label": {
                    "uri": "http://schema.org/keywords"
                },
                "status": "ForcedByUser",
                "keyInfo": "None",
                "modelIds": null
            },
            {
                "id": "http://schema.org/ImageObject1---http://schema.org/url---HN11005",
                "weight": 0.01,
                "type": "DataPropertyLink",
                "label": {
                    "uri": "http://schema.org/url"
                },
                "status": "ForcedByUser",
                "keyInfo": "None",
                "modelIds": null
            },
            {
                "id": "http://schema.org/Organization1---http://isi.edu/integration/karma/dev#classLink---HN12143",
                "weight": 0.01,
                "type": "ClassInstanceLink",
                "label": {
                    "uri": "http://isi.edu/integration/karma/dev#classLink"
                },
                "status": "ForcedByUser",
                "keyInfo": "UriOfInstance",
                "modelIds": null
            },
            {
                "id": "http://schema.org/Offer1---http://schema.org/url---HN81",
                "weight": 0.01,
                "type": "DataPropertyLink",
                "label": {
                    "uri": "http://schema.org/url"
                },
                "status": "ForcedByUser",
                "keyInfo": "None",
                "modelIds": null
            },
            {
                "id": "http://schema.org/Offer1---http://schema.org/inLanguage---HN5",
                "weight": 0.01,
                "type": "DataPropertyLink",
                "label": {
                    "uri": "http://schema.org/inLanguage"
                },
                "status": "ForcedByUser",
                "keyInfo": "None",
                "modelIds": null
            },
            {
                "id": "http://schema.org/Product1---http://schema.org/keywords---HN8651",
                "weight": 0.01,
                "type": "DataPropertyLink",
                "label": {
                    "uri": "http://schema.org/keywords"
                },
                "status": "ForcedByUser",
                "keyInfo": "None",
                "modelIds": null
            },
            {
                "id": "http://schema.org/Product1---http://schema.org/keywords---HN8654",
                "weight": 0.01,
                "type": "DataPropertyLink",
                "label": {
                    "uri": "http://schema.org/keywords"
                },
                "status": "ForcedByUser",
                "keyInfo": "None",
                "modelIds": null
            },
            {
                "id": "http://schema.org/Offer1---http://schema.org/price---HN10790",
                "weight": 0.01,
                "type": "DataPropertyLink",
                "label": {
                    "uri": "http://schema.org/price"
                },
                "status": "ForcedByUser",
                "keyInfo": "None",
                "modelIds": null
            },
            {
                "id": "http://schema.org/Offer1---http://schema.org/text---HN114",
                "weight": 0.01,
                "type": "DataPropertyLink",
                "label": {
                    "uri": "http://schema.org/text"
                },
                "status": "ForcedByUser",
                "keyInfo": "None",
                "modelIds": null
            },
            {
                "id": "http://schema.org/Offer1---http://schema.org/description---HN77",
                "weight": 0.01,
                "type": "DataPropertyLink",
                "label": {
                    "uri": "http://schema.org/description"
                },
                "status": "ForcedByUser",
                "keyInfo": "None",
                "modelIds": null
            },
            {
                "id": "http://schema.org/Product1---http://schema.org/model---HN8663",
                "weight": 0.01,
                "type": "DataPropertyLink",
                "label": {
                    "uri": "http://schema.org/model"
                },
                "status": "ForcedByUser",
                "keyInfo": "None",
                "modelIds": null
            },
            {
                "id": "http://schema.org/Offer1---http://schema.org/priceCurrency---HN10894",
                "weight": 0.01,
                "type": "DataPropertyLink",
                "label": {
                    "uri": "http://schema.org/priceCurrency"
                },
                "status": "ForcedByUser",
                "keyInfo": "None",
                "modelIds": null
            },
            {
                "id": "http://schema.org/Offer1---http://schema.org/title---HN79",
                "weight": 0.01,
                "type": "DataPropertyLink",
                "label": {
                    "uri": "http://schema.org/title"
                },
                "status": "ForcedByUser",
                "keyInfo": "None",
                "modelIds": null
            },
            {
                "id": "http://schema.org/Product1---http://schema.org/keywords---HN8648",
                "weight": 0.01,
                "type": "DataPropertyLink",
                "label": {
                    "uri": "http://schema.org/keywords"
                },
                "status": "ForcedByUser",
                "keyInfo": "None",
                "modelIds": null
            },
            {
                "id": "http://schema.org/Offer1---http://isi.edu/integration/karma/dev#classLink---HN8341",
                "weight": 0.01,
                "type": "ClassInstanceLink",
                "label": {
                    "uri": "http://isi.edu/integration/karma/dev#classLink"
                },
                "status": "ForcedByUser",
                "keyInfo": "UriOfInstance",
                "modelIds": null
            },
            {
                "id": "http://schema.org/Organization1---http://schema.org/name---velocityworks.net1",
                "weight": 0.01,
                "type": "ObjectPropertyLink",
                "label": {
                    "uri": "http://schema.org/name"
                },
                "objectPropertyType": "None",
                "status": "ForcedByUser",
                "keyInfo": "None",
                "modelIds": null
            },
            {
                "id": "http://schema.org/Offer1---http://schema.org/itemOffered---http://schema.org/Product1",
                "weight": 0.009999999776482582,
                "type": "ObjectPropertyLink",
                "label": {
                    "uri": "http://schema.org/itemOffered"
                },
                "objectPropertyType": "None",
                "status": "ForcedByUser",
                "keyInfo": "None",
                "modelIds": null
            }
        ]
    }
}