{
    "id": "extracted_elpasoguntrader.json",
    "name": "extracted_elpasoguntrader.json",
    "description": null,
    "sourceColumns": [
        {
            "id": "HN107",
            "hNodeId": "HN107",
            "columnName": "user_id"
        },
        {
            "id": "HN17014",
            "hNodeId": "HN17014",
            "columnName": "personOrOrganization_uri"
        },
        {
            "id": "HN17644",
            "hNodeId": "HN17644",
            "columnName": "org_uri"
        },
        {
            "id": "HN17167",
            "hNodeId": "HN17167",
            "columnName": "clean_phone"
        },
        {
            "id": "HN17798",
            "hNodeId": "HN17798",
            "columnName": "username_2"
        },
        {
            "id": "HN5",
            "hNodeId": "HN5",
            "columnName": "username"
        },
        {
            "id": "HN16536",
            "hNodeId": "HN16536",
            "columnName": "uri"
        },
        {
            "id": "HN109",
            "hNodeId": "HN109",
            "columnName": "description"
        },
        {
            "id": "HN7",
            "hNodeId": "HN7",
            "columnName": "rawtextdetectedlanguage"
        },
        {
            "id": "HN16841",
            "hNodeId": "HN16841",
            "columnName": "cleanPrice"
        },
        {
            "id": "HN16689",
            "hNodeId": "HN16689",
            "columnName": "priceCurrency"
        },
        {
            "id": "HN111",
            "hNodeId": "HN111",
            "columnName": "title"
        },
        {
            "id": "HN113",
            "hNodeId": "HN113",
            "columnName": "url"
        },
        {
            "id": "HN17483",
            "hNodeId": "HN17483",
            "columnName": "organization_uri"
        },
        {
            "id": "HN17329",
            "hNodeId": "HN17329",
            "columnName": "title_2"
        }
    ],
    "mappingToSourceColumns": [
        {
            "id": "HN17644",
            "sourceColumnId": "HN17644"
        },
        {
            "id": "HN17798",
            "sourceColumnId": "HN17798"
        },
        {
            "id": "HN16536",
            "sourceColumnId": "HN16536"
        },
        {
            "id": "HN109",
            "sourceColumnId": "HN109"
        },
        {
            "id": "HN17483",
            "sourceColumnId": "HN17483"
        },
        {
            "id": "HN16689",
            "sourceColumnId": "HN16689"
        },
        {
            "id": "HN17014",
            "sourceColumnId": "HN17014"
        },
        {
            "id": "HN5",
            "sourceColumnId": "HN5"
        },
        {
            "id": "HN107",
            "sourceColumnId": "HN107"
        },
        {
            "id": "HN7",
            "sourceColumnId": "HN7"
        },
        {
            "id": "HN111",
            "sourceColumnId": "HN111"
        },
        {
            "id": "HN16841",
            "sourceColumnId": "HN16841"
        },
        {
            "id": "HN17329",
            "sourceColumnId": "HN17329"
        },
        {
            "id": "HN113",
            "sourceColumnId": "HN113"
        },
        {
            "id": "HN17167",
            "sourceColumnId": "HN17167"
        }
    ],
    "graph": {
        "nodes": [
            {
                "id": "http://memexproxy.com/ontology/Identifier2",
                "label": {
                    "uri": "http://memexproxy.com/ontology/Identifier"
                },
                "type": "InternalNode",
                "modelIds": null
            },
            {
                "id": "http://dig.isi.edu/weapons/data/thesaurus/identifier/elpasogunclassifieds1",
                "label": {
                    "uri": ""
                },
                "type": "LiteralNode",
                "value": "http://dig.isi.edu/weapons/data/thesaurus/identifier/elpasoguntrader",
                "datatype": {
                    "uri": ""
                },
                "isUri": "true",
                "modelIds": null
            },
            {
                "id": "HN107",
                "label": {
                    "uri": "HN107"
                },
                "type": "ColumnNode",
                "hNodeId": "HN107",
                "columnName": "user_id",
                "rdfLiteralType": null,
                "userSemanticTypes": [
                    {
                        "hNodeId": "HN107",
                        "domain": {
                            "uri": "http://memexproxy.com/ontology/Identifier"
                        },
                        "type": {
                            "uri": "http://schema.org/name"
                        },
                        "origin": "User",
                        "confidenceScore": 1.0
                    }
                ],
                "learnedSemanticTypes": null,
                "modelIds": null
            },
            {
                "id": "http://memexproxy.com/ontology/PersonOrOrganization1",
                "label": {
                    "uri": "http://memexproxy.com/ontology/PersonOrOrganization"
                },
                "type": "InternalNode",
                "modelIds": null
            },
            {
                "id": "HN17014",
                "label": {
                    "uri": "HN17014"
                },
                "type": "ColumnNode",
                "hNodeId": "HN17014",
                "columnName": "personOrOrganization_uri",
                "rdfLiteralType": null,
                "userSemanticTypes": [
                    {
                        "hNodeId": "HN17014",
                        "domain": {
                            "uri": "http://memexproxy.com/ontology/PersonOrOrganization"
                        },
                        "type": {
                            "uri": "http://isi.edu/integration/karma/dev#classLink"
                        },
                        "origin": "User",
                        "confidenceScore": 1.0
                    }
                ],
                "learnedSemanticTypes": null,
                "modelIds": null
            },
            {
                "id": "HN17644",
                "label": {
                    "uri": "HN17644"
                },
                "type": "ColumnNode",
                "hNodeId": "HN17644",
                "columnName": "org_uri",
                "rdfLiteralType": null,
                "userSemanticTypes": [
                    {
                        "hNodeId": "HN17644",
                        "domain": {
                            "uri": "http://memexproxy.com/ontology/PersonOrOrganization"
                        },
                        "type": {
                            "uri": "http://isi.edu/integration/karma/dev#classLink"
                        },
                        "origin": "User",
                        "confidenceScore": 1.0
                    }
                ],
                "learnedSemanticTypes": null,
                "modelIds": null
            },
            {
                "id": "http://schema.org/ContactPoint1",
                "label": {
                    "uri": "http://schema.org/ContactPoint"
                },
                "type": "InternalNode",
                "modelIds": null
            },
            {
                "id": "http://schema.org/Organization1",
                "label": {
                    "uri": "http://schema.org/Organization"
                },
                "type": "InternalNode",
                "modelIds": null
            },
            {
                "id": "http://memexproxy.com/ontology/PhoneNumber1",
                "label": {
                    "uri": "http://memexproxy.com/ontology/PhoneNumber"
                },
                "type": "InternalNode",
                "modelIds": null
            },
            {
                "id": "HN17167",
                "label": {
                    "uri": "HN17167"
                },
                "type": "ColumnNode",
                "hNodeId": "HN17167",
                "columnName": "clean_phone",
                "rdfLiteralType": null,
                "userSemanticTypes": [
                    {
                        "hNodeId": "HN17167",
                        "domain": {
                            "uri": "http://memexproxy.com/ontology/PhoneNumber"
                        },
                        "type": {
                            "uri": "http://schema.org/name"
                        },
                        "origin": "User",
                        "confidenceScore": 1.0
                    }
                ],
                "learnedSemanticTypes": null,
                "modelIds": null
            },
            {
                "id": "HN17798",
                "label": {
                    "uri": "HN17798"
                },
                "type": "ColumnNode",
                "hNodeId": "HN17798",
                "columnName": "username_2",
                "rdfLiteralType": null,
                "userSemanticTypes": [
                    {
                        "hNodeId": "HN17798",
                        "domain": {
                            "uri": "http://schema.org/ContactPoint"
                        },
                        "type": {
                            "uri": "http://schema.org/name"
                        },
                        "origin": "User",
                        "confidenceScore": 1.0
                    }
                ],
                "learnedSemanticTypes": null,
                "modelIds": null
            },
            {
                "id": "HN5",
                "label": {
                    "uri": "HN5"
                },
                "type": "ColumnNode",
                "hNodeId": "HN5",
                "columnName": "username",
                "rdfLiteralType": null,
                "userSemanticTypes": [
                    {
                        "hNodeId": "HN5",
                        "domain": {
                            "uri": "http://schema.org/ContactPoint"
                        },
                        "type": {
                            "uri": "http://schema.org/name"
                        },
                        "origin": "User",
                        "confidenceScore": 1.0
                    }
                ],
                "learnedSemanticTypes": null,
                "modelIds": null
            },
            {
                "id": "http://schema.org/Offer1",
                "label": {
                    "uri": "http://schema.org/Offer"
                },
                "type": "InternalNode",
                "modelIds": null
            },
            {
                "id": "HN16536",
                "label": {
                    "uri": "HN16536"
                },
                "type": "ColumnNode",
                "hNodeId": "HN16536",
                "columnName": "uri",
                "rdfLiteralType": null,
                "userSemanticTypes": [
                    {
                        "hNodeId": "HN16536",
                        "domain": {
                            "uri": "http://schema.org/Offer"
                        },
                        "type": {
                            "uri": "http://isi.edu/integration/karma/dev#classLink"
                        },
                        "origin": "User",
                        "confidenceScore": 1.0
                    }
                ],
                "learnedSemanticTypes": null,
                "modelIds": null
            },
            {
                "id": "HN109",
                "label": {
                    "uri": "HN109"
                },
                "type": "ColumnNode",
                "hNodeId": "HN109",
                "columnName": "description",
                "rdfLiteralType": null,
                "userSemanticTypes": [
                    {
                        "hNodeId": "HN109",
                        "domain": {
                            "uri": "http://schema.org/Offer"
                        },
                        "type": {
                            "uri": "http://schema.org/description"
                        },
                        "origin": "User",
                        "confidenceScore": 1.0
                    }
                ],
                "learnedSemanticTypes": null,
                "modelIds": null
            },
            {
                "id": "HN7",
                "label": {
                    "uri": "HN7"
                },
                "type": "ColumnNode",
                "hNodeId": "HN7",
                "columnName": "rawtextdetectedlanguage",
                "rdfLiteralType": null,
                "userSemanticTypes": [
                    {
                        "hNodeId": "HN7",
                        "domain": {
                            "uri": "http://schema.org/Offer"
                        },
                        "type": {
                            "uri": "http://schema.org/inLanguage"
                        },
                        "origin": "User",
                        "confidenceScore": 1.0
                    }
                ],
                "learnedSemanticTypes": null,
                "modelIds": null
            },
            {
                "id": "HN16841",
                "label": {
                    "uri": "HN16841"
                },
                "type": "ColumnNode",
                "hNodeId": "HN16841",
                "columnName": "cleanPrice",
                "rdfLiteralType": {
                    "uri": "http://www.w3.org/2001/XMLSchema#decimal"
                },
                "userSemanticTypes": [
                    {
                        "hNodeId": "HN16841",
                        "domain": {
                            "uri": "http://schema.org/Offer"
                        },
                        "type": {
                            "uri": "http://schema.org/price"
                        },
                        "origin": "User",
                        "confidenceScore": 1.0
                    }
                ],
                "learnedSemanticTypes": null,
                "modelIds": null
            },
            {
                "id": "HN16689",
                "label": {
                    "uri": "HN16689"
                },
                "type": "ColumnNode",
                "hNodeId": "HN16689",
                "columnName": "priceCurrency",
                "rdfLiteralType": null,
                "userSemanticTypes": [
                    {
                        "hNodeId": "HN16689",
                        "domain": {
                            "uri": "http://schema.org/Offer"
                        },
                        "type": {
                            "uri": "http://schema.org/priceCurrency"
                        },
                        "origin": "User",
                        "confidenceScore": 1.0
                    }
                ],
                "learnedSemanticTypes": null,
                "modelIds": null
            },
            {
                "id": "HN111",
                "label": {
                    "uri": "HN111"
                },
                "type": "ColumnNode",
                "hNodeId": "HN111",
                "columnName": "title",
                "rdfLiteralType": null,
                "userSemanticTypes": [
                    {
                        "hNodeId": "HN111",
                        "domain": {
                            "uri": "http://schema.org/Offer"
                        },
                        "type": {
                            "uri": "http://schema.org/title"
                        },
                        "origin": "User",
                        "confidenceScore": 1.0
                    }
                ],
                "learnedSemanticTypes": null,
                "modelIds": null
            },
            {
                "id": "HN113",
                "label": {
                    "uri": "HN113"
                },
                "type": "ColumnNode",
                "hNodeId": "HN113",
                "columnName": "url",
                "rdfLiteralType": null,
                "userSemanticTypes": [
                    {
                        "hNodeId": "HN113",
                        "domain": {
                            "uri": "http://schema.org/Offer"
                        },
                        "type": {
                            "uri": "http://schema.org/url"
                        },
                        "origin": "User",
                        "confidenceScore": 1.0
                    }
                ],
                "learnedSemanticTypes": null,
                "modelIds": null
            },
            {
                "id": "HN17483",
                "label": {
                    "uri": "HN17483"
                },
                "type": "ColumnNode",
                "hNodeId": "HN17483",
                "columnName": "organization_uri",
                "rdfLiteralType": null,
                "userSemanticTypes": [
                    {
                        "hNodeId": "HN17483",
                        "domain": {
                            "uri": "http://schema.org/Organization"
                        },
                        "type": {
                            "uri": "http://isi.edu/integration/karma/dev#classLink"
                        },
                        "origin": "User",
                        "confidenceScore": 1.0
                    }
                ],
                "learnedSemanticTypes": null,
                "modelIds": null
            },
            {
                "id": "elpasoguntrader1",
                "label": {
                    "uri": ""
                },
                "type": "LiteralNode",
                "value": "elpasoguntrader.com",
                "datatype": {
                    "uri": ""
                },
                "isUri": "false",
                "modelIds": null
            },
            {
                "id": "http://schema.org/Product1",
                "label": {
                    "uri": "http://schema.org/Product"
                },
                "type": "InternalNode",
                "modelIds": null
            },
            {
                "id": "HN17329",
                "label": {
                    "uri": "HN17329"
                },
                "type": "ColumnNode",
                "hNodeId": "HN17329",
                "columnName": "title_2",
                "rdfLiteralType": null,
                "userSemanticTypes": [
                    {
                        "hNodeId": "HN17329",
                        "domain": {
                            "uri": "http://schema.org/Product"
                        },
                        "type": {
                            "uri": "http://schema.org/name"
                        },
                        "origin": "User",
                        "confidenceScore": 1.0
                    }
                ],
                "learnedSemanticTypes": null,
                "modelIds": null
            }
        ],
        "links": [
            {
                "id": "http://memexproxy.com/ontology/Identifier2---http://memexproxy.com/ontology/hasType---http://dig.isi.edu/weapons/data/thesaurus/identifier/elpasogunclassifieds1",
                "weight": 0.01,
                "type": "ObjectPropertyLink",
                "label": {
                    "uri": "http://memexproxy.com/ontology/hasType"
                },
                "objectPropertyType": "None",
                "status": "ForcedByUser",
                "keyInfo": "None",
                "modelIds": null
            },
            {
                "id": "http://memexproxy.com/ontology/Identifier2---http://schema.org/name---HN107",
                "weight": 0.01,
                "type": "DataPropertyLink",
                "label": {
                    "uri": "http://schema.org/name"
                },
                "status": "ForcedByUser",
                "keyInfo": "None",
                "modelIds": null
            },
            {
                "id": "http://memexproxy.com/ontology/PersonOrOrganization1---http://isi.edu/integration/karma/dev#classLink---HN17014",
                "weight": 0.01,
                "type": "ClassInstanceLink",
                "label": {
                    "uri": "http://isi.edu/integration/karma/dev#classLink"
                },
                "status": "ForcedByUser",
                "keyInfo": "UriOfInstance",
                "modelIds": null
            },
            {
                "id": "http://memexproxy.com/ontology/PersonOrOrganization1---http://isi.edu/integration/karma/dev#classLink---HN17644",
                "weight": 0.01,
                "type": "ClassInstanceLink",
                "label": {
                    "uri": "http://isi.edu/integration/karma/dev#classLink"
                },
                "status": "ForcedByUser",
                "keyInfo": "UriOfInstance",
                "modelIds": null
            },
            {
                "id": "http://memexproxy.com/ontology/PersonOrOrganization1---http://schema.org/contactPoint---http://schema.org/ContactPoint1",
                "weight": 0.01,
                "type": "ObjectPropertyLink",
                "label": {
                    "uri": "http://schema.org/contactPoint"
                },
                "objectPropertyType": "None",
                "status": "ForcedByUser",
                "keyInfo": "None",
                "modelIds": null
            },
            {
                "id": "http://memexproxy.com/ontology/PersonOrOrganization1---http://schema.org/memberOf---http://schema.org/Organization1",
                "weight": 0.01,
                "type": "ObjectPropertyLink",
                "label": {
                    "uri": "http://schema.org/memberOf"
                },
                "objectPropertyType": "None",
                "status": "ForcedByUser",
                "keyInfo": "None",
                "modelIds": null
            },
            {
                "id": "http://memexproxy.com/ontology/PhoneNumber1---http://schema.org/name---HN17167",
                "weight": 0.01,
                "type": "DataPropertyLink",
                "label": {
                    "uri": "http://schema.org/name"
                },
                "status": "ForcedByUser",
                "keyInfo": "None",
                "modelIds": null
            },
            {
                "id": "http://schema.org/ContactPoint1---http://memexproxy.com/ontology/identifier---http://memexproxy.com/ontology/Identifier2",
                "weight": 0.01,
                "type": "ObjectPropertyLink",
                "label": {
                    "uri": "http://memexproxy.com/ontology/identifier"
                },
                "objectPropertyType": "None",
                "status": "ForcedByUser",
                "keyInfo": "None",
                "modelIds": null
            },
            {
                "id": "http://schema.org/ContactPoint1---http://schema.org/name---HN17798",
                "weight": 0.01,
                "type": "DataPropertyLink",
                "label": {
                    "uri": "http://schema.org/name"
                },
                "status": "ForcedByUser",
                "keyInfo": "None",
                "modelIds": null
            },
            {
                "id": "http://schema.org/ContactPoint1---http://schema.org/name---HN5",
                "weight": 0.01,
                "type": "DataPropertyLink",
                "label": {
                    "uri": "http://schema.org/name"
                },
                "status": "ForcedByUser",
                "keyInfo": "None",
                "modelIds": null
            },
            {
                "id": "http://schema.org/ContactPoint1---http://schema.org/telephone---http://memexproxy.com/ontology/PhoneNumber1",
                "weight": 0.01,
                "type": "ObjectPropertyLink",
                "label": {
                    "uri": "http://schema.org/telephone"
                },
                "objectPropertyType": "None",
                "status": "ForcedByUser",
                "keyInfo": "None",
                "modelIds": null
            },
            {
                "id": "http://schema.org/Offer1---http://isi.edu/integration/karma/dev#classLink---HN16536",
                "weight": 0.01,
                "type": "ClassInstanceLink",
                "label": {
                    "uri": "http://isi.edu/integration/karma/dev#classLink"
                },
                "status": "ForcedByUser",
                "keyInfo": "UriOfInstance",
                "modelIds": null
            },
            {
                "id": "http://schema.org/Offer1---http://schema.org/description---HN109",
                "weight": 0.01,
                "type": "DataPropertyLink",
                "label": {
                    "uri": "http://schema.org/description"
                },
                "status": "ForcedByUser",
                "keyInfo": "None",
                "modelIds": null
            },
            {
                "id": "http://schema.org/Offer1---http://schema.org/inLanguage---HN7",
                "weight": 0.01,
                "type": "DataPropertyLink",
                "label": {
                    "uri": "http://schema.org/inLanguage"
                },
                "status": "ForcedByUser",
                "keyInfo": "None",
                "modelIds": null
            },
            {
                "id": "http://schema.org/Offer1---http://schema.org/price---HN16841",
                "weight": 0.01,
                "type": "DataPropertyLink",
                "label": {
                    "uri": "http://schema.org/price"
                },
                "status": "ForcedByUser",
                "keyInfo": "None",
                "modelIds": null
            },
            {
                "id": "http://schema.org/Offer1---http://schema.org/priceCurrency---HN16689",
                "weight": 0.01,
                "type": "DataPropertyLink",
                "label": {
                    "uri": "http://schema.org/priceCurrency"
                },
                "status": "ForcedByUser",
                "keyInfo": "None",
                "modelIds": null
            },
            {
                "id": "http://schema.org/Offer1---http://schema.org/publisher---http://schema.org/Organization1",
                "weight": 0.01,
                "type": "ObjectPropertyLink",
                "label": {
                    "uri": "http://schema.org/publisher"
                },
                "objectPropertyType": "None",
                "status": "ForcedByUser",
                "keyInfo": "None",
                "modelIds": null
            },
            {
                "id": "http://schema.org/Offer1---http://schema.org/title---HN111",
                "weight": 0.01,
                "type": "DataPropertyLink",
                "label": {
                    "uri": "http://schema.org/title"
                },
                "status": "ForcedByUser",
                "keyInfo": "None",
                "modelIds": null
            },
            {
                "id": "http://schema.org/Offer1---http://schema.org/url---HN113",
                "weight": 0.01,
                "type": "DataPropertyLink",
                "label": {
                    "uri": "http://schema.org/url"
                },
                "status": "ForcedByUser",
                "keyInfo": "None",
                "modelIds": null
            },
            {
                "id": "http://schema.org/Organization1---http://isi.edu/integration/karma/dev#classLink---HN17483",
                "weight": 0.01,
                "type": "ClassInstanceLink",
                "label": {
                    "uri": "http://isi.edu/integration/karma/dev#classLink"
                },
                "status": "ForcedByUser",
                "keyInfo": "UriOfInstance",
                "modelIds": null
            },
            {
                "id": "http://schema.org/Organization1---http://schema.org/name---elpasoguntrader1",
                "weight": 0.01,
                "type": "ObjectPropertyLink",
                "label": {
                    "uri": "http://schema.org/name"
                },
                "objectPropertyType": "None",
                "status": "ForcedByUser",
                "keyInfo": "None",
                "modelIds": null
            },
            {
                "id": "http://schema.org/Product1---http://schema.org/name---HN17329",
                "weight": 0.01,
                "type": "DataPropertyLink",
                "label": {
                    "uri": "http://schema.org/name"
                },
                "status": "ForcedByUser",
                "keyInfo": "None",
                "modelIds": null
            },
            {
                "id": "http://schema.org/Product1---http://schema.org/offers---http://schema.org/Offer1",
                "weight": 0.01,
                "type": "ObjectPropertyLink",
                "label": {
                    "uri": "http://schema.org/offers"
                },
                "objectPropertyType": "None",
                "status": "ForcedByUser",
                "keyInfo": "None",
                "modelIds": null
            },
            {
                "id": "http://schema.org/Offer1---http://schema.org/seller---http://memexproxy.com/ontology/PersonOrOrganization1",
                "weight": 0.01,
                "type": "ObjectPropertyLink",
                "label": {
                    "uri": "http://schema.org/seller"
                },
                "objectPropertyType": "None",
                "status": "ForcedByUser",
                "keyInfo": "None",
                "modelIds": null
            },
            {
                "id": "http://schema.org/Offer1---http://schema.org/itemOffered---http://schema.org/Product1",
                "weight": 0.01,
                "type": "ObjectPropertyLink",
                "label": {
                    "uri": "http://schema.org/itemOffered"
                },
                "objectPropertyType": "None",
                "status": "ForcedByUser",
                "keyInfo": "None",
                "modelIds": null
            }
        ]
    }
}