{
    "id": "extracted_glocktalk.json",
    "name": "extracted_glocktalk.json",
    "description": null,
    "sourceColumns": [
        {
            "id": "HN188",
            "hNodeId": "HN188",
            "columnName": "topic_id"
        },
        {
            "id": "HN1508",
            "hNodeId": "HN1508",
            "columnName": "post_id"
        },
        {
            "id": "HN1489",
            "hNodeId": "HN1489",
            "columnName": "user_id"
        },
        {
            "id": "HN56706",
            "hNodeId": "HN56706",
            "columnName": "post_uri"
        },
        {
            "id": "HN55611",
            "hNodeId": "HN55611",
            "columnName": "iso_date_posted"
        },
        {
            "id": "HN54301",
            "hNodeId": "HN54301",
            "columnName": "uri"
        },
        {
            "id": "HN5",
            "hNodeId": "HN5",
            "columnName": "rawtextdetectedlanguage"
        },
        {
            "id": "HN184",
            "hNodeId": "HN184",
            "columnName": "url"
        },
        {
            "id": "HN58918",
            "hNodeId": "HN58918",
            "columnName": "organizationuri"
        },
        {
            "id": "HN57801",
            "hNodeId": "HN57801",
            "columnName": "user_uri"
        },
        {
            "id": "HN1485",
            "hNodeId": "HN1485",
            "columnName": "username"
        },
        {
            "id": "HN186",
            "hNodeId": "HN186",
            "columnName": "topic_title"
        },
        {
            "id": "HN54516",
            "hNodeId": "HN54516",
            "columnName": "content_clean"
        }
    ],
    "mappingToSourceColumns": [
        {
            "id": "HN58918",
            "sourceColumnId": "HN58918"
        },
        {
            "id": "HN1485",
            "sourceColumnId": "HN1485"
        },
        {
            "id": "HN1489",
            "sourceColumnId": "HN1489"
        },
        {
            "id": "HN56706",
            "sourceColumnId": "HN56706"
        },
        {
            "id": "HN54301",
            "sourceColumnId": "HN54301"
        },
        {
            "id": "HN5",
            "sourceColumnId": "HN5"
        },
        {
            "id": "HN55611",
            "sourceColumnId": "HN55611"
        },
        {
            "id": "HN184",
            "sourceColumnId": "HN184"
        },
        {
            "id": "HN54516",
            "sourceColumnId": "HN54516"
        },
        {
            "id": "HN188",
            "sourceColumnId": "HN188"
        },
        {
            "id": "HN57801",
            "sourceColumnId": "HN57801"
        },
        {
            "id": "HN1508",
            "sourceColumnId": "HN1508"
        },
        {
            "id": "HN186",
            "sourceColumnId": "HN186"
        }
    ],
    "graph": {
        "nodes": [
            {
                "id": "http://memexproxy.com/ontology/Identifier1",
                "label": {
                    "uri": "http://memexproxy.com/ontology/Identifier"
                },
                "type": "InternalNode",
                "modelIds": null
            },
            {
                "id": "http://dig.isi.edu/weapons/data/thesaurus/identifier/glocktalk/thread1",
                "label": {
                    "uri": ""
                },
                "type": "LiteralNode",
                "value": "http://dig.isi.edu/weapons/data/thesaurus/identifier/glocktalk/thread",
                "datatype": {
                    "uri": ""
                },
                "isUri": "true",
                "modelIds": null
            },
            {
                "id": "HN188",
                "label": {
                    "uri": "HN188"
                },
                "type": "ColumnNode",
                "hNodeId": "HN188",
                "columnName": "topic_id",
                "rdfLiteralType": null,
                "userSemanticTypes": [
                    {
                        "hNodeId": "HN188",
                        "domain": {
                            "uri": "http://memexproxy.com/ontology/Identifier"
                        },
                        "type": {
                            "uri": "http://schema.org/name"
                        },
                        "origin": "User",
                        "confidenceScore": 1.0
                    }
                ],
                "learnedSemanticTypes": null,
                "modelIds": null
            },
            {
                "id": "http://memexproxy.com/ontology/Identifier2",
                "label": {
                    "uri": "http://memexproxy.com/ontology/Identifier"
                },
                "type": "InternalNode",
                "modelIds": null
            },
            {
                "id": "http://dig.isi.edu/weapons/data/thesaurus/identifier/glocktalk/post1",
                "label": {
                    "uri": ""
                },
                "type": "LiteralNode",
                "value": "http://dig.isi.edu/weapons/data/thesaurus/identifier/glocktalk/post",
                "datatype": {
                    "uri": ""
                },
                "isUri": "true",
                "modelIds": null
            },
            {
                "id": "HN1508",
                "label": {
                    "uri": "HN1508"
                },
                "type": "ColumnNode",
                "hNodeId": "HN1508",
                "columnName": "post_id",
                "rdfLiteralType": null,
                "userSemanticTypes": [
                    {
                        "hNodeId": "HN1508",
                        "domain": {
                            "uri": "http://memexproxy.com/ontology/Identifier"
                        },
                        "type": {
                            "uri": "http://schema.org/name"
                        },
                        "origin": "User",
                        "confidenceScore": 1.0
                    }
                ],
                "learnedSemanticTypes": null,
                "modelIds": null
            },
            {
                "id": "http://memexproxy.com/ontology/Identifier3",
                "label": {
                    "uri": "http://memexproxy.com/ontology/Identifier"
                },
                "type": "InternalNode",
                "modelIds": null
            },
            {
                "id": "http://dig.isi.edu/weapons/data/thesaurus/identifier/person/glocktalk1",
                "label": {
                    "uri": ""
                },
                "type": "LiteralNode",
                "value": "http://dig.isi.edu/weapons/data/thesaurus/identifier/person/glocktalk",
                "datatype": {
                    "uri": ""
                },
                "isUri": "true",
                "modelIds": null
            },
            {
                "id": "HN1489",
                "label": {
                    "uri": "HN1489"
                },
                "type": "ColumnNode",
                "hNodeId": "HN1489",
                "columnName": "user_id",
                "rdfLiteralType": null,
                "userSemanticTypes": [
                    {
                        "hNodeId": "HN1489",
                        "domain": {
                            "uri": "http://memexproxy.com/ontology/Identifier"
                        },
                        "type": {
                            "uri": "http://schema.org/name"
                        },
                        "origin": "User",
                        "confidenceScore": 1.0
                    }
                ],
                "learnedSemanticTypes": null,
                "modelIds": null
            },
            {
                "id": "http://memexproxy.com/ontology/Post1",
                "label": {
                    "uri": "http://memexproxy.com/ontology/Post"
                },
                "type": "InternalNode",
                "modelIds": null
            },
            {
                "id": "HN56706",
                "label": {
                    "uri": "HN56706"
                },
                "type": "ColumnNode",
                "hNodeId": "HN56706",
                "columnName": "post_uri",
                "rdfLiteralType": null,
                "userSemanticTypes": [
                    {
                        "hNodeId": "HN56706",
                        "domain": {
                            "uri": "http://memexproxy.com/ontology/Post"
                        },
                        "type": {
                            "uri": "http://isi.edu/integration/karma/dev#classLink"
                        },
                        "origin": "User",
                        "confidenceScore": 1.0
                    }
                ],
                "learnedSemanticTypes": null,
                "modelIds": null
            },
            {
                "id": "http://schema.org/WebPageElement2",
                "label": {
                    "uri": "http://schema.org/WebPageElement"
                },
                "type": "InternalNode",
                "modelIds": null
            },
            {
                "id": "http://schema.org/Person1",
                "label": {
                    "uri": "http://schema.org/Person"
                },
                "type": "InternalNode",
                "modelIds": null
            },
            {
                "id": "HN55611",
                "label": {
                    "uri": "HN55611"
                },
                "type": "ColumnNode",
                "hNodeId": "HN55611",
                "columnName": "iso_date_posted",
                "rdfLiteralType": null,
                "userSemanticTypes": [
                    {
                        "hNodeId": "HN55611",
                        "domain": {
                            "uri": "http://memexproxy.com/ontology/Post"
                        },
                        "type": {
                            "uri": "http://schema.org/dateCreated"
                        },
                        "origin": "User",
                        "confidenceScore": 1.0
                    }
                ],
                "learnedSemanticTypes": null,
                "modelIds": null
            },
            {
                "id": "http://memexproxy.com/ontology/Thread1",
                "label": {
                    "uri": "http://memexproxy.com/ontology/Thread"
                },
                "type": "InternalNode",
                "modelIds": null
            },
            {
                "id": "HN54301",
                "label": {
                    "uri": "HN54301"
                },
                "type": "ColumnNode",
                "hNodeId": "HN54301",
                "columnName": "uri",
                "rdfLiteralType": null,
                "userSemanticTypes": [
                    {
                        "hNodeId": "HN54301",
                        "domain": {
                            "uri": "http://memexproxy.com/ontology/Thread"
                        },
                        "type": {
                            "uri": "http://isi.edu/integration/karma/dev#classLink"
                        },
                        "origin": "User",
                        "confidenceScore": 1.0
                    }
                ],
                "learnedSemanticTypes": null,
                "modelIds": null
            },
            {
                "id": "http://schema.org/WebPageElement1",
                "label": {
                    "uri": "http://schema.org/WebPageElement"
                },
                "type": "InternalNode",
                "modelIds": null
            },
            {
                "id": "HN5",
                "label": {
                    "uri": "HN5"
                },
                "type": "ColumnNode",
                "hNodeId": "HN5",
                "columnName": "rawtextdetectedlanguage",
                "rdfLiteralType": null,
                "userSemanticTypes": [
                    {
                        "hNodeId": "HN5",
                        "domain": {
                            "uri": "http://memexproxy.com/ontology/Thread"
                        },
                        "type": {
                            "uri": "http://schema.org/inLanguage"
                        },
                        "origin": "User",
                        "confidenceScore": 1.0
                    }
                ],
                "learnedSemanticTypes": null,
                "modelIds": null
            },
            {
                "id": "http://schema.org/Organization1",
                "label": {
                    "uri": "http://schema.org/Organization"
                },
                "type": "InternalNode",
                "modelIds": null
            },
            {
                "id": "HN184",
                "label": {
                    "uri": "HN184"
                },
                "type": "ColumnNode",
                "hNodeId": "HN184",
                "columnName": "url",
                "rdfLiteralType": null,
                "userSemanticTypes": [
                    {
                        "hNodeId": "HN184",
                        "domain": {
                            "uri": "http://memexproxy.com/ontology/Thread"
                        },
                        "type": {
                            "uri": "http://schema.org/url"
                        },
                        "origin": "User",
                        "confidenceScore": 1.0
                    }
                ],
                "learnedSemanticTypes": null,
                "modelIds": null
            },
            {
                "id": "HN58918",
                "label": {
                    "uri": "HN58918"
                },
                "type": "ColumnNode",
                "hNodeId": "HN58918",
                "columnName": "organizationuri",
                "rdfLiteralType": null,
                "userSemanticTypes": [
                    {
                        "hNodeId": "HN58918",
                        "domain": {
                            "uri": "http://schema.org/Organization"
                        },
                        "type": {
                            "uri": "http://isi.edu/integration/karma/dev#classLink"
                        },
                        "origin": "User",
                        "confidenceScore": 1.0
                    }
                ],
                "learnedSemanticTypes": null,
                "modelIds": null
            },
            {
                "id": "glocktalk.com1",
                "label": {
                    "uri": ""
                },
                "type": "LiteralNode",
                "value": "glocktalk.com",
                "datatype": {
                    "uri": ""
                },
                "isUri": "false",
                "modelIds": null
            },
            {
                "id": "http://schema.org/OrganizationRole1",
                "label": {
                    "uri": "http://schema.org/OrganizationRole"
                },
                "type": "InternalNode",
                "modelIds": null
            },
            {
                "id": "HN57801",
                "label": {
                    "uri": "HN57801"
                },
                "type": "ColumnNode",
                "hNodeId": "HN57801",
                "columnName": "user_uri",
                "rdfLiteralType": null,
                "userSemanticTypes": [
                    {
                        "hNodeId": "HN57801",
                        "domain": {
                            "uri": "http://schema.org/Person"
                        },
                        "type": {
                            "uri": "http://isi.edu/integration/karma/dev#classLink"
                        },
                        "origin": "User",
                        "confidenceScore": 1.0
                    }
                ],
                "learnedSemanticTypes": null,
                "modelIds": null
            },
            {
                "id": "HN1485",
                "label": {
                    "uri": "HN1485"
                },
                "type": "ColumnNode",
                "hNodeId": "HN1485",
                "columnName": "username",
                "rdfLiteralType": null,
                "userSemanticTypes": [
                    {
                        "hNodeId": "HN1485",
                        "domain": {
                            "uri": "http://schema.org/Person"
                        },
                        "type": {
                            "uri": "http://schema.org/name"
                        },
                        "origin": "User",
                        "confidenceScore": 1.0
                    }
                ],
                "learnedSemanticTypes": null,
                "modelIds": null
            },
            {
                "id": "HN186",
                "label": {
                    "uri": "HN186"
                },
                "type": "ColumnNode",
                "hNodeId": "HN186",
                "columnName": "topic_title",
                "rdfLiteralType": null,
                "userSemanticTypes": [
                    {
                        "hNodeId": "HN186",
                        "domain": {
                            "uri": "http://schema.org/WebPageElement"
                        },
                        "type": {
                            "uri": "http://schema.org/text"
                        },
                        "origin": "User",
                        "confidenceScore": 1.0
                    }
                ],
                "learnedSemanticTypes": null,
                "modelIds": null
            },
            {
                "id": "HN54516",
                "label": {
                    "uri": "HN54516"
                },
                "type": "ColumnNode",
                "hNodeId": "HN54516",
                "columnName": "content_clean",
                "rdfLiteralType": null,
                "userSemanticTypes": [
                    {
                        "hNodeId": "HN54516",
                        "domain": {
                            "uri": "http://schema.org/WebPageElement"
                        },
                        "type": {
                            "uri": "http://schema.org/text"
                        },
                        "origin": "User",
                        "confidenceScore": 1.0
                    }
                ],
                "learnedSemanticTypes": null,
                "modelIds": null
            }
        ],
        "links": [
            {
                "id": "http://memexproxy.com/ontology/Identifier1---http://memexproxy.com/ontology/hasType---http://dig.isi.edu/weapons/data/thesaurus/identifier/glocktalk/thread1",
                "weight": 0.01,
                "type": "ObjectPropertyLink",
                "label": {
                    "uri": "http://memexproxy.com/ontology/hasType"
                },
                "objectPropertyType": "None",
                "status": "ForcedByUser",
                "keyInfo": "None",
                "modelIds": null
            },
            {
                "id": "http://memexproxy.com/ontology/Identifier1---http://schema.org/name---HN188",
                "weight": 0.01,
                "type": "DataPropertyLink",
                "label": {
                    "uri": "http://schema.org/name"
                },
                "status": "ForcedByUser",
                "keyInfo": "None",
                "modelIds": null
            },
            {
                "id": "http://memexproxy.com/ontology/Identifier2---http://memexproxy.com/ontology/hasType---http://dig.isi.edu/weapons/data/thesaurus/identifier/glocktalk/post1",
                "weight": 0.01,
                "type": "ObjectPropertyLink",
                "label": {
                    "uri": "http://memexproxy.com/ontology/hasType"
                },
                "objectPropertyType": "None",
                "status": "ForcedByUser",
                "keyInfo": "None",
                "modelIds": null
            },
            {
                "id": "http://memexproxy.com/ontology/Identifier2---http://schema.org/name---HN1508",
                "weight": 0.01,
                "type": "DataPropertyLink",
                "label": {
                    "uri": "http://schema.org/name"
                },
                "status": "ForcedByUser",
                "keyInfo": "None",
                "modelIds": null
            },
            {
                "id": "http://memexproxy.com/ontology/Identifier3---http://memexproxy.com/ontology/hasType---http://dig.isi.edu/weapons/data/thesaurus/identifier/person/glocktalk1",
                "weight": 0.01,
                "type": "ObjectPropertyLink",
                "label": {
                    "uri": "http://memexproxy.com/ontology/hasType"
                },
                "objectPropertyType": "None",
                "status": "ForcedByUser",
                "keyInfo": "None",
                "modelIds": null
            },
            {
                "id": "http://memexproxy.com/ontology/Identifier3---http://schema.org/name---HN1489",
                "weight": 0.01,
                "type": "DataPropertyLink",
                "label": {
                    "uri": "http://schema.org/name"
                },
                "status": "ForcedByUser",
                "keyInfo": "None",
                "modelIds": null
            },
            {
                "id": "http://memexproxy.com/ontology/Post1---http://isi.edu/integration/karma/dev#classLink---HN56706",
                "weight": 0.01,
                "type": "ClassInstanceLink",
                "label": {
                    "uri": "http://isi.edu/integration/karma/dev#classLink"
                },
                "status": "ForcedByUser",
                "keyInfo": "UriOfInstance",
                "modelIds": null
            },
            {
                "id": "http://memexproxy.com/ontology/Post1---http://memexproxy.com/ontology/hasBodyPart---http://schema.org/WebPageElement2",
                "weight": 0.01,
                "type": "ObjectPropertyLink",
                "label": {
                    "uri": "http://memexproxy.com/ontology/hasBodyPart"
                },
                "objectPropertyType": "None",
                "status": "ForcedByUser",
                "keyInfo": "None",
                "modelIds": null
            },
            {
                "id": "http://memexproxy.com/ontology/Post1---http://memexproxy.com/ontology/identifier---http://memexproxy.com/ontology/Identifier2",
                "weight": 0.01,
                "type": "ObjectPropertyLink",
                "label": {
                    "uri": "http://memexproxy.com/ontology/identifier"
                },
                "objectPropertyType": "None",
                "status": "ForcedByUser",
                "keyInfo": "None",
                "modelIds": null
            },
            {
                "id": "http://memexproxy.com/ontology/Post1---http://schema.org/author---http://schema.org/Person1",
                "weight": 0.01,
                "type": "ObjectPropertyLink",
                "label": {
                    "uri": "http://schema.org/author"
                },
                "objectPropertyType": "None",
                "status": "ForcedByUser",
                "keyInfo": "None",
                "modelIds": null
            },
            {
                "id": "http://memexproxy.com/ontology/Post1---http://schema.org/dateCreated---HN55611",
                "weight": 0.01,
                "type": "DataPropertyLink",
                "label": {
                    "uri": "http://schema.org/dateCreated"
                },
                "status": "ForcedByUser",
                "keyInfo": "None",
                "modelIds": null
            },
            {
                "id": "http://memexproxy.com/ontology/Thread1---http://isi.edu/integration/karma/dev#classLink---HN54301",
                "weight": 0.01,
                "type": "ClassInstanceLink",
                "label": {
                    "uri": "http://isi.edu/integration/karma/dev#classLink"
                },
                "status": "ForcedByUser",
                "keyInfo": "UriOfInstance",
                "modelIds": null
            },
            {
                "id": "http://memexproxy.com/ontology/Thread1---http://memexproxy.com/ontology/hasTitlePart---http://schema.org/WebPageElement1",
                "weight": 0.01,
                "type": "ObjectPropertyLink",
                "label": {
                    "uri": "http://memexproxy.com/ontology/hasTitlePart"
                },
                "objectPropertyType": "None",
                "status": "ForcedByUser",
                "keyInfo": "None",
                "modelIds": null
            },
            {
                "id": "http://memexproxy.com/ontology/Thread1---http://memexproxy.com/ontology/identifier---http://memexproxy.com/ontology/Identifier1",
                "weight": 0.01,
                "type": "ObjectPropertyLink",
                "label": {
                    "uri": "http://memexproxy.com/ontology/identifier"
                },
                "objectPropertyType": "None",
                "status": "ForcedByUser",
                "keyInfo": "None",
                "modelIds": null
            },
            {
                "id": "http://memexproxy.com/ontology/Thread1---http://schema.org/inLanguage---HN5",
                "weight": 0.01,
                "type": "DataPropertyLink",
                "label": {
                    "uri": "http://schema.org/inLanguage"
                },
                "status": "ForcedByUser",
                "keyInfo": "None",
                "modelIds": null
            },
            {
                "id": "http://memexproxy.com/ontology/Thread1---http://schema.org/publisher---http://schema.org/Organization1",
                "weight": 0.01,
                "type": "ObjectPropertyLink",
                "label": {
                    "uri": "http://schema.org/publisher"
                },
                "objectPropertyType": "None",
                "status": "ForcedByUser",
                "keyInfo": "None",
                "modelIds": null
            },
            {
                "id": "http://memexproxy.com/ontology/Thread1---http://schema.org/url---HN184",
                "weight": 0.01,
                "type": "DataPropertyLink",
                "label": {
                    "uri": "http://schema.org/url"
                },
                "status": "ForcedByUser",
                "keyInfo": "None",
                "modelIds": null
            },
            {
                "id": "http://schema.org/Organization1---http://isi.edu/integration/karma/dev#classLink---HN58918",
                "weight": 0.01,
                "type": "ClassInstanceLink",
                "label": {
                    "uri": "http://isi.edu/integration/karma/dev#classLink"
                },
                "status": "ForcedByUser",
                "keyInfo": "UriOfInstance",
                "modelIds": null
            },
            {
                "id": "http://schema.org/Organization1---http://schema.org/name---glocktalk.com1",
                "weight": 0.01,
                "type": "ObjectPropertyLink",
                "label": {
                    "uri": "http://schema.org/name"
                },
                "objectPropertyType": "None",
                "status": "ForcedByUser",
                "keyInfo": "None",
                "modelIds": null
            },
            {
                "id": "http://schema.org/OrganizationRole1---http://schema.org/memberOf---http://schema.org/Organization1",
                "weight": 0.01,
                "type": "ObjectPropertyLink",
                "label": {
                    "uri": "http://schema.org/memberOf"
                },
                "objectPropertyType": "None",
                "status": "ForcedByUser",
                "keyInfo": "None",
                "modelIds": null
            },
            {
                "id": "http://schema.org/Person1---http://isi.edu/integration/karma/dev#classLink---HN57801",
                "weight": 0.01,
                "type": "ClassInstanceLink",
                "label": {
                    "uri": "http://isi.edu/integration/karma/dev#classLink"
                },
                "status": "ForcedByUser",
                "keyInfo": "UriOfInstance",
                "modelIds": null
            },
            {
                "id": "http://schema.org/Person1---http://memexproxy.com/ontology/identifier---http://memexproxy.com/ontology/Identifier3",
                "weight": 0.01,
                "type": "ObjectPropertyLink",
                "label": {
                    "uri": "http://memexproxy.com/ontology/identifier"
                },
                "objectPropertyType": "None",
                "status": "ForcedByUser",
                "keyInfo": "None",
                "modelIds": null
            },
            {
                "id": "http://schema.org/Person1---http://schema.org/memberOf---http://schema.org/OrganizationRole1",
                "weight": 0.01,
                "type": "ObjectPropertyLink",
                "label": {
                    "uri": "http://schema.org/memberOf"
                },
                "objectPropertyType": "None",
                "status": "ForcedByUser",
                "keyInfo": "None",
                "modelIds": null
            },
            {
                "id": "http://schema.org/Person1---http://schema.org/name---HN1485",
                "weight": 0.01,
                "type": "DataPropertyLink",
                "label": {
                    "uri": "http://schema.org/name"
                },
                "status": "ForcedByUser",
                "keyInfo": "None",
                "modelIds": null
            },
            {
                "id": "http://schema.org/WebPageElement1---http://schema.org/text---HN186",
                "weight": 0.01,
                "type": "DataPropertyLink",
                "label": {
                    "uri": "http://schema.org/text"
                },
                "status": "ForcedByUser",
                "keyInfo": "None",
                "modelIds": null
            },
            {
                "id": "http://schema.org/WebPageElement2---http://schema.org/text---HN54516",
                "weight": 0.01,
                "type": "DataPropertyLink",
                "label": {
                    "uri": "http://schema.org/text"
                },
                "status": "ForcedByUser",
                "keyInfo": "None",
                "modelIds": null
            },
            {
                "id": "http://schema.org/Person1---http://memexproxy.com/ontology/isAuthorOf---http://memexproxy.com/ontology/Post1",
                "weight": 0.01,
                "type": "ObjectPropertyLink",
                "label": {
                    "uri": "http://memexproxy.com/ontology/isAuthorOf"
                },
                "objectPropertyType": "None",
                "status": "ForcedByUser",
                "keyInfo": "None",
                "modelIds": null
            },
            {
                "id": "http://memexproxy.com/ontology/Post1---http://memexproxy.com/ontology/isPostOf---http://memexproxy.com/ontology/Thread1",
                "weight": 0.01,
                "type": "ObjectPropertyLink",
                "label": {
                    "uri": "http://memexproxy.com/ontology/isPostOf"
                },
                "objectPropertyType": "None",
                "status": "ForcedByUser",
                "keyInfo": "None",
                "modelIds": null
            },
            {
                "id": "http://memexproxy.com/ontology/Thread1---http://memexproxy.com/ontology/hasPost---http://memexproxy.com/ontology/Post1",
                "weight": 0.01,
                "type": "ObjectPropertyLink",
                "label": {
                    "uri": "http://memexproxy.com/ontology/hasPost"
                },
                "objectPropertyType": "None",
                "status": "ForcedByUser",
                "keyInfo": "None",
                "modelIds": null
            }
        ]
    }
}