{
    "id": "extracted_armslist.json",
    "name": "extracted_armslist.json",
    "description": null,
    "sourceColumns": [
        {
            "id": "HN37",
            "hNodeId": "HN37",
            "columnName": "listing_id"
        },
        {
            "id": "HN2606",
            "hNodeId": "HN2606",
            "columnName": "Values"
        },
        {
            "id": "HN4518",
            "hNodeId": "HN4518",
            "columnName": "cleanimgurl"
        },
        {
            "id": "HN1986",
            "hNodeId": "HN1986",
            "columnName": "uri"
        },
        {
            "id": "HN4354",
            "hNodeId": "HN4354",
            "columnName": "transactionType"
        },
        {
            "id": "HN4377",
            "hNodeId": "HN4377",
            "columnName": "transactionActor"
        },
        {
            "id": "HN4431",
            "hNodeId": "HN4431",
            "columnName": "listedOnDate"
        },
        {
            "id": "HN39",
            "hNodeId": "HN39",
            "columnName": "description"
        },
        {
            "id": "HN35",
            "hNodeId": "HN35",
            "columnName": "rawtextdetectedlanguage"
        },
        {
            "id": "HN4477",
            "hNodeId": "HN4477",
            "columnName": "cleanPrice"
        },
        {
            "id": "HN4454",
            "hNodeId": "HN4454",
            "columnName": "currency"
        },
        {
            "id": "HN140",
            "hNodeId": "HN140",
            "columnName": "raw_text"
        },
        {
            "id": "HN41",
            "hNodeId": "HN41",
            "columnName": "title"
        },
        {
            "id": "HN43",
            "hNodeId": "HN43",
            "columnName": "url"
        },
        {
            "id": "HN4721",
            "hNodeId": "HN4721",
            "columnName": "organization_uri"
        },
        {
            "id": "HN4408",
            "hNodeId": "HN4408",
            "columnName": "cleanRegistrationDate"
        },
        {
            "id": "HN4744",
            "hNodeId": "HN4744",
            "columnName": "place_uri"
        },
        {
            "id": "HN2588",
            "hNodeId": "HN2588",
            "columnName": "Values"
        },
        {
            "id": "HN2609",
            "hNodeId": "HN2609",
            "columnName": "Values"
        },
        {
            "id": "HN2263",
            "hNodeId": "HN2263",
            "columnName": "Values"
        },
        {
            "id": "HN2266",
            "hNodeId": "HN2266",
            "columnName": "Values"
        },
        {
            "id": "HN2272",
            "hNodeId": "HN2272",
            "columnName": "Values"
        },
        {
            "id": "HN2269",
            "hNodeId": "HN2269",
            "columnName": "Values"
        }
    ],
    "mappingToSourceColumns": [
        {
            "id": "HN4518",
            "sourceColumnId": "HN4518"
        },
        {
            "id": "HN39",
            "sourceColumnId": "HN39"
        },
        {
            "id": "HN1986",
            "sourceColumnId": "HN1986"
        },
        {
            "id": "HN35",
            "sourceColumnId": "HN35"
        },
        {
            "id": "HN2609",
            "sourceColumnId": "HN2609"
        },
        {
            "id": "HN37",
            "sourceColumnId": "HN37"
        },
        {
            "id": "HN2606",
            "sourceColumnId": "HN2606"
        },
        {
            "id": "HN4408",
            "sourceColumnId": "HN4408"
        },
        {
            "id": "HN4354",
            "sourceColumnId": "HN4354"
        },
        {
            "id": "HN4377",
            "sourceColumnId": "HN4377"
        },
        {
            "id": "HN4431",
            "sourceColumnId": "HN4431"
        },
        {
            "id": "HN4721",
            "sourceColumnId": "HN4721"
        },
        {
            "id": "HN43",
            "sourceColumnId": "HN43"
        },
        {
            "id": "HN2266",
            "sourceColumnId": "HN2266"
        },
        {
            "id": "HN4477",
            "sourceColumnId": "HN4477"
        },
        {
            "id": "HN140",
            "sourceColumnId": "HN140"
        },
        {
            "id": "HN4744",
            "sourceColumnId": "HN4744"
        },
        {
            "id": "HN4454",
            "sourceColumnId": "HN4454"
        },
        {
            "id": "HN41",
            "sourceColumnId": "HN41"
        },
        {
            "id": "HN2272",
            "sourceColumnId": "HN2272"
        },
        {
            "id": "HN2263",
            "sourceColumnId": "HN2263"
        },
        {
            "id": "HN2269",
            "sourceColumnId": "HN2269"
        },
        {
            "id": "HN2588",
            "sourceColumnId": "HN2588"
        }
    ],
    "graph": {
        "nodes": [
            {
                "id": "http://memexproxy.com/ontology/Identifier1",
                "label": {
                    "uri": "http://memexproxy.com/ontology/Identifier"
                },
                "type": "InternalNode",
                "modelIds": null
            },
            {
                "id": "http://dig.isi.edu/weapons/data/thesaurus/identifier/armslist1",
                "label": {
                    "uri": ""
                },
                "type": "LiteralNode",
                "value": "http://dig.isi.edu/weapons/data/thesaurus/identifier/armslist",
                "datatype": {
                    "uri": ""
                },
                "isUri": "true",
                "modelIds": null
            },
            {
                "id": "HN37",
                "label": {
                    "uri": "HN37"
                },
                "type": "ColumnNode",
                "hNodeId": "HN37",
                "columnName": "listing_id",
                "rdfLiteralType": null,
                "userSemanticTypes": [
                    {
                        "hNodeId": "HN37",
                        "domain": {
                            "uri": "http://memexproxy.com/ontology/Identifier"
                        },
                        "type": {
                            "uri": "http://schema.org/name"
                        },
                        "origin": "User",
                        "confidenceScore": 1.0
                    }
                ],
                "learnedSemanticTypes": null,
                "modelIds": null
            },
            {
                "id": "http://memexproxy.com/ontology/PersonOrOrganization1",
                "label": {
                    "uri": "http://memexproxy.com/ontology/PersonOrOrganization"
                },
                "type": "InternalNode",
                "modelIds": null
            },
            {
                "id": "HN2606",
                "label": {
                    "uri": "HN2606"
                },
                "type": "ColumnNode",
                "hNodeId": "HN2606",
                "columnName": "Values",
                "rdfLiteralType": null,
                "userSemanticTypes": [
                    {
                        "hNodeId": "HN2606",
                        "domain": {
                            "uri": "http://memexproxy.com/ontology/PersonOrOrganization"
                        },
                        "type": {
                            "uri": "http://schema.org/description"
                        },
                        "origin": "User",
                        "confidenceScore": 1.0
                    }
                ],
                "learnedSemanticTypes": null,
                "modelIds": null
            },
            {
                "id": "http://schema.org/OrganizationRole1",
                "label": {
                    "uri": "http://schema.org/OrganizationRole"
                },
                "type": "InternalNode",
                "modelIds": null
            },
            {
                "id": "http://schema.org/ImageObject1",
                "label": {
                    "uri": "http://schema.org/ImageObject"
                },
                "type": "InternalNode",
                "modelIds": null
            },
            {
                "id": "HN4518",
                "label": {
                    "uri": "HN4518"
                },
                "type": "ColumnNode",
                "hNodeId": "HN4518",
                "columnName": "cleanimgurl",
                "rdfLiteralType": null,
                "userSemanticTypes": [
                    {
                        "hNodeId": "HN4518",
                        "domain": {
                            "uri": "http://schema.org/ImageObject"
                        },
                        "type": {
                            "uri": "http://schema.org/url"
                        },
                        "origin": "User",
                        "confidenceScore": 1.0
                    }
                ],
                "learnedSemanticTypes": null,
                "modelIds": null
            },
            {
                "id": "http://schema.org/Offer1",
                "label": {
                    "uri": "http://schema.org/Offer"
                },
                "type": "InternalNode",
                "modelIds": null
            },
            {
                "id": "HN1986",
                "label": {
                    "uri": "HN1986"
                },
                "type": "ColumnNode",
                "hNodeId": "HN1986",
                "columnName": "uri",
                "rdfLiteralType": null,
                "userSemanticTypes": [
                    {
                        "hNodeId": "HN1986",
                        "domain": {
                            "uri": "http://schema.org/Offer"
                        },
                        "type": {
                            "uri": "http://isi.edu/integration/karma/dev#classLink"
                        },
                        "origin": "User",
                        "confidenceScore": 1.0
                    }
                ],
                "learnedSemanticTypes": null,
                "modelIds": null
            },
            {
                "id": "HN4354",
                "label": {
                    "uri": "HN4354"
                },
                "type": "ColumnNode",
                "hNodeId": "HN4354",
                "columnName": "transactionType",
                "rdfLiteralType": null,
                "userSemanticTypes": [
                    {
                        "hNodeId": "HN4354",
                        "domain": {
                            "uri": "http://schema.org/Offer"
                        },
                        "type": {
                            "uri": "http://isi.edu/integration/karma/dev#columnSubClassOfLink"
                        },
                        "origin": "User",
                        "confidenceScore": 1.0
                    }
                ],
                "learnedSemanticTypes": null,
                "modelIds": null
            },
            {
                "id": "HN4377",
                "label": {
                    "uri": "HN4377"
                },
                "type": "ColumnNode",
                "hNodeId": "HN4377",
                "columnName": "transactionActor",
                "rdfLiteralType": null,
                "userSemanticTypes": [
                    {
                        "hNodeId": "HN4377",
                        "domain": {
                            "uri": "http://schema.org/Offer"
                        },
                        "type": {
                            "uri": "http://isi.edu/integration/karma/dev#objectPropertySpecialization"
                        },
                        "origin": "User",
                        "confidenceScore": 1.0
                    }
                ],
                "learnedSemanticTypes": null,
                "modelIds": null
            },
            {
                "id": "HN4431",
                "label": {
                    "uri": "HN4431"
                },
                "type": "ColumnNode",
                "hNodeId": "HN4431",
                "columnName": "listedOnDate",
                "rdfLiteralType": null,
                "userSemanticTypes": [
                    {
                        "hNodeId": "HN4431",
                        "domain": {
                            "uri": "http://schema.org/Offer"
                        },
                        "type": {
                            "uri": "http://schema.org/availabilityStarts"
                        },
                        "origin": "User",
                        "confidenceScore": 1.0
                    }
                ],
                "learnedSemanticTypes": null,
                "modelIds": null
            },
            {
                "id": "http://schema.org/Place1",
                "label": {
                    "uri": "http://schema.org/Place"
                },
                "type": "InternalNode",
                "modelIds": null
            },
            {
                "id": "HN39",
                "label": {
                    "uri": "HN39"
                },
                "type": "ColumnNode",
                "hNodeId": "HN39",
                "columnName": "description",
                "rdfLiteralType": null,
                "userSemanticTypes": [
                    {
                        "hNodeId": "HN39",
                        "domain": {
                            "uri": "http://schema.org/Offer"
                        },
                        "type": {
                            "uri": "http://schema.org/description"
                        },
                        "origin": "User",
                        "confidenceScore": 1.0
                    }
                ],
                "learnedSemanticTypes": null,
                "modelIds": null
            },
            {
                "id": "HN35",
                "label": {
                    "uri": "HN35"
                },
                "type": "ColumnNode",
                "hNodeId": "HN35",
                "columnName": "rawtextdetectedlanguage",
                "rdfLiteralType": null,
                "userSemanticTypes": [
                    {
                        "hNodeId": "HN35",
                        "domain": {
                            "uri": "http://schema.org/Offer"
                        },
                        "type": {
                            "uri": "http://schema.org/inLanguage"
                        },
                        "origin": "User",
                        "confidenceScore": 1.0
                    }
                ],
                "learnedSemanticTypes": null,
                "modelIds": null
            },
            {
                "id": "http://schema.org/Product1",
                "label": {
                    "uri": "http://schema.org/Product"
                },
                "type": "InternalNode",
                "modelIds": null
            },
            {
                "id": "HN4477",
                "label": {
                    "uri": "HN4477"
                },
                "type": "ColumnNode",
                "hNodeId": "HN4477",
                "columnName": "cleanPrice",
                "rdfLiteralType": {
                    "uri": "http://www.w3.org/2001/XMLSchema#decimal"
                },
                "userSemanticTypes": [
                    {
                        "hNodeId": "HN4477",
                        "domain": {
                            "uri": "http://schema.org/Offer"
                        },
                        "type": {
                            "uri": "http://schema.org/price"
                        },
                        "origin": "User",
                        "confidenceScore": 1.0
                    }
                ],
                "learnedSemanticTypes": null,
                "modelIds": null
            },
            {
                "id": "HN4454",
                "label": {
                    "uri": "HN4454"
                },
                "type": "ColumnNode",
                "hNodeId": "HN4454",
                "columnName": "currency",
                "rdfLiteralType": null,
                "userSemanticTypes": [
                    {
                        "hNodeId": "HN4454",
                        "domain": {
                            "uri": "http://schema.org/Offer"
                        },
                        "type": {
                            "uri": "http://schema.org/priceCurrency"
                        },
                        "origin": "User",
                        "confidenceScore": 1.0
                    }
                ],
                "learnedSemanticTypes": null,
                "modelIds": null
            },
            {
                "id": "http://schema.org/Organization1",
                "label": {
                    "uri": "http://schema.org/Organization"
                },
                "type": "InternalNode",
                "modelIds": null
            },
            {
                "id": "HN140",
                "label": {
                    "uri": "HN140"
                },
                "type": "ColumnNode",
                "hNodeId": "HN140",
                "columnName": "raw_text",
                "rdfLiteralType": null,
                "userSemanticTypes": [
                    {
                        "hNodeId": "HN140",
                        "domain": {
                            "uri": "http://schema.org/Offer"
                        },
                        "type": {
                            "uri": "http://schema.org/text"
                        },
                        "origin": "User",
                        "confidenceScore": 1.0
                    }
                ],
                "learnedSemanticTypes": null,
                "modelIds": null
            },
            {
                "id": "HN41",
                "label": {
                    "uri": "HN41"
                },
                "type": "ColumnNode",
                "hNodeId": "HN41",
                "columnName": "title",
                "rdfLiteralType": null,
                "userSemanticTypes": [
                    {
                        "hNodeId": "HN41",
                        "domain": {
                            "uri": "http://schema.org/Offer"
                        },
                        "type": {
                            "uri": "http://schema.org/title"
                        },
                        "origin": "User",
                        "confidenceScore": 1.0
                    }
                ],
                "learnedSemanticTypes": null,
                "modelIds": null
            },
            {
                "id": "HN43",
                "label": {
                    "uri": "HN43"
                },
                "type": "ColumnNode",
                "hNodeId": "HN43",
                "columnName": "url",
                "rdfLiteralType": null,
                "userSemanticTypes": [
                    {
                        "hNodeId": "HN43",
                        "domain": {
                            "uri": "http://schema.org/Offer"
                        },
                        "type": {
                            "uri": "http://schema.org/url"
                        },
                        "origin": "User",
                        "confidenceScore": 1.0
                    }
                ],
                "learnedSemanticTypes": null,
                "modelIds": null
            },
            {
                "id": "HN4721",
                "label": {
                    "uri": "HN4721"
                },
                "type": "ColumnNode",
                "hNodeId": "HN4721",
                "columnName": "organization_uri",
                "rdfLiteralType": null,
                "userSemanticTypes": [
                    {
                        "hNodeId": "HN4721",
                        "domain": {
                            "uri": "http://schema.org/Organization"
                        },
                        "type": {
                            "uri": "http://isi.edu/integration/karma/dev#classLink"
                        },
                        "origin": "User",
                        "confidenceScore": 1.0
                    }
                ],
                "learnedSemanticTypes": null,
                "modelIds": null
            },
            {
                "id": "www.armslist.com1",
                "label": {
                    "uri": ""
                },
                "type": "LiteralNode",
                "value": "armslist.com",
                "datatype": {
                    "uri": ""
                },
                "isUri": "false",
                "modelIds": null
            },
            {
                "id": "HN4408",
                "label": {
                    "uri": "HN4408"
                },
                "type": "ColumnNode",
                "hNodeId": "HN4408",
                "columnName": "cleanRegistrationDate",
                "rdfLiteralType": null,
                "userSemanticTypes": [
                    {
                        "hNodeId": "HN4408",
                        "domain": {
                            "uri": "http://schema.org/OrganizationRole"
                        },
                        "type": {
                            "uri": "http://schema.org/startDate"
                        },
                        "origin": "User",
                        "confidenceScore": 1.0
                    }
                ],
                "learnedSemanticTypes": null,
                "modelIds": null
            },
            {
                "id": "HN4744",
                "label": {
                    "uri": "HN4744"
                },
                "type": "ColumnNode",
                "hNodeId": "HN4744",
                "columnName": "place_uri",
                "rdfLiteralType": null,
                "userSemanticTypes": [
                    {
                        "hNodeId": "HN4744",
                        "domain": {
                            "uri": "http://schema.org/Place"
                        },
                        "type": {
                            "uri": "http://isi.edu/integration/karma/dev#classLink"
                        },
                        "origin": "User",
                        "confidenceScore": 1.0
                    }
                ],
                "learnedSemanticTypes": null,
                "modelIds": null
            },
            {
                "id": "http://schema.org/PostalAddress1",
                "label": {
                    "uri": "http://schema.org/PostalAddress"
                },
                "type": "InternalNode",
                "modelIds": null
            },
            {
                "id": "HN2588",
                "label": {
                    "uri": "HN2588"
                },
                "type": "ColumnNode",
                "hNodeId": "HN2588",
                "columnName": "Values",
                "rdfLiteralType": null,
                "userSemanticTypes": [
                    {
                        "hNodeId": "HN2588",
                        "domain": {
                            "uri": "http://schema.org/PostalAddress"
                        },
                        "type": {
                            "uri": "http://schema.org/name"
                        },
                        "origin": "User",
                        "confidenceScore": 1.0
                    }
                ],
                "learnedSemanticTypes": null,
                "modelIds": null
            },
            {
                "id": "HN2609",
                "label": {
                    "uri": "HN2609"
                },
                "type": "ColumnNode",
                "hNodeId": "HN2609",
                "columnName": "Values",
                "rdfLiteralType": null,
                "userSemanticTypes": [
                    {
                        "hNodeId": "HN2609",
                        "domain": {
                            "uri": "http://schema.org/Product"
                        },
                        "type": {
                            "uri": "http://schema.org/category"
                        },
                        "origin": "User",
                        "confidenceScore": 1.0
                    }
                ],
                "learnedSemanticTypes": null,
                "modelIds": null
            },
            {
                "id": "HN2263",
                "label": {
                    "uri": "HN2263"
                },
                "type": "ColumnNode",
                "hNodeId": "HN2263",
                "columnName": "Values",
                "rdfLiteralType": null,
                "userSemanticTypes": [
                    {
                        "hNodeId": "HN2263",
                        "domain": {
                            "uri": "http://schema.org/Product"
                        },
                        "type": {
                            "uri": "http://schema.org/keywords"
                        },
                        "origin": "User",
                        "confidenceScore": 1.0
                    }
                ],
                "learnedSemanticTypes": null,
                "modelIds": null
            },
            {
                "id": "HN2266",
                "label": {
                    "uri": "HN2266"
                },
                "type": "ColumnNode",
                "hNodeId": "HN2266",
                "columnName": "Values",
                "rdfLiteralType": null,
                "userSemanticTypes": [
                    {
                        "hNodeId": "HN2266",
                        "domain": {
                            "uri": "http://schema.org/Product"
                        },
                        "type": {
                            "uri": "http://schema.org/keywords"
                        },
                        "origin": "User",
                        "confidenceScore": 1.0
                    }
                ],
                "learnedSemanticTypes": null,
                "modelIds": null
            },
            {
                "id": "HN2272",
                "label": {
                    "uri": "HN2272"
                },
                "type": "ColumnNode",
                "hNodeId": "HN2272",
                "columnName": "Values",
                "rdfLiteralType": null,
                "userSemanticTypes": [
                    {
                        "hNodeId": "HN2272",
                        "domain": {
                            "uri": "http://schema.org/Product"
                        },
                        "type": {
                            "uri": "http://schema.org/keywords"
                        },
                        "origin": "User",
                        "confidenceScore": 1.0
                    }
                ],
                "learnedSemanticTypes": null,
                "modelIds": null
            },
            {
                "id": "HN2269",
                "label": {
                    "uri": "HN2269"
                },
                "type": "ColumnNode",
                "hNodeId": "HN2269",
                "columnName": "Values",
                "rdfLiteralType": null,
                "userSemanticTypes": [
                    {
                        "hNodeId": "HN2269",
                        "domain": {
                            "uri": "http://schema.org/Product"
                        },
                        "type": {
                            "uri": "http://schema.org/manufacturer"
                        },
                        "origin": "User",
                        "confidenceScore": 1.0
                    }
                ],
                "learnedSemanticTypes": null,
                "modelIds": null
            }
        ],
        "links": [
            {
                "id": "http://memexproxy.com/ontology/Identifier1---http://memexproxy.com/ontology/hasType---http://dig.isi.edu/weapons/data/thesaurus/identifier/armslist1",
                "weight": 0.01,
                "type": "ObjectPropertyLink",
                "label": {
                    "uri": "http://memexproxy.com/ontology/hasType"
                },
                "objectPropertyType": "None",
                "status": "ForcedByUser",
                "keyInfo": "None",
                "modelIds": null
            },
            {
                "id": "http://memexproxy.com/ontology/Identifier1---http://schema.org/name---HN37",
                "weight": 0.01,
                "type": "DataPropertyLink",
                "label": {
                    "uri": "http://schema.org/name"
                },
                "status": "ForcedByUser",
                "keyInfo": "None",
                "modelIds": null
            },
            {
                "id": "http://memexproxy.com/ontology/PersonOrOrganization1---http://schema.org/description---HN2606",
                "weight": 0.01,
                "type": "DataPropertyLink",
                "label": {
                    "uri": "http://schema.org/description"
                },
                "status": "ForcedByUser",
                "keyInfo": "None",
                "modelIds": null
            },
            {
                "id": "http://memexproxy.com/ontology/PersonOrOrganization1---http://schema.org/memberOf---http://schema.org/OrganizationRole1",
                "weight": 0.01,
                "type": "ObjectPropertyLink",
                "label": {
                    "uri": "http://schema.org/memberOf"
                },
                "objectPropertyType": "None",
                "status": "ForcedByUser",
                "keyInfo": "None",
                "modelIds": null
            },
            {
                "id": "http://schema.org/ImageObject1---http://schema.org/url---HN4518",
                "weight": 0.01,
                "type": "DataPropertyLink",
                "label": {
                    "uri": "http://schema.org/url"
                },
                "status": "ForcedByUser",
                "keyInfo": "None",
                "modelIds": null
            },
            {
                "id": "http://schema.org/Offer1---http://isi.edu/integration/karma/dev#classLink---HN1986",
                "weight": 0.01,
                "type": "ClassInstanceLink",
                "label": {
                    "uri": "http://isi.edu/integration/karma/dev#classLink"
                },
                "status": "ForcedByUser",
                "keyInfo": "UriOfInstance",
                "modelIds": null
            },
            {
                "id": "http://schema.org/Offer1---http://isi.edu/integration/karma/dev#columnSubClassOfLink---HN4354",
                "weight": 0.01,
                "type": "ColumnSubClassLink",
                "label": {
                    "uri": "http://isi.edu/integration/karma/dev#columnSubClassOfLink"
                },
                "status": "ForcedByUser",
                "keyInfo": "None",
                "modelIds": null
            },
            {
                "id": "http://schema.org/Offer1---http://isi.edu/integration/karma/dev#objectPropertySpecialization---HN4377",
                "weight": 0.01,
                "type": "ObjectPropertySpecializationLink",
                "label": {
                    "uri": "http://isi.edu/integration/karma/dev#objectPropertySpecialization"
                },
                "specializedLink": "http://schema.org/Offer1---http://schema.org/seller---http://memexproxy.com/ontology/PersonOrOrganization1",
                "status": "ForcedByUser",
                "keyInfo": "None",
                "modelIds": null
            },
            {
                "id": "http://schema.org/Offer1---http://memexproxy.com/ontology/identifier---http://memexproxy.com/ontology/Identifier1",
                "weight": 0.01,
                "type": "ObjectPropertyLink",
                "label": {
                    "uri": "http://memexproxy.com/ontology/identifier"
                },
                "objectPropertyType": "None",
                "status": "ForcedByUser",
                "keyInfo": "None",
                "modelIds": null
            },
            {
                "id": "http://schema.org/Offer1---http://schema.org/availabilityStarts---HN4431",
                "weight": 0.01,
                "type": "DataPropertyLink",
                "label": {
                    "uri": "http://schema.org/availabilityStarts"
                },
                "status": "ForcedByUser",
                "keyInfo": "None",
                "modelIds": null
            },
            {
                "id": "http://schema.org/Offer1---http://schema.org/availableAtOrFrom---http://schema.org/Place1",
                "weight": 0.01,
                "type": "ObjectPropertyLink",
                "label": {
                    "uri": "http://schema.org/availableAtOrFrom"
                },
                "objectPropertyType": "None",
                "status": "ForcedByUser",
                "keyInfo": "None",
                "modelIds": null
            },
            {
                "id": "http://schema.org/Offer1---http://schema.org/description---HN39",
                "weight": 0.01,
                "type": "DataPropertyLink",
                "label": {
                    "uri": "http://schema.org/description"
                },
                "status": "ForcedByUser",
                "keyInfo": "None",
                "modelIds": null
            },
            {
                "id": "http://schema.org/Offer1---http://schema.org/inLanguage---HN35",
                "weight": 0.01,
                "type": "DataPropertyLink",
                "label": {
                    "uri": "http://schema.org/inLanguage"
                },
                "status": "ForcedByUser",
                "keyInfo": "None",
                "modelIds": null
            },
            {
                "id": "http://schema.org/Offer1---http://schema.org/itemOffered---http://schema.org/Product1",
                "weight": 0.01,
                "type": "ObjectPropertyLink",
                "label": {
                    "uri": "http://schema.org/itemOffered"
                },
                "objectPropertyType": "None",
                "status": "ForcedByUser",
                "keyInfo": "None",
                "modelIds": null
            },
            {
                "id": "http://schema.org/Offer1---http://schema.org/price---HN4477",
                "weight": 0.01,
                "type": "DataPropertyLink",
                "label": {
                    "uri": "http://schema.org/price"
                },
                "status": "ForcedByUser",
                "keyInfo": "None",
                "modelIds": null
            },
            {
                "id": "http://schema.org/Offer1---http://schema.org/priceCurrency---HN4454",
                "weight": 0.01,
                "type": "DataPropertyLink",
                "label": {
                    "uri": "http://schema.org/priceCurrency"
                },
                "status": "ForcedByUser",
                "keyInfo": "None",
                "modelIds": null
            },
            {
                "id": "http://schema.org/Offer1---http://schema.org/publisher---http://schema.org/Organization1",
                "weight": 0.01,
                "type": "ObjectPropertyLink",
                "label": {
                    "uri": "http://schema.org/publisher"
                },
                "objectPropertyType": "None",
                "status": "ForcedByUser",
                "keyInfo": "None",
                "modelIds": null
            },
            {
                "id": "http://schema.org/Offer1---http://schema.org/text---HN140",
                "weight": 0.01,
                "type": "DataPropertyLink",
                "label": {
                    "uri": "http://schema.org/text"
                },
                "status": "ForcedByUser",
                "keyInfo": "None",
                "modelIds": null
            },
            {
                "id": "http://schema.org/Offer1---http://schema.org/title---HN41",
                "weight": 0.01,
                "type": "DataPropertyLink",
                "label": {
                    "uri": "http://schema.org/title"
                },
                "status": "ForcedByUser",
                "keyInfo": "None",
                "modelIds": null
            },
            {
                "id": "http://schema.org/Offer1---http://schema.org/url---HN43",
                "weight": 0.01,
                "type": "DataPropertyLink",
                "label": {
                    "uri": "http://schema.org/url"
                },
                "status": "ForcedByUser",
                "keyInfo": "None",
                "modelIds": null
            },
            {
                "id": "http://schema.org/Organization1---http://isi.edu/integration/karma/dev#classLink---HN4721",
                "weight": 0.01,
                "type": "ClassInstanceLink",
                "label": {
                    "uri": "http://isi.edu/integration/karma/dev#classLink"
                },
                "status": "ForcedByUser",
                "keyInfo": "UriOfInstance",
                "modelIds": null
            },
            {
                "id": "http://schema.org/Organization1---http://schema.org/name---www.armslist.com1",
                "weight": 0.01,
                "type": "ObjectPropertyLink",
                "label": {
                    "uri": "http://schema.org/name"
                },
                "objectPropertyType": "None",
                "status": "ForcedByUser",
                "keyInfo": "None",
                "modelIds": null
            },
            {
                "id": "http://schema.org/OrganizationRole1---http://schema.org/memberOf---http://schema.org/Organization1",
                "weight": 0.01,
                "type": "ObjectPropertyLink",
                "label": {
                    "uri": "http://schema.org/memberOf"
                },
                "objectPropertyType": "None",
                "status": "ForcedByUser",
                "keyInfo": "None",
                "modelIds": null
            },
            {
                "id": "http://schema.org/OrganizationRole1---http://schema.org/startDate---HN4408",
                "weight": 0.01,
                "type": "DataPropertyLink",
                "label": {
                    "uri": "http://schema.org/startDate"
                },
                "status": "ForcedByUser",
                "keyInfo": "None",
                "modelIds": null
            },
            {
                "id": "http://schema.org/Place1---http://isi.edu/integration/karma/dev#classLink---HN4744",
                "weight": 0.01,
                "type": "ClassInstanceLink",
                "label": {
                    "uri": "http://isi.edu/integration/karma/dev#classLink"
                },
                "status": "ForcedByUser",
                "keyInfo": "UriOfInstance",
                "modelIds": null
            },
            {
                "id": "http://schema.org/Place1---http://schema.org/address---http://schema.org/PostalAddress1",
                "weight": 0.01,
                "type": "ObjectPropertyLink",
                "label": {
                    "uri": "http://schema.org/address"
                },
                "objectPropertyType": "None",
                "status": "ForcedByUser",
                "keyInfo": "None",
                "modelIds": null
            },
            {
                "id": "http://schema.org/PostalAddress1---http://schema.org/name---HN2588",
                "weight": 0.01,
                "type": "DataPropertyLink",
                "label": {
                    "uri": "http://schema.org/name"
                },
                "status": "ForcedByUser",
                "keyInfo": "None",
                "modelIds": null
            },
            {
                "id": "http://schema.org/Product1---http://schema.org/category---HN2609",
                "weight": 0.01,
                "type": "DataPropertyLink",
                "label": {
                    "uri": "http://schema.org/category"
                },
                "status": "ForcedByUser",
                "keyInfo": "None",
                "modelIds": null
            },
            {
                "id": "http://schema.org/Product1---http://schema.org/image---http://schema.org/ImageObject1",
                "weight": 0.01,
                "type": "ObjectPropertyLink",
                "label": {
                    "uri": "http://schema.org/image"
                },
                "objectPropertyType": "None",
                "status": "ForcedByUser",
                "keyInfo": "None",
                "modelIds": null
            },
            {
                "id": "http://schema.org/Product1---http://schema.org/keywords---HN2263",
                "weight": 0.01,
                "type": "DataPropertyLink",
                "label": {
                    "uri": "http://schema.org/keywords"
                },
                "status": "ForcedByUser",
                "keyInfo": "None",
                "modelIds": null
            },
            {
                "id": "http://schema.org/Product1---http://schema.org/keywords---HN2266",
                "weight": 0.01,
                "type": "DataPropertyLink",
                "label": {
                    "uri": "http://schema.org/keywords"
                },
                "status": "ForcedByUser",
                "keyInfo": "None",
                "modelIds": null
            },
            {
                "id": "http://schema.org/Product1---http://schema.org/keywords---HN2272",
                "weight": 0.01,
                "type": "DataPropertyLink",
                "label": {
                    "uri": "http://schema.org/keywords"
                },
                "status": "ForcedByUser",
                "keyInfo": "None",
                "modelIds": null
            },
            {
                "id": "http://schema.org/Product1---http://schema.org/manufacturer---HN2269",
                "weight": 0.01,
                "type": "DataPropertyLink",
                "label": {
                    "uri": "http://schema.org/manufacturer"
                },
                "status": "ForcedByUser",
                "keyInfo": "None",
                "modelIds": null
            },
            {
                "id": "http://schema.org/Product1---http://schema.org/offers---http://schema.org/Offer1",
                "weight": 0.01,
                "type": "ObjectPropertyLink",
                "label": {
                    "uri": "http://schema.org/offers"
                },
                "objectPropertyType": "None",
                "status": "ForcedByUser",
                "keyInfo": "None",
                "modelIds": null
            },
            {
                "id": "http://schema.org/Offer1---http://schema.org/seller---http://memexproxy.com/ontology/PersonOrOrganization1",
                "weight": 0.01,
                "type": "ObjectPropertyLink",
                "label": {
                    "uri": "http://schema.org/seller"
                },
                "objectPropertyType": "None",
                "status": "ForcedByUser",
                "keyInfo": "None",
                "modelIds": null
            }
        ]
    }
}