{
    "id": "extracted_carolinabargaintrader.json",
    "name": "extracted_carolinabargaintrader.json",
    "description": null,
    "sourceColumns": [
        {
            "id": "HN3829",
            "hNodeId": "HN3829",
            "columnName": "seller_uri"
        },
        {
            "id": "HN3636",
            "hNodeId": "HN3636",
            "columnName": "clean_phone"
        },
        {
            "id": "HN3191",
            "hNodeId": "HN3191",
            "columnName": "clean_alt_phone"
        },
        {
            "id": "HN3896",
            "hNodeId": "HN3896",
            "columnName": "contact_point_uri"
        },
        {
            "id": "HN5",
            "hNodeId": "HN5",
            "columnName": "username"
        },
        {
            "id": "HN3222",
            "hNodeId": "HN3222",
            "columnName": "clean_image_url"
        },
        {
            "id": "HN3129",
            "hNodeId": "HN3129",
            "columnName": "uri"
        },
        {
            "id": "HN3160",
            "hNodeId": "HN3160",
            "columnName": "listedondate"
        },
        {
            "id": "HN121",
            "hNodeId": "HN121",
            "columnName": "description"
        },
        {
            "id": "HN194",
            "hNodeId": "HN194",
            "columnName": "rawtextdetectedlanguage"
        },
        {
            "id": "HN3698",
            "hNodeId": "HN3698",
            "columnName": "clean_price"
        },
        {
            "id": "HN3667",
            "hNodeId": "HN3667",
            "columnName": "currency"
        },
        {
            "id": "HN125",
            "hNodeId": "HN125",
            "columnName": "title"
        },
        {
            "id": "HN127",
            "hNodeId": "HN127",
            "columnName": "url"
        },
        {
            "id": "HN3764",
            "hNodeId": "HN3764",
            "columnName": "organization_uri"
        },
        {
            "id": "HN3605",
            "hNodeId": "HN3605",
            "columnName": "clean_member_since"
        },
        {
            "id": "HN3937",
            "hNodeId": "HN3937",
            "columnName": "location_uri"
        },
        {
            "id": "HN137",
            "hNodeId": "HN137",
            "columnName": "location"
        },
        {
            "id": "HN186",
            "hNodeId": "HN186",
            "columnName": "serial_number"
        }
    ],
    "mappingToSourceColumns": [
        {
            "id": "HN3698",
            "sourceColumnId": "HN3698"
        },
        {
            "id": "HN3191",
            "sourceColumnId": "HN3191"
        },
        {
            "id": "HN3937",
            "sourceColumnId": "HN3937"
        },
        {
            "id": "HN127",
            "sourceColumnId": "HN127"
        },
        {
            "id": "HN3222",
            "sourceColumnId": "HN3222"
        },
        {
            "id": "HN3160",
            "sourceColumnId": "HN3160"
        },
        {
            "id": "HN3636",
            "sourceColumnId": "HN3636"
        },
        {
            "id": "HN3667",
            "sourceColumnId": "HN3667"
        },
        {
            "id": "HN5",
            "sourceColumnId": "HN5"
        },
        {
            "id": "HN3605",
            "sourceColumnId": "HN3605"
        },
        {
            "id": "HN3829",
            "sourceColumnId": "HN3829"
        },
        {
            "id": "HN121",
            "sourceColumnId": "HN121"
        },
        {
            "id": "HN3764",
            "sourceColumnId": "HN3764"
        },
        {
            "id": "HN3129",
            "sourceColumnId": "HN3129"
        },
        {
            "id": "HN194",
            "sourceColumnId": "HN194"
        },
        {
            "id": "HN125",
            "sourceColumnId": "HN125"
        },
        {
            "id": "HN137",
            "sourceColumnId": "HN137"
        },
        {
            "id": "HN186",
            "sourceColumnId": "HN186"
        },
        {
            "id": "HN3896",
            "sourceColumnId": "HN3896"
        }
    ],
    "graph": {
        "nodes": [
            {
                "id": "http://memexproxy.com/ontology/PersonOrOrganization1",
                "label": {
                    "uri": "http://memexproxy.com/ontology/PersonOrOrganization"
                },
                "type": "InternalNode",
                "modelIds": null
            },
            {
                "id": "HN3829",
                "label": {
                    "uri": "HN3829"
                },
                "type": "ColumnNode",
                "hNodeId": "HN3829",
                "columnName": "seller_uri",
                "rdfLiteralType": null,
                "userSemanticTypes": [
                    {
                        "hNodeId": "HN3829",
                        "domain": {
                            "uri": "http://memexproxy.com/ontology/PersonOrOrganization"
                        },
                        "type": {
                            "uri": "http://isi.edu/integration/karma/dev#classLink"
                        },
                        "origin": "User",
                        "confidenceScore": 1.0
                    }
                ],
                "learnedSemanticTypes": [
                    {
                        "hNodeId": "HN3829",
                        "domain": {
                            "uri": "http://schema.org/ContactPoint"
                        },
                        "type": {
                            "uri": "http://schema.org/name"
                        },
                        "origin": "TfIdfModel",
                        "confidenceScore": 0.5276700574202176
                    },
                    {
                        "hNodeId": "HN3829",
                        "domain": {
                            "uri": "http://schema.org/Organization"
                        },
                        "type": {
                            "uri": "http://isi.edu/integration/karma/dev#classLink"
                        },
                        "origin": "TfIdfModel",
                        "confidenceScore": 0.43315004941533675
                    },
                    {
                        "hNodeId": "HN3829",
                        "domain": {
                            "uri": "http://schema.org/Offer"
                        },
                        "type": {
                            "uri": "http://schema.org/description"
                        },
                        "origin": "TfIdfModel",
                        "confidenceScore": 0.03917989316444564
                    }
                ],
                "modelIds": null
            },
            {
                "id": "http://schema.org/ContactPoint1",
                "label": {
                    "uri": "http://schema.org/ContactPoint"
                },
                "type": "InternalNode",
                "modelIds": null
            },
            {
                "id": "http://schema.org/OrganizationRole1",
                "label": {
                    "uri": "http://schema.org/OrganizationRole"
                },
                "type": "InternalNode",
                "modelIds": null
            },
            {
                "id": "http://memexproxy.com/ontology/PhoneNumber1",
                "label": {
                    "uri": "http://memexproxy.com/ontology/PhoneNumber"
                },
                "type": "InternalNode",
                "modelIds": null
            },
            {
                "id": "HN3636",
                "label": {
                    "uri": "HN3636"
                },
                "type": "ColumnNode",
                "hNodeId": "HN3636",
                "columnName": "clean_phone",
                "rdfLiteralType": null,
                "userSemanticTypes": [
                    {
                        "hNodeId": "HN3636",
                        "domain": {
                            "uri": "http://memexproxy.com/ontology/PhoneNumber"
                        },
                        "type": {
                            "uri": "http://schema.org/name"
                        },
                        "origin": "User",
                        "confidenceScore": 1.0
                    }
                ],
                "learnedSemanticTypes": null,
                "modelIds": null
            },
            {
                "id": "http://memexproxy.com/ontology/PhoneNumber2",
                "label": {
                    "uri": "http://memexproxy.com/ontology/PhoneNumber"
                },
                "type": "InternalNode",
                "modelIds": null
            },
            {
                "id": "HN3191",
                "label": {
                    "uri": "HN3191"
                },
                "type": "ColumnNode",
                "hNodeId": "HN3191",
                "columnName": "clean_alt_phone",
                "rdfLiteralType": null,
                "userSemanticTypes": [
                    {
                        "hNodeId": "HN3191",
                        "domain": {
                            "uri": "http://memexproxy.com/ontology/PhoneNumber"
                        },
                        "type": {
                            "uri": "http://schema.org/name"
                        },
                        "origin": "User",
                        "confidenceScore": 1.0
                    }
                ],
                "learnedSemanticTypes": null,
                "modelIds": null
            },
            {
                "id": "HN3896",
                "label": {
                    "uri": "HN3896"
                },
                "type": "ColumnNode",
                "hNodeId": "HN3896",
                "columnName": "contact_point_uri",
                "rdfLiteralType": null,
                "userSemanticTypes": [
                    {
                        "hNodeId": "HN3896",
                        "domain": {
                            "uri": "http://schema.org/ContactPoint"
                        },
                        "type": {
                            "uri": "http://isi.edu/integration/karma/dev#classLink"
                        },
                        "origin": "User",
                        "confidenceScore": 1.0
                    }
                ],
                "learnedSemanticTypes": [
                    {
                        "hNodeId": "HN3896",
                        "domain": {
                            "uri": "http://memexproxy.com/ontology/PersonOrOrganization"
                        },
                        "type": {
                            "uri": "http://isi.edu/integration/karma/dev#classLink"
                        },
                        "origin": "TfIdfModel",
                        "confidenceScore": 0.7887424913556068
                    },
                    {
                        "hNodeId": "HN3896",
                        "domain": {
                            "uri": "http://schema.org/ContactPoint"
                        },
                        "type": {
                            "uri": "http://schema.org/name"
                        },
                        "origin": "TfIdfModel",
                        "confidenceScore": 0.10968656116952948
                    },
                    {
                        "hNodeId": "HN3896",
                        "domain": {
                            "uri": "http://schema.org/Organization"
                        },
                        "type": {
                            "uri": "http://isi.edu/integration/karma/dev#classLink"
                        },
                        "origin": "TfIdfModel",
                        "confidenceScore": 0.09314561086739288
                    },
                    {
                        "hNodeId": "HN3896",
                        "domain": {
                            "uri": "http://schema.org/Offer"
                        },
                        "type": {
                            "uri": "http://schema.org/description"
                        },
                        "origin": "TfIdfModel",
                        "confidenceScore": 0.008425336607470864
                    }
                ],
                "modelIds": null
            },
            {
                "id": "HN5",
                "label": {
                    "uri": "HN5"
                },
                "type": "ColumnNode",
                "hNodeId": "HN5",
                "columnName": "username",
                "rdfLiteralType": null,
                "userSemanticTypes": [
                    {
                        "hNodeId": "HN5",
                        "domain": {
                            "uri": "http://schema.org/ContactPoint"
                        },
                        "type": {
                            "uri": "http://schema.org/name"
                        },
                        "origin": "User",
                        "confidenceScore": 1.0
                    }
                ],
                "learnedSemanticTypes": null,
                "modelIds": null
            },
            {
                "id": "http://schema.org/ImageObject1",
                "label": {
                    "uri": "http://schema.org/ImageObject"
                },
                "type": "InternalNode",
                "modelIds": null
            },
            {
                "id": "HN3222",
                "label": {
                    "uri": "HN3222"
                },
                "type": "ColumnNode",
                "hNodeId": "HN3222",
                "columnName": "clean_image_url",
                "rdfLiteralType": null,
                "userSemanticTypes": [
                    {
                        "hNodeId": "HN3222",
                        "domain": {
                            "uri": "http://schema.org/ImageObject"
                        },
                        "type": {
                            "uri": "http://schema.org/url"
                        },
                        "origin": "User",
                        "confidenceScore": 1.0
                    }
                ],
                "learnedSemanticTypes": null,
                "modelIds": null
            },
            {
                "id": "http://schema.org/Offer1",
                "label": {
                    "uri": "http://schema.org/Offer"
                },
                "type": "InternalNode",
                "modelIds": null
            },
            {
                "id": "HN3129",
                "label": {
                    "uri": "HN3129"
                },
                "type": "ColumnNode",
                "hNodeId": "HN3129",
                "columnName": "uri",
                "rdfLiteralType": null,
                "userSemanticTypes": [
                    {
                        "hNodeId": "HN3129",
                        "domain": {
                            "uri": "http://schema.org/Offer"
                        },
                        "type": {
                            "uri": "http://isi.edu/integration/karma/dev#classLink"
                        },
                        "origin": "User",
                        "confidenceScore": 1.0
                    }
                ],
                "learnedSemanticTypes": null,
                "modelIds": null
            },
            {
                "id": "HN3160",
                "label": {
                    "uri": "HN3160"
                },
                "type": "ColumnNode",
                "hNodeId": "HN3160",
                "columnName": "listedondate",
                "rdfLiteralType": null,
                "userSemanticTypes": [
                    {
                        "hNodeId": "HN3160",
                        "domain": {
                            "uri": "http://schema.org/Offer"
                        },
                        "type": {
                            "uri": "http://schema.org/availabilityStarts"
                        },
                        "origin": "User",
                        "confidenceScore": 1.0
                    }
                ],
                "learnedSemanticTypes": null,
                "modelIds": null
            },
            {
                "id": "http://schema.org/Place1",
                "label": {
                    "uri": "http://schema.org/Place"
                },
                "type": "InternalNode",
                "modelIds": null
            },
            {
                "id": "HN121",
                "label": {
                    "uri": "HN121"
                },
                "type": "ColumnNode",
                "hNodeId": "HN121",
                "columnName": "description",
                "rdfLiteralType": null,
                "userSemanticTypes": [
                    {
                        "hNodeId": "HN121",
                        "domain": {
                            "uri": "http://schema.org/Offer"
                        },
                        "type": {
                            "uri": "http://schema.org/description"
                        },
                        "origin": "User",
                        "confidenceScore": 1.0
                    }
                ],
                "learnedSemanticTypes": null,
                "modelIds": null
            },
            {
                "id": "HN194",
                "label": {
                    "uri": "HN194"
                },
                "type": "ColumnNode",
                "hNodeId": "HN194",
                "columnName": "rawtextdetectedlanguage",
                "rdfLiteralType": null,
                "userSemanticTypes": [
                    {
                        "hNodeId": "HN194",
                        "domain": {
                            "uri": "http://schema.org/Offer"
                        },
                        "type": {
                            "uri": "http://schema.org/inLanguage"
                        },
                        "origin": "User",
                        "confidenceScore": 1.0
                    }
                ],
                "learnedSemanticTypes": null,
                "modelIds": null
            },
            {
                "id": "http://schema.org/Product1",
                "label": {
                    "uri": "http://schema.org/Product"
                },
                "type": "InternalNode",
                "modelIds": null
            },
            {
                "id": "HN3698",
                "label": {
                    "uri": "HN3698"
                },
                "type": "ColumnNode",
                "hNodeId": "HN3698",
                "columnName": "clean_price",
                "rdfLiteralType": {
                    "uri": "http://www.w3.org/2001/XMLSchema#decimal"
                },
                "userSemanticTypes": [
                    {
                        "hNodeId": "HN3698",
                        "domain": {
                            "uri": "http://schema.org/Offer"
                        },
                        "type": {
                            "uri": "http://schema.org/price"
                        },
                        "origin": "User",
                        "confidenceScore": 1.0
                    }
                ],
                "learnedSemanticTypes": null,
                "modelIds": null
            },
            {
                "id": "HN3667",
                "label": {
                    "uri": "HN3667"
                },
                "type": "ColumnNode",
                "hNodeId": "HN3667",
                "columnName": "currency",
                "rdfLiteralType": null,
                "userSemanticTypes": [
                    {
                        "hNodeId": "HN3667",
                        "domain": {
                            "uri": "http://schema.org/Offer"
                        },
                        "type": {
                            "uri": "http://schema.org/priceCurrency"
                        },
                        "origin": "User",
                        "confidenceScore": 1.0
                    }
                ],
                "learnedSemanticTypes": null,
                "modelIds": null
            },
            {
                "id": "http://schema.org/Organization1",
                "label": {
                    "uri": "http://schema.org/Organization"
                },
                "type": "InternalNode",
                "modelIds": null
            },
            {
                "id": "HN125",
                "label": {
                    "uri": "HN125"
                },
                "type": "ColumnNode",
                "hNodeId": "HN125",
                "columnName": "title",
                "rdfLiteralType": null,
                "userSemanticTypes": [
                    {
                        "hNodeId": "HN125",
                        "domain": {
                            "uri": "http://schema.org/Offer"
                        },
                        "type": {
                            "uri": "http://schema.org/title"
                        },
                        "origin": "User",
                        "confidenceScore": 1.0
                    }
                ],
                "learnedSemanticTypes": null,
                "modelIds": null
            },
            {
                "id": "HN127",
                "label": {
                    "uri": "HN127"
                },
                "type": "ColumnNode",
                "hNodeId": "HN127",
                "columnName": "url",
                "rdfLiteralType": null,
                "userSemanticTypes": [
                    {
                        "hNodeId": "HN127",
                        "domain": {
                            "uri": "http://schema.org/Offer"
                        },
                        "type": {
                            "uri": "http://schema.org/url"
                        },
                        "origin": "User",
                        "confidenceScore": 1.0
                    }
                ],
                "learnedSemanticTypes": null,
                "modelIds": null
            },
            {
                "id": "HN3764",
                "label": {
                    "uri": "HN3764"
                },
                "type": "ColumnNode",
                "hNodeId": "HN3764",
                "columnName": "organization_uri",
                "rdfLiteralType": null,
                "userSemanticTypes": [
                    {
                        "hNodeId": "HN3764",
                        "domain": {
                            "uri": "http://schema.org/Organization"
                        },
                        "type": {
                            "uri": "http://isi.edu/integration/karma/dev#classLink"
                        },
                        "origin": "User",
                        "confidenceScore": 1.0
                    }
                ],
                "learnedSemanticTypes": null,
                "modelIds": null
            },
            {
                "id": "carolinabargaintrader.net1",
                "label": {
                    "uri": ""
                },
                "type": "LiteralNode",
                "value": "carolinabargaintrader.net",
                "datatype": {
                    "uri": ""
                },
                "isUri": "false",
                "modelIds": null
            },
            {
                "id": "HN3605",
                "label": {
                    "uri": "HN3605"
                },
                "type": "ColumnNode",
                "hNodeId": "HN3605",
                "columnName": "clean_member_since",
                "rdfLiteralType": null,
                "userSemanticTypes": [
                    {
                        "hNodeId": "HN3605",
                        "domain": {
                            "uri": "http://schema.org/OrganizationRole"
                        },
                        "type": {
                            "uri": "http://schema.org/startDate"
                        },
                        "origin": "User",
                        "confidenceScore": 1.0
                    }
                ],
                "learnedSemanticTypes": null,
                "modelIds": null
            },
            {
                "id": "HN3937",
                "label": {
                    "uri": "HN3937"
                },
                "type": "ColumnNode",
                "hNodeId": "HN3937",
                "columnName": "location_uri",
                "rdfLiteralType": null,
                "userSemanticTypes": [
                    {
                        "hNodeId": "HN3937",
                        "domain": {
                            "uri": "http://schema.org/Place"
                        },
                        "type": {
                            "uri": "http://isi.edu/integration/karma/dev#classLink"
                        },
                        "origin": "User",
                        "confidenceScore": 1.0
                    }
                ],
                "learnedSemanticTypes": [
                    {
                        "hNodeId": "HN3937",
                        "domain": {
                            "uri": "http://schema.org/Place"
                        },
                        "type": {
                            "uri": "http://isi.edu/integration/karma/dev#classLink"
                        },
                        "origin": "TfIdfModel",
                        "confidenceScore": 0.5126008154500704
                    },
                    {
                        "hNodeId": "HN3937",
                        "domain": {
                            "uri": "http://schema.org/State"
                        },
                        "type": {
                            "uri": "http://isi.edu/integration/karma/dev#classLink"
                        },
                        "origin": "TfIdfModel",
                        "confidenceScore": 0.4298288292552793
                    },
                    {
                        "hNodeId": "HN3937",
                        "domain": {
                            "uri": "http://schema.org/PostalAddress"
                        },
                        "type": {
                            "uri": "http://schema.org/streetAddress"
                        },
                        "origin": "TfIdfModel",
                        "confidenceScore": 0.03390535748514812
                    },
                    {
                        "hNodeId": "HN3937",
                        "domain": {
                            "uri": "http://schema.org/Offer"
                        },
                        "type": {
                            "uri": "http://schema.org/description"
                        },
                        "origin": "TfIdfModel",
                        "confidenceScore": 0.023664997809502188
                    }
                ],
                "modelIds": null
            },
            {
                "id": "http://schema.org/PostalAddress1",
                "label": {
                    "uri": "http://schema.org/PostalAddress"
                },
                "type": "InternalNode",
                "modelIds": null
            },
            {
                "id": "HN137",
                "label": {
                    "uri": "HN137"
                },
                "type": "ColumnNode",
                "hNodeId": "HN137",
                "columnName": "location",
                "rdfLiteralType": null,
                "userSemanticTypes": [
                    {
                        "hNodeId": "HN137",
                        "domain": {
                            "uri": "http://schema.org/PostalAddress"
                        },
                        "type": {
                            "uri": "http://schema.org/name"
                        },
                        "origin": "User",
                        "confidenceScore": 1.0
                    }
                ],
                "learnedSemanticTypes": null,
                "modelIds": null
            },
            {
                "id": "HN186",
                "label": {
                    "uri": "HN186"
                },
                "type": "ColumnNode",
                "hNodeId": "HN186",
                "columnName": "serial_number",
                "rdfLiteralType": null,
                "userSemanticTypes": [
                    {
                        "hNodeId": "HN186",
                        "domain": {
                            "uri": "http://schema.org/Product"
                        },
                        "type": {
                            "uri": "http://schema.org/serialNumber"
                        },
                        "origin": "User",
                        "confidenceScore": 1.0
                    }
                ],
                "learnedSemanticTypes": null,
                "modelIds": null
            }
        ],
        "links": [
            {
                "id": "http://memexproxy.com/ontology/PersonOrOrganization1---http://isi.edu/integration/karma/dev#classLink---HN3829",
                "weight": 0.01,
                "type": "ClassInstanceLink",
                "label": {
                    "uri": "http://isi.edu/integration/karma/dev#classLink"
                },
                "status": "ForcedByUser",
                "keyInfo": "UriOfInstance",
                "modelIds": null
            },
            {
                "id": "http://memexproxy.com/ontology/PersonOrOrganization1---http://schema.org/contactPoint---http://schema.org/ContactPoint1",
                "weight": 0.01,
                "type": "ObjectPropertyLink",
                "label": {
                    "uri": "http://schema.org/contactPoint"
                },
                "objectPropertyType": "None",
                "status": "ForcedByUser",
                "keyInfo": "None",
                "modelIds": null
            },
            {
                "id": "http://memexproxy.com/ontology/PersonOrOrganization1---http://schema.org/memberOf---http://schema.org/OrganizationRole1",
                "weight": 0.01,
                "type": "ObjectPropertyLink",
                "label": {
                    "uri": "http://schema.org/memberOf"
                },
                "objectPropertyType": "None",
                "status": "ForcedByUser",
                "keyInfo": "None",
                "modelIds": null
            },
            {
                "id": "http://memexproxy.com/ontology/PhoneNumber1---http://schema.org/name---HN3636",
                "weight": 0.01,
                "type": "DataPropertyLink",
                "label": {
                    "uri": "http://schema.org/name"
                },
                "status": "ForcedByUser",
                "keyInfo": "None",
                "modelIds": null
            },
            {
                "id": "http://memexproxy.com/ontology/PhoneNumber2---http://schema.org/name---HN3191",
                "weight": 0.01,
                "type": "DataPropertyLink",
                "label": {
                    "uri": "http://schema.org/name"
                },
                "status": "ForcedByUser",
                "keyInfo": "None",
                "modelIds": null
            },
            {
                "id": "http://schema.org/ContactPoint1---http://isi.edu/integration/karma/dev#classLink---HN3896",
                "weight": 0.01,
                "type": "ClassInstanceLink",
                "label": {
                    "uri": "http://isi.edu/integration/karma/dev#classLink"
                },
                "status": "ForcedByUser",
                "keyInfo": "UriOfInstance",
                "modelIds": null
            },
            {
                "id": "http://schema.org/ContactPoint1---http://schema.org/name---HN5",
                "weight": 0.01,
                "type": "DataPropertyLink",
                "label": {
                    "uri": "http://schema.org/name"
                },
                "status": "ForcedByUser",
                "keyInfo": "None",
                "modelIds": null
            },
            {
                "id": "http://schema.org/ContactPoint1---http://schema.org/telephone---http://memexproxy.com/ontology/PhoneNumber1",
                "weight": 0.01,
                "type": "ObjectPropertyLink",
                "label": {
                    "uri": "http://schema.org/telephone"
                },
                "objectPropertyType": "None",
                "status": "ForcedByUser",
                "keyInfo": "None",
                "modelIds": null
            },
            {
                "id": "http://schema.org/ContactPoint1---http://schema.org/telephone---http://memexproxy.com/ontology/PhoneNumber2",
                "weight": 0.01,
                "type": "ObjectPropertyLink",
                "label": {
                    "uri": "http://schema.org/telephone"
                },
                "objectPropertyType": "None",
                "status": "ForcedByUser",
                "keyInfo": "None",
                "modelIds": null
            },
            {
                "id": "http://schema.org/ImageObject1---http://schema.org/url---HN3222",
                "weight": 0.01,
                "type": "DataPropertyLink",
                "label": {
                    "uri": "http://schema.org/url"
                },
                "status": "ForcedByUser",
                "keyInfo": "None",
                "modelIds": null
            },
            {
                "id": "http://schema.org/Offer1---http://isi.edu/integration/karma/dev#classLink---HN3129",
                "weight": 0.01,
                "type": "ClassInstanceLink",
                "label": {
                    "uri": "http://isi.edu/integration/karma/dev#classLink"
                },
                "status": "ForcedByUser",
                "keyInfo": "UriOfInstance",
                "modelIds": null
            },
            {
                "id": "http://schema.org/Offer1---http://schema.org/availabilityStarts---HN3160",
                "weight": 0.01,
                "type": "DataPropertyLink",
                "label": {
                    "uri": "http://schema.org/availabilityStarts"
                },
                "status": "ForcedByUser",
                "keyInfo": "None",
                "modelIds": null
            },
            {
                "id": "http://schema.org/Offer1---http://schema.org/availableAtOrFrom---http://schema.org/Place1",
                "weight": 0.01,
                "type": "ObjectPropertyLink",
                "label": {
                    "uri": "http://schema.org/availableAtOrFrom"
                },
                "objectPropertyType": "None",
                "status": "ForcedByUser",
                "keyInfo": "None",
                "modelIds": null
            },
            {
                "id": "http://schema.org/Offer1---http://schema.org/description---HN121",
                "weight": 0.01,
                "type": "DataPropertyLink",
                "label": {
                    "uri": "http://schema.org/description"
                },
                "status": "ForcedByUser",
                "keyInfo": "None",
                "modelIds": null
            },
            {
                "id": "http://schema.org/Offer1---http://schema.org/inLanguage---HN194",
                "weight": 0.01,
                "type": "DataPropertyLink",
                "label": {
                    "uri": "http://schema.org/inLanguage"
                },
                "status": "ForcedByUser",
                "keyInfo": "None",
                "modelIds": null
            },
            {
                "id": "http://schema.org/Offer1---http://schema.org/itemOffered---http://schema.org/Product1",
                "weight": 0.01,
                "type": "ObjectPropertyLink",
                "label": {
                    "uri": "http://schema.org/itemOffered"
                },
                "objectPropertyType": "None",
                "status": "ForcedByUser",
                "keyInfo": "None",
                "modelIds": null
            },
            {
                "id": "http://schema.org/Offer1---http://schema.org/price---HN3698",
                "weight": 0.01,
                "type": "DataPropertyLink",
                "label": {
                    "uri": "http://schema.org/price"
                },
                "status": "ForcedByUser",
                "keyInfo": "None",
                "modelIds": null
            },
            {
                "id": "http://schema.org/Offer1---http://schema.org/priceCurrency---HN3667",
                "weight": 0.01,
                "type": "DataPropertyLink",
                "label": {
                    "uri": "http://schema.org/priceCurrency"
                },
                "status": "ForcedByUser",
                "keyInfo": "None",
                "modelIds": null
            },
            {
                "id": "http://schema.org/Offer1---http://schema.org/publisher---http://schema.org/Organization1",
                "weight": 0.01,
                "type": "ObjectPropertyLink",
                "label": {
                    "uri": "http://schema.org/publisher"
                },
                "objectPropertyType": "None",
                "status": "ForcedByUser",
                "keyInfo": "None",
                "modelIds": null
            },
            {
                "id": "http://schema.org/Offer1---http://schema.org/title---HN125",
                "weight": 0.01,
                "type": "DataPropertyLink",
                "label": {
                    "uri": "http://schema.org/title"
                },
                "status": "ForcedByUser",
                "keyInfo": "None",
                "modelIds": null
            },
            {
                "id": "http://schema.org/Offer1---http://schema.org/url---HN127",
                "weight": 0.01,
                "type": "DataPropertyLink",
                "label": {
                    "uri": "http://schema.org/url"
                },
                "status": "ForcedByUser",
                "keyInfo": "None",
                "modelIds": null
            },
            {
                "id": "http://schema.org/Organization1---http://isi.edu/integration/karma/dev#classLink---HN3764",
                "weight": 0.01,
                "type": "ClassInstanceLink",
                "label": {
                    "uri": "http://isi.edu/integration/karma/dev#classLink"
                },
                "status": "ForcedByUser",
                "keyInfo": "UriOfInstance",
                "modelIds": null
            },
            {
                "id": "http://schema.org/Organization1---http://schema.org/name---carolinabargaintrader.net1",
                "weight": 0.01,
                "type": "ObjectPropertyLink",
                "label": {
                    "uri": "http://schema.org/name"
                },
                "objectPropertyType": "None",
                "status": "ForcedByUser",
                "keyInfo": "None",
                "modelIds": null
            },
            {
                "id": "http://schema.org/OrganizationRole1---http://schema.org/memberOf---http://schema.org/Organization1",
                "weight": 0.01,
                "type": "ObjectPropertyLink",
                "label": {
                    "uri": "http://schema.org/memberOf"
                },
                "objectPropertyType": "None",
                "status": "ForcedByUser",
                "keyInfo": "None",
                "modelIds": null
            },
            {
                "id": "http://schema.org/OrganizationRole1---http://schema.org/startDate---HN3605",
                "weight": 0.01,
                "type": "DataPropertyLink",
                "label": {
                    "uri": "http://schema.org/startDate"
                },
                "status": "ForcedByUser",
                "keyInfo": "None",
                "modelIds": null
            },
            {
                "id": "http://schema.org/Place1---http://isi.edu/integration/karma/dev#classLink---HN3937",
                "weight": 0.01,
                "type": "ClassInstanceLink",
                "label": {
                    "uri": "http://isi.edu/integration/karma/dev#classLink"
                },
                "status": "ForcedByUser",
                "keyInfo": "UriOfInstance",
                "modelIds": null
            },
            {
                "id": "http://schema.org/Place1---http://schema.org/address---http://schema.org/PostalAddress1",
                "weight": 0.01,
                "type": "ObjectPropertyLink",
                "label": {
                    "uri": "http://schema.org/address"
                },
                "objectPropertyType": "None",
                "status": "ForcedByUser",
                "keyInfo": "None",
                "modelIds": null
            },
            {
                "id": "http://schema.org/PostalAddress1---http://schema.org/name---HN137",
                "weight": 0.01,
                "type": "DataPropertyLink",
                "label": {
                    "uri": "http://schema.org/name"
                },
                "status": "ForcedByUser",
                "keyInfo": "None",
                "modelIds": null
            },
            {
                "id": "http://schema.org/Product1---http://schema.org/image---http://schema.org/ImageObject1",
                "weight": 0.01,
                "type": "ObjectPropertyLink",
                "label": {
                    "uri": "http://schema.org/image"
                },
                "objectPropertyType": "None",
                "status": "ForcedByUser",
                "keyInfo": "None",
                "modelIds": null
            },
            {
                "id": "http://schema.org/Product1---http://schema.org/serialNumber---HN186",
                "weight": 0.01,
                "type": "DataPropertyLink",
                "label": {
                    "uri": "http://schema.org/serialNumber"
                },
                "status": "ForcedByUser",
                "keyInfo": "None",
                "modelIds": null
            },
            {
                "id": "http://schema.org/Product1---http://schema.org/offers---http://schema.org/Offer1",
                "weight": 0.01,
                "type": "ObjectPropertyLink",
                "label": {
                    "uri": "http://schema.org/offers"
                },
                "objectPropertyType": "None",
                "status": "ForcedByUser",
                "keyInfo": "None",
                "modelIds": null
            },
            {
                "id": "http://schema.org/Offer1---http://schema.org/seller---http://memexproxy.com/ontology/PersonOrOrganization1",
                "weight": 0.01,
                "type": "ObjectPropertyLink",
                "label": {
                    "uri": "http://schema.org/seller"
                },
                "objectPropertyType": "None",
                "status": "ForcedByUser",
                "keyInfo": "None",
                "modelIds": null
            }
        ]
    }
}