{
    "id": "findlaw-sample.json",
    "name": "findlaw-sample.json",
    "description": null,
    "sourceColumns": [
        {
            "id": "HN247",
            "hNodeId": "HN247",
            "columnName": "organization_uri"
        },
        {
            "id": "HN20",
            "hNodeId": "HN20",
            "columnName": "name"
        },
        {
            "id": "HN405",
            "hNodeId": "HN405",
            "columnName": "phones_clean"
        },
        {
            "id": "HN205",
            "hNodeId": "HN205",
            "columnName": "values"
        },
        {
            "id": "HN347",
            "hNodeId": "HN347",
            "columnName": "other_organization_uri"
        },
        {
            "id": "HN42",
            "hNodeId": "HN42",
            "columnName": "name"
        },
        {
            "id": "HN377",
            "hNodeId": "HN377",
            "columnName": "other_organization_phone_clean"
        },
        {
            "id": "HN450",
            "hNodeId": "HN450",
            "columnName": "person_uri"
        },
        {
            "id": "HN141",
            "hNodeId": "HN141",
            "columnName": "title"
        },
        {
            "id": "HN139",
            "hNodeId": "HN139",
            "columnName": "name"
        },
        {
            "id": "HN10",
            "hNodeId": "HN10",
            "columnName": "city"
        },
        {
            "id": "HN12",
            "hNodeId": "HN12",
            "columnName": "state"
        },
        {
            "id": "HN18",
            "hNodeId": "HN18",
            "columnName": "zipcode"
        },
        {
            "id": "HN14",
            "hNodeId": "HN14",
            "columnName": "street1"
        },
        {
            "id": "HN32",
            "hNodeId": "HN32",
            "columnName": "city"
        },
        {
            "id": "HN34",
            "hNodeId": "HN34",
            "columnName": "state"
        },
        {
            "id": "HN40",
            "hNodeId": "HN40",
            "columnName": "zipcode"
        },
        {
            "id": "HN36",
            "hNodeId": "HN36",
            "columnName": "street1"
        }
    ],
    "mappingToSourceColumns": [
        {
            "id": "HN14",
            "sourceColumnId": "HN14"
        },
        {
            "id": "HN36",
            "sourceColumnId": "HN36"
        },
        {
            "id": "HN18",
            "sourceColumnId": "HN18"
        },
        {
            "id": "HN139",
            "sourceColumnId": "HN139"
        },
        {
            "id": "HN32",
            "sourceColumnId": "HN32"
        },
        {
            "id": "HN20",
            "sourceColumnId": "HN20"
        },
        {
            "id": "HN205",
            "sourceColumnId": "HN205"
        },
        {
            "id": "HN34",
            "sourceColumnId": "HN34"
        },
        {
            "id": "HN377",
            "sourceColumnId": "HN377"
        },
        {
            "id": "HN10",
            "sourceColumnId": "HN10"
        },
        {
            "id": "HN247",
            "sourceColumnId": "HN247"
        },
        {
            "id": "HN12",
            "sourceColumnId": "HN12"
        },
        {
            "id": "HN405",
            "sourceColumnId": "HN405"
        },
        {
            "id": "HN42",
            "sourceColumnId": "HN42"
        },
        {
            "id": "HN40",
            "sourceColumnId": "HN40"
        },
        {
            "id": "HN347",
            "sourceColumnId": "HN347"
        },
        {
            "id": "HN141",
            "sourceColumnId": "HN141"
        },
        {
            "id": "HN450",
            "sourceColumnId": "HN450"
        }
    ],
    "graph": {
        "nodes": [
            {
                "id": "http://schema.org/Organization1",
                "label": {
                    "uri": "http://schema.org/Organization"
                },
                "type": "InternalNode",
                "modelIds": null
            },
            {
                "id": "HN247",
                "label": {
                    "uri": "HN247"
                },
                "type": "ColumnNode",
                "hNodeId": "HN247",
                "columnName": "organization_uri",
                "rdfLiteralType": null,
                "userSemanticTypes": [
                    {
                        "hNodeId": "HN247",
                        "domain": {
                            "uri": "http://schema.org/Organization"
                        },
                        "type": {
                            "uri": "http://isi.edu/integration/karma/dev#classLink"
                        },
                        "origin": "User",
                        "confidenceScore": 1.0
                    }
                ],
                "learnedSemanticTypes": [],
                "modelIds": null
            },
            {
                "id": "http://schema.org/Person1",
                "label": {
                    "uri": "http://schema.org/Person"
                },
                "type": "InternalNode",
                "modelIds": null
            },
            {
                "id": "HN20",
                "label": {
                    "uri": "HN20"
                },
                "type": "ColumnNode",
                "hNodeId": "HN20",
                "columnName": "name",
                "rdfLiteralType": null,
                "userSemanticTypes": [
                    {
                        "hNodeId": "HN20",
                        "domain": {
                            "uri": "http://schema.org/Organization"
                        },
                        "type": {
                            "uri": "http://schema.org/legalName"
                        },
                        "origin": "User",
                        "confidenceScore": 1.0
                    }
                ],
                "learnedSemanticTypes": [
                    {
                        "hNodeId": "HN20",
                        "domain": {
                            "uri": "http://memexproxy.com/ontology/PersonOrOrganization"
                        },
                        "type": {
                            "uri": "http://schema.org/name"
                        },
                        "origin": "TfIdfModel",
                        "confidenceScore": 0.822321080456435
                    },
                    {
                        "hNodeId": "HN20",
                        "domain": {
                            "uri": "http://schema.org/Organization"
                        },
                        "type": {
                            "uri": "http://schema.org/name"
                        },
                        "origin": "TfIdfModel",
                        "confidenceScore": 0.14718811277024169
                    },
                    {
                        "hNodeId": "HN20",
                        "domain": {
                            "uri": "http://schema.org/ScholarlyArticle"
                        },
                        "type": {
                            "uri": "http://schema.org/name"
                        },
                        "origin": "TfIdfModel",
                        "confidenceScore": 0.01633997408310711
                    },
                    {
                        "hNodeId": "HN20",
                        "domain": {
                            "uri": "http://schema.org/ScholarlyArticle"
                        },
                        "type": {
                            "uri": "http://schema.org/text"
                        },
                        "origin": "TfIdfModel",
                        "confidenceScore": 0.014150832690216204
                    }
                ],
                "modelIds": null
            },
            {
                "id": "http://schema.org/PostalAddress1",
                "label": {
                    "uri": "http://schema.org/PostalAddress"
                },
                "type": "InternalNode",
                "modelIds": null
            },
            {
                "id": "http://schema.org/Organization2",
                "label": {
                    "uri": "http://schema.org/Organization"
                },
                "type": "InternalNode",
                "modelIds": null
            },
            {
                "id": "HN405",
                "label": {
                    "uri": "HN405"
                },
                "type": "ColumnNode",
                "hNodeId": "HN405",
                "columnName": "phones_clean",
                "rdfLiteralType": null,
                "userSemanticTypes": [
                    {
                        "hNodeId": "HN405",
                        "domain": {
                            "uri": "http://schema.org/Organization"
                        },
                        "type": {
                            "uri": "http://schema.org/telephone"
                        },
                        "origin": "User",
                        "confidenceScore": 1.0
                    }
                ],
                "learnedSemanticTypes": [],
                "modelIds": null
            },
            {
                "id": "HN205",
                "label": {
                    "uri": "HN205"
                },
                "type": "ColumnNode",
                "hNodeId": "HN205",
                "columnName": "values",
                "rdfLiteralType": null,
                "userSemanticTypes": [
                    {
                        "hNodeId": "HN205",
                        "domain": {
                            "uri": "http://schema.org/Organization"
                        },
                        "type": {
                            "uri": "http://schema.org/url"
                        },
                        "origin": "User",
                        "confidenceScore": 1.0
                    }
                ],
                "learnedSemanticTypes": [
                    {
                        "hNodeId": "HN205",
                        "domain": {
                            "uri": "http://memexproxy.com/ontology/Thread"
                        },
                        "type": {
                            "uri": "http://isi.edu/integration/karma/dev#classLink"
                        },
                        "origin": "TfIdfModel",
                        "confidenceScore": 0.303846301187634
                    },
                    {
                        "hNodeId": "HN205",
                        "domain": {
                            "uri": "http://memexproxy.com/ontology/Thread"
                        },
                        "type": {
                            "uri": "http://schema.org/url"
                        },
                        "origin": "TfIdfModel",
                        "confidenceScore": 0.26586551353917975
                    },
                    {
                        "hNodeId": "HN205",
                        "domain": {
                            "uri": "http://schema.org/Offer"
                        },
                        "type": {
                            "uri": "http://schema.org/url"
                        },
                        "origin": "TfIdfModel",
                        "confidenceScore": 0.26539881120522035
                    },
                    {
                        "hNodeId": "HN205",
                        "domain": {
                            "uri": "http://schema.org/ScholarlyArticle"
                        },
                        "type": {
                            "uri": "http://isi.edu/integration/karma/dev#classLink"
                        },
                        "origin": "TfIdfModel",
                        "confidenceScore": 0.1648893740679659
                    }
                ],
                "modelIds": null
            },
            {
                "id": "HN347",
                "label": {
                    "uri": "HN347"
                },
                "type": "ColumnNode",
                "hNodeId": "HN347",
                "columnName": "other_organization_uri",
                "rdfLiteralType": null,
                "userSemanticTypes": [
                    {
                        "hNodeId": "HN347",
                        "domain": {
                            "uri": "http://schema.org/Organization"
                        },
                        "type": {
                            "uri": "http://isi.edu/integration/karma/dev#classLink"
                        },
                        "origin": "User",
                        "confidenceScore": 1.0
                    }
                ],
                "learnedSemanticTypes": [],
                "modelIds": null
            },
            {
                "id": "HN42",
                "label": {
                    "uri": "HN42"
                },
                "type": "ColumnNode",
                "hNodeId": "HN42",
                "columnName": "name",
                "rdfLiteralType": null,
                "userSemanticTypes": [
                    {
                        "hNodeId": "HN42",
                        "domain": {
                            "uri": "http://schema.org/Organization"
                        },
                        "type": {
                            "uri": "http://schema.org/legalName"
                        },
                        "origin": "User",
                        "confidenceScore": 1.0
                    }
                ],
                "learnedSemanticTypes": [
                    {
                        "hNodeId": "HN42",
                        "domain": {
                            "uri": "http://schema.org/Organization"
                        },
                        "type": {
                            "uri": "http://schema.org/legalName"
                        },
                        "origin": "TfIdfModel",
                        "confidenceScore": 0.9511068678276281
                    },
                    {
                        "hNodeId": "HN42",
                        "domain": {
                            "uri": "http://memexproxy.com/ontology/PersonOrOrganization"
                        },
                        "type": {
                            "uri": "http://schema.org/name"
                        },
                        "origin": "TfIdfModel",
                        "confidenceScore": 0.04076065087495698
                    },
                    {
                        "hNodeId": "HN42",
                        "domain": {
                            "uri": "http://schema.org/Organization"
                        },
                        "type": {
                            "uri": "http://schema.org/name"
                        },
                        "origin": "TfIdfModel",
                        "confidenceScore": 0.007304311790504232
                    },
                    {
                        "hNodeId": "HN42",
                        "domain": {
                            "uri": "http://schema.org/ScholarlyArticle"
                        },
                        "type": {
                            "uri": "http://schema.org/name"
                        },
                        "origin": "TfIdfModel",
                        "confidenceScore": 8.281695069107117E-4
                    }
                ],
                "modelIds": null
            },
            {
                "id": "http://schema.org/PostalAddress2",
                "label": {
                    "uri": "http://schema.org/PostalAddress"
                },
                "type": "InternalNode",
                "modelIds": null
            },
            {
                "id": "HN377",
                "label": {
                    "uri": "HN377"
                },
                "type": "ColumnNode",
                "hNodeId": "HN377",
                "columnName": "other_organization_phone_clean",
                "rdfLiteralType": null,
                "userSemanticTypes": [
                    {
                        "hNodeId": "HN377",
                        "domain": {
                            "uri": "http://schema.org/Organization"
                        },
                        "type": {
                            "uri": "http://schema.org/telephone"
                        },
                        "origin": "User",
                        "confidenceScore": 1.0
                    }
                ],
                "learnedSemanticTypes": [],
                "modelIds": null
            },
            {
                "id": "HN450",
                "label": {
                    "uri": "HN450"
                },
                "type": "ColumnNode",
                "hNodeId": "HN450",
                "columnName": "person_uri",
                "rdfLiteralType": null,
                "userSemanticTypes": [
                    {
                        "hNodeId": "HN450",
                        "domain": {
                            "uri": "http://schema.org/Person"
                        },
                        "type": {
                            "uri": "http://isi.edu/integration/karma/dev#classLink"
                        },
                        "origin": "User",
                        "confidenceScore": 1.0
                    }
                ],
                "learnedSemanticTypes": [
                    {
                        "hNodeId": "HN450",
                        "domain": {
                            "uri": "http://schema.org/ContactPoint"
                        },
                        "type": {
                            "uri": "http://isi.edu/integration/karma/dev#classLink"
                        },
                        "origin": "TfIdfModel",
                        "confidenceScore": 0.5863591006018315
                    },
                    {
                        "hNodeId": "HN450",
                        "domain": {
                            "uri": "http://schema.org/Person"
                        },
                        "type": {
                            "uri": "http://isi.edu/integration/karma/dev#classLink"
                        },
                        "origin": "TfIdfModel",
                        "confidenceScore": 0.35935286382803505
                    },
                    {
                        "hNodeId": "HN450",
                        "domain": {
                            "uri": "http://schema.org/Organization"
                        },
                        "type": {
                            "uri": "http://isi.edu/integration/karma/dev#classLink"
                        },
                        "origin": "TfIdfModel",
                        "confidenceScore": 0.033501952193657876
                    },
                    {
                        "hNodeId": "HN450",
                        "domain": {
                            "uri": "http://schema.org/Offer"
                        },
                        "type": {
                            "uri": "http://schema.org/description"
                        },
                        "origin": "TfIdfModel",
                        "confidenceScore": 0.02078608337647557
                    }
                ],
                "modelIds": null
            },
            {
                "id": "HN141",
                "label": {
                    "uri": "HN141"
                },
                "type": "ColumnNode",
                "hNodeId": "HN141",
                "columnName": "title",
                "rdfLiteralType": null,
                "userSemanticTypes": [
                    {
                        "hNodeId": "HN141",
                        "domain": {
                            "uri": "http://schema.org/Person"
                        },
                        "type": {
                            "uri": "http://schema.org/jobTitle"
                        },
                        "origin": "User",
                        "confidenceScore": 1.0
                    }
                ],
                "learnedSemanticTypes": [
                    {
                        "hNodeId": "HN141",
                        "domain": {
                            "uri": "http://schema.org/ScholarlyArticle"
                        },
                        "type": {
                            "uri": "http://schema.org/text"
                        },
                        "origin": "TfIdfModel",
                        "confidenceScore": 0.7696258759388576
                    },
                    {
                        "hNodeId": "HN141",
                        "domain": {
                            "uri": "http://schema.org/ScholarlyArticle"
                        },
                        "type": {
                            "uri": "http://schema.org/name"
                        },
                        "origin": "TfIdfModel",
                        "confidenceScore": 0.23037412406114244
                    }
                ],
                "modelIds": null
            },
            {
                "id": "HN139",
                "label": {
                    "uri": "HN139"
                },
                "type": "ColumnNode",
                "hNodeId": "HN139",
                "columnName": "name",
                "rdfLiteralType": null,
                "userSemanticTypes": [
                    {
                        "hNodeId": "HN139",
                        "domain": {
                            "uri": "http://schema.org/Person"
                        },
                        "type": {
                            "uri": "http://schema.org/name"
                        },
                        "origin": "User",
                        "confidenceScore": 1.0
                    }
                ],
                "learnedSemanticTypes": [
                    {
                        "hNodeId": "HN139",
                        "domain": {
                            "uri": "http://schema.org/Person"
                        },
                        "type": {
                            "uri": "http://schema.org/name"
                        },
                        "origin": "TfIdfModel",
                        "confidenceScore": 0.45044726039064514
                    },
                    {
                        "hNodeId": "HN139",
                        "domain": {
                            "uri": "http://schema.org/Person"
                        },
                        "type": {
                            "uri": "http://schema.org/alternateName"
                        },
                        "origin": "TfIdfModel",
                        "confidenceScore": 0.3806002081631929
                    },
                    {
                        "hNodeId": "HN139",
                        "domain": {
                            "uri": "http://schema.org/ScholarlyArticle"
                        },
                        "type": {
                            "uri": "http://schema.org/citation"
                        },
                        "origin": "TfIdfModel",
                        "confidenceScore": 0.09280305763043369
                    },
                    {
                        "hNodeId": "HN139",
                        "domain": {
                            "uri": "http://schema.org/Offer"
                        },
                        "type": {
                            "uri": "http://schema.org/title"
                        },
                        "origin": "TfIdfModel",
                        "confidenceScore": 0.07614947381572822
                    }
                ],
                "modelIds": null
            },
            {
                "id": "HN10",
                "label": {
                    "uri": "HN10"
                },
                "type": "ColumnNode",
                "hNodeId": "HN10",
                "columnName": "city",
                "rdfLiteralType": null,
                "userSemanticTypes": [
                    {
                        "hNodeId": "HN10",
                        "domain": {
                            "uri": "http://schema.org/PostalAddress"
                        },
                        "type": {
                            "uri": "http://schema.org/addressLocality"
                        },
                        "origin": "User",
                        "confidenceScore": 1.0
                    }
                ],
                "learnedSemanticTypes": [
                    {
                        "hNodeId": "HN10",
                        "domain": {
                            "uri": "http://schema.org/Place"
                        },
                        "type": {
                            "uri": "http://schema.org/name"
                        },
                        "origin": "TfIdfModel",
                        "confidenceScore": 1.0
                    }
                ],
                "modelIds": null
            },
            {
                "id": "HN12",
                "label": {
                    "uri": "HN12"
                },
                "type": "ColumnNode",
                "hNodeId": "HN12",
                "columnName": "state",
                "rdfLiteralType": null,
                "userSemanticTypes": [
                    {
                        "hNodeId": "HN12",
                        "domain": {
                            "uri": "http://schema.org/PostalAddress"
                        },
                        "type": {
                            "uri": "http://schema.org/addressRegion"
                        },
                        "origin": "User",
                        "confidenceScore": 1.0
                    }
                ],
                "learnedSemanticTypes": [
                    {
                        "hNodeId": "HN12",
                        "domain": {
                            "uri": "http://schema.org/Person"
                        },
                        "type": {
                            "uri": "http://schema.org/alternateName"
                        },
                        "origin": "TfIdfModel",
                        "confidenceScore": 0.5390947610087874
                    },
                    {
                        "hNodeId": "HN12",
                        "domain": {
                            "uri": "http://schema.org/Person"
                        },
                        "type": {
                            "uri": "http://schema.org/name"
                        },
                        "origin": "TfIdfModel",
                        "confidenceScore": 0.32680882424111035
                    },
                    {
                        "hNodeId": "HN12",
                        "domain": {
                            "uri": "http://schema.org/Offer"
                        },
                        "type": {
                            "uri": "http://schema.org/description"
                        },
                        "origin": "TfIdfModel",
                        "confidenceScore": 0.06738684512609842
                    },
                    {
                        "hNodeId": "HN12",
                        "domain": {
                            "uri": "http://schema.org/ImageObject"
                        },
                        "type": {
                            "uri": "http://schema.org/url"
                        },
                        "origin": "TfIdfModel",
                        "confidenceScore": 0.06670956962400382
                    }
                ],
                "modelIds": null
            },
            {
                "id": "HN18",
                "label": {
                    "uri": "HN18"
                },
                "type": "ColumnNode",
                "hNodeId": "HN18",
                "columnName": "zipcode",
                "rdfLiteralType": null,
                "userSemanticTypes": [
                    {
                        "hNodeId": "HN18",
                        "domain": {
                            "uri": "http://schema.org/PostalAddress"
                        },
                        "type": {
                            "uri": "http://schema.org/postalCode"
                        },
                        "origin": "User",
                        "confidenceScore": 1.0
                    }
                ],
                "learnedSemanticTypes": [],
                "modelIds": null
            },
            {
                "id": "HN14",
                "label": {
                    "uri": "HN14"
                },
                "type": "ColumnNode",
                "hNodeId": "HN14",
                "columnName": "street1",
                "rdfLiteralType": null,
                "userSemanticTypes": [
                    {
                        "hNodeId": "HN14",
                        "domain": {
                            "uri": "http://schema.org/PostalAddress"
                        },
                        "type": {
                            "uri": "http://schema.org/streetAddress"
                        },
                        "origin": "User",
                        "confidenceScore": 1.0
                    }
                ],
                "learnedSemanticTypes": [
                    {
                        "hNodeId": "HN14",
                        "domain": {
                            "uri": "http://schema.org/PostalAddress"
                        },
                        "type": {
                            "uri": "http://schema.org/streetAddress"
                        },
                        "origin": "TfIdfModel",
                        "confidenceScore": 1.0
                    }
                ],
                "modelIds": null
            },
            {
                "id": "HN32",
                "label": {
                    "uri": "HN32"
                },
                "type": "ColumnNode",
                "hNodeId": "HN32",
                "columnName": "city",
                "rdfLiteralType": null,
                "userSemanticTypes": [
                    {
                        "hNodeId": "HN32",
                        "domain": {
                            "uri": "http://schema.org/PostalAddress"
                        },
                        "type": {
                            "uri": "http://schema.org/addressLocality"
                        },
                        "origin": "User",
                        "confidenceScore": 1.0
                    }
                ],
                "learnedSemanticTypes": [
                    {
                        "hNodeId": "HN32",
                        "domain": {
                            "uri": "http://schema.org/PostalAddress"
                        },
                        "type": {
                            "uri": "http://schema.org/addressLocality"
                        },
                        "origin": "TfIdfModel",
                        "confidenceScore": 0.7734693037171402
                    },
                    {
                        "hNodeId": "HN32",
                        "domain": {
                            "uri": "http://memexproxy.com/ontology/PersonOrOrganization"
                        },
                        "type": {
                            "uri": "http://schema.org/name"
                        },
                        "origin": "TfIdfModel",
                        "confidenceScore": 0.1182753605813941
                    },
                    {
                        "hNodeId": "HN32",
                        "domain": {
                            "uri": "http://schema.org/PostalAddress"
                        },
                        "type": {
                            "uri": "http://schema.org/streetAddress"
                        },
                        "origin": "TfIdfModel",
                        "confidenceScore": 0.07411218268335171
                    },
                    {
                        "hNodeId": "HN32",
                        "domain": {
                            "uri": "http://schema.org/Offer"
                        },
                        "type": {
                            "uri": "http://schema.org/url"
                        },
                        "origin": "TfIdfModel",
                        "confidenceScore": 0.03414315301811407
                    }
                ],
                "modelIds": null
            },
            {
                "id": "HN34",
                "label": {
                    "uri": "HN34"
                },
                "type": "ColumnNode",
                "hNodeId": "HN34",
                "columnName": "state",
                "rdfLiteralType": null,
                "userSemanticTypes": [
                    {
                        "hNodeId": "HN34",
                        "domain": {
                            "uri": "http://schema.org/PostalAddress"
                        },
                        "type": {
                            "uri": "http://schema.org/addressRegion"
                        },
                        "origin": "User",
                        "confidenceScore": 1.0
                    }
                ],
                "learnedSemanticTypes": [
                    {
                        "hNodeId": "HN34",
                        "domain": {
                            "uri": "http://schema.org/PostalAddress"
                        },
                        "type": {
                            "uri": "http://schema.org/addressRegion"
                        },
                        "origin": "TfIdfModel",
                        "confidenceScore": 0.7551906274417178
                    },
                    {
                        "hNodeId": "HN34",
                        "domain": {
                            "uri": "http://memexproxy.com/ontology/PersonOrOrganization"
                        },
                        "type": {
                            "uri": "http://schema.org/name"
                        },
                        "origin": "TfIdfModel",
                        "confidenceScore": 0.24163533501556353
                    },
                    {
                        "hNodeId": "HN34",
                        "domain": {
                            "uri": "http://schema.org/PostalAddress"
                        },
                        "type": {
                            "uri": "http://schema.org/streetAddress"
                        },
                        "origin": "TfIdfModel",
                        "confidenceScore": 0.0031740375427186337
                    }
                ],
                "modelIds": null
            },
            {
                "id": "HN40",
                "label": {
                    "uri": "HN40"
                },
                "type": "ColumnNode",
                "hNodeId": "HN40",
                "columnName": "zipcode",
                "rdfLiteralType": null,
                "userSemanticTypes": [
                    {
                        "hNodeId": "HN40",
                        "domain": {
                            "uri": "http://schema.org/PostalAddress"
                        },
                        "type": {
                            "uri": "http://schema.org/postalCode"
                        },
                        "origin": "User",
                        "confidenceScore": 1.0
                    }
                ],
                "learnedSemanticTypes": [],
                "modelIds": null
            },
            {
                "id": "HN36",
                "label": {
                    "uri": "HN36"
                },
                "type": "ColumnNode",
                "hNodeId": "HN36",
                "columnName": "street1",
                "rdfLiteralType": null,
                "userSemanticTypes": [
                    {
                        "hNodeId": "HN36",
                        "domain": {
                            "uri": "http://schema.org/PostalAddress"
                        },
                        "type": {
                            "uri": "http://schema.org/streetAddress"
                        },
                        "origin": "User",
                        "confidenceScore": 1.0
                    }
                ],
                "learnedSemanticTypes": [
                    {
                        "hNodeId": "HN36",
                        "domain": {
                            "uri": "http://schema.org/PostalAddress"
                        },
                        "type": {
                            "uri": "http://schema.org/streetAddress"
                        },
                        "origin": "TfIdfModel",
                        "confidenceScore": 0.7410592726956484
                    },
                    {
                        "hNodeId": "HN36",
                        "domain": {
                            "uri": "http://schema.org/PostalAddress"
                        },
                        "type": {
                            "uri": "http://schema.org/name"
                        },
                        "origin": "TfIdfModel",
                        "confidenceScore": 0.17438363662769288
                    },
                    {
                        "hNodeId": "HN36",
                        "domain": {
                            "uri": "http://schema.org/Offer"
                        },
                        "type": {
                            "uri": "http://schema.org/description"
                        },
                        "origin": "TfIdfModel",
                        "confidenceScore": 0.05263808953699418
                    },
                    {
                        "hNodeId": "HN36",
                        "domain": {
                            "uri": "http://memexproxy.com/ontology/PersonOrOrganization"
                        },
                        "type": {
                            "uri": "http://schema.org/name"
                        },
                        "origin": "TfIdfModel",
                        "confidenceScore": 0.031919001139664525
                    }
                ],
                "modelIds": null
            }
        ],
        "links": [
            {
                "id": "http://schema.org/Organization1---http://isi.edu/integration/karma/dev#classLink---HN247",
                "weight": 0.01,
                "type": "ClassInstanceLink",
                "label": {
                    "uri": "http://isi.edu/integration/karma/dev#classLink"
                },
                "status": "ForcedByUser",
                "keyInfo": "UriOfInstance",
                "modelIds": null
            },
            {
                "id": "http://schema.org/Organization1---http://schema.org/employee---http://schema.org/Person1",
                "weight": 0.01,
                "type": "ObjectPropertyLink",
                "label": {
                    "uri": "http://schema.org/employee"
                },
                "objectPropertyType": "None",
                "status": "ForcedByUser",
                "keyInfo": "None",
                "modelIds": null
            },
            {
                "id": "http://schema.org/Organization1---http://schema.org/legalName---HN20",
                "weight": 0.01,
                "type": "DataPropertyLink",
                "label": {
                    "uri": "http://schema.org/legalName"
                },
                "status": "ForcedByUser",
                "keyInfo": "None",
                "modelIds": null
            },
            {
                "id": "http://schema.org/Organization1---http://schema.org/location---http://schema.org/PostalAddress1",
                "weight": 0.01,
                "type": "ObjectPropertyLink",
                "label": {
                    "uri": "http://schema.org/location"
                },
                "objectPropertyType": "None",
                "status": "ForcedByUser",
                "keyInfo": "None",
                "modelIds": null
            },
            {
                "id": "http://schema.org/Organization1---http://schema.org/subOrganization---http://schema.org/Organization2",
                "weight": 0.01,
                "type": "ObjectPropertyLink",
                "label": {
                    "uri": "http://schema.org/subOrganization"
                },
                "objectPropertyType": "None",
                "status": "ForcedByUser",
                "keyInfo": "None",
                "modelIds": null
            },
            {
                "id": "http://schema.org/Organization1---http://schema.org/telephone---HN405",
                "weight": 0.01,
                "type": "DataPropertyLink",
                "label": {
                    "uri": "http://schema.org/telephone"
                },
                "status": "ForcedByUser",
                "keyInfo": "None",
                "modelIds": null
            },
            {
                "id": "http://schema.org/Organization1---http://schema.org/url---HN205",
                "weight": 0.01,
                "type": "DataPropertyLink",
                "label": {
                    "uri": "http://schema.org/url"
                },
                "status": "ForcedByUser",
                "keyInfo": "None",
                "modelIds": null
            },
            {
                "id": "http://schema.org/Organization2---http://isi.edu/integration/karma/dev#classLink---HN347",
                "weight": 0.01,
                "type": "ClassInstanceLink",
                "label": {
                    "uri": "http://isi.edu/integration/karma/dev#classLink"
                },
                "status": "ForcedByUser",
                "keyInfo": "UriOfInstance",
                "modelIds": null
            },
            {
                "id": "http://schema.org/Organization2---http://schema.org/legalName---HN42",
                "weight": 0.01,
                "type": "DataPropertyLink",
                "label": {
                    "uri": "http://schema.org/legalName"
                },
                "status": "ForcedByUser",
                "keyInfo": "None",
                "modelIds": null
            },
            {
                "id": "http://schema.org/Organization2---http://schema.org/location---http://schema.org/PostalAddress2",
                "weight": 0.01,
                "type": "ObjectPropertyLink",
                "label": {
                    "uri": "http://schema.org/location"
                },
                "objectPropertyType": "None",
                "status": "ForcedByUser",
                "keyInfo": "None",
                "modelIds": null
            },
            {
                "id": "http://schema.org/Organization2---http://schema.org/telephone---HN377",
                "weight": 0.01,
                "type": "DataPropertyLink",
                "label": {
                    "uri": "http://schema.org/telephone"
                },
                "status": "ForcedByUser",
                "keyInfo": "None",
                "modelIds": null
            },
            {
                "id": "http://schema.org/Person1---http://isi.edu/integration/karma/dev#classLink---HN450",
                "weight": 0.01,
                "type": "ClassInstanceLink",
                "label": {
                    "uri": "http://isi.edu/integration/karma/dev#classLink"
                },
                "status": "ForcedByUser",
                "keyInfo": "UriOfInstance",
                "modelIds": null
            },
            {
                "id": "http://schema.org/Person1---http://schema.org/jobTitle---HN141",
                "weight": 0.01,
                "type": "DataPropertyLink",
                "label": {
                    "uri": "http://schema.org/jobTitle"
                },
                "status": "ForcedByUser",
                "keyInfo": "None",
                "modelIds": null
            },
            {
                "id": "http://schema.org/Person1---http://schema.org/name---HN139",
                "weight": 0.01,
                "type": "DataPropertyLink",
                "label": {
                    "uri": "http://schema.org/name"
                },
                "status": "ForcedByUser",
                "keyInfo": "None",
                "modelIds": null
            },
            {
                "id": "http://schema.org/PostalAddress1---http://schema.org/addressLocality---HN10",
                "weight": 0.01,
                "type": "DataPropertyLink",
                "label": {
                    "uri": "http://schema.org/addressLocality"
                },
                "status": "ForcedByUser",
                "keyInfo": "None",
                "modelIds": null
            },
            {
                "id": "http://schema.org/PostalAddress1---http://schema.org/addressRegion---HN12",
                "weight": 0.01,
                "type": "DataPropertyLink",
                "label": {
                    "uri": "http://schema.org/addressRegion"
                },
                "status": "ForcedByUser",
                "keyInfo": "None",
                "modelIds": null
            },
            {
                "id": "http://schema.org/PostalAddress1---http://schema.org/postalCode---HN18",
                "weight": 0.01,
                "type": "DataPropertyLink",
                "label": {
                    "uri": "http://schema.org/postalCode"
                },
                "status": "ForcedByUser",
                "keyInfo": "None",
                "modelIds": null
            },
            {
                "id": "http://schema.org/PostalAddress1---http://schema.org/streetAddress---HN14",
                "weight": 0.01,
                "type": "DataPropertyLink",
                "label": {
                    "uri": "http://schema.org/streetAddress"
                },
                "status": "ForcedByUser",
                "keyInfo": "None",
                "modelIds": null
            },
            {
                "id": "http://schema.org/PostalAddress2---http://schema.org/addressLocality---HN32",
                "weight": 0.01,
                "type": "DataPropertyLink",
                "label": {
                    "uri": "http://schema.org/addressLocality"
                },
                "status": "ForcedByUser",
                "keyInfo": "None",
                "modelIds": null
            },
            {
                "id": "http://schema.org/PostalAddress2---http://schema.org/addressRegion---HN34",
                "weight": 0.01,
                "type": "DataPropertyLink",
                "label": {
                    "uri": "http://schema.org/addressRegion"
                },
                "status": "ForcedByUser",
                "keyInfo": "None",
                "modelIds": null
            },
            {
                "id": "http://schema.org/PostalAddress2---http://schema.org/postalCode---HN40",
                "weight": 0.01,
                "type": "DataPropertyLink",
                "label": {
                    "uri": "http://schema.org/postalCode"
                },
                "status": "ForcedByUser",
                "keyInfo": "None",
                "modelIds": null
            },
            {
                "id": "http://schema.org/PostalAddress2---http://schema.org/streetAddress---HN36",
                "weight": 0.01,
                "type": "DataPropertyLink",
                "label": {
                    "uri": "http://schema.org/streetAddress"
                },
                "status": "ForcedByUser",
                "keyInfo": "None",
                "modelIds": null
            },
            {
                "id": "http://schema.org/Person1---http://schema.org/worksFor---http://schema.org/Organization1",
                "weight": 0.01,
                "type": "ObjectPropertyLink",
                "label": {
                    "uri": "http://schema.org/worksFor"
                },
                "objectPropertyType": "None",
                "status": "ForcedByUser",
                "keyInfo": "None",
                "modelIds": null
            }
        ]
    }
}