{
    "id": "ieee-references-sample.json",
    "name": "ieee-references-sample.json",
    "description": null,
    "sourceColumns": [
        {
            "id": "HN182",
            "hNodeId": "HN182",
            "columnName": "abstract_uri"
        },
        {
            "id": "HN192",
            "hNodeId": "HN192",
            "columnName": "reference_uri"
        }
    ],
    "mappingToSourceColumns": [
        {
            "id": "HN192",
            "sourceColumnId": "HN192"
        },
        {
            "id": "HN182",
            "sourceColumnId": "HN182"
        }
    ],
    "graph": {
        "nodes": [
            {
                "id": "http://schema.org/ScholarlyArticle1",
                "label": {
                    "uri": "http://schema.org/ScholarlyArticle"
                },
                "type": "InternalNode",
                "modelIds": null
            },
            {
                "id": "HN182",
                "label": {
                    "uri": "HN182"
                },
                "type": "ColumnNode",
                "hNodeId": "HN182",
                "columnName": "abstract_uri",
                "rdfLiteralType": null,
                "userSemanticTypes": [
                    {
                        "hNodeId": "HN182",
                        "domain": {
                            "uri": "http://schema.org/ScholarlyArticle"
                        },
                        "type": {
                            "uri": "http://isi.edu/integration/karma/dev#classLink"
                        },
                        "origin": "User",
                        "confidenceScore": 1.0
                    }
                ],
                "learnedSemanticTypes": null,
                "modelIds": null
            },
            {
                "id": "http://schema.org/ScholarlyArticle2",
                "label": {
                    "uri": "http://schema.org/ScholarlyArticle"
                },
                "type": "InternalNode",
                "modelIds": null
            },
            {
                "id": "HN192",
                "label": {
                    "uri": "HN192"
                },
                "type": "ColumnNode",
                "hNodeId": "HN192",
                "columnName": "reference_uri",
                "rdfLiteralType": null,
                "userSemanticTypes": [
                    {
                        "hNodeId": "HN192",
                        "domain": {
                            "uri": "http://schema.org/ScholarlyArticle"
                        },
                        "type": {
                            "uri": "http://isi.edu/integration/karma/dev#classLink"
                        },
                        "origin": "User",
                        "confidenceScore": 1.0
                    }
                ],
                "learnedSemanticTypes": null,
                "modelIds": null
            }
        ],
        "links": [
            {
                "id": "http://schema.org/ScholarlyArticle1---http://isi.edu/integration/karma/dev#classLink---HN182",
                "weight": 0.01,
                "type": "ClassInstanceLink",
                "label": {
                    "uri": "http://isi.edu/integration/karma/dev#classLink"
                },
                "status": "ForcedByUser",
                "keyInfo": "UriOfInstance",
                "modelIds": null
            },
            {
                "id": "http://schema.org/ScholarlyArticle1---http://schema.org/citation---http://schema.org/ScholarlyArticle2",
                "weight": 0.01,
                "type": "ObjectPropertyLink",
                "label": {
                    "uri": "http://schema.org/citation"
                },
                "objectPropertyType": "None",
                "status": "ForcedByUser",
                "keyInfo": "None",
                "modelIds": null
            },
            {
                "id": "http://schema.org/ScholarlyArticle2---http://isi.edu/integration/karma/dev#classLink---HN192",
                "weight": 0.01,
                "type": "ClassInstanceLink",
                "label": {
                    "uri": "http://isi.edu/integration/karma/dev#classLink"
                },
                "status": "ForcedByUser",
                "keyInfo": "UriOfInstance",
                "modelIds": null
            },
            {
                "id": "http://schema.org/ScholarlyArticle2---http://memexproxy.com/ontology/isCitationOf---http://schema.org/ScholarlyArticle1",
                "weight": 0.01,
                "type": "ObjectPropertyLink",
                "label": {
                    "uri": "http://memexproxy.com/ontology/isCitationOf"
                },
                "objectPropertyType": "None",
                "status": "ForcedByUser",
                "keyInfo": "None",
                "modelIds": null
            }
        ]
    }
}