{
    "id": "ieee-details-sample.json",
    "name": "ieee-details-sample.json",
    "description": null,
    "sourceColumns": [
        {
            "id": "HN143",
            "hNodeId": "HN143",
            "columnName": "author_uri"
        },
        {
            "id": "HN55",
            "hNodeId": "HN55",
            "columnName": "values"
        },
        {
            "id": "HN171",
            "hNodeId": "HN171",
            "columnName": "author_normalized"
        },
        {
            "id": "HN123",
            "hNodeId": "HN123",
            "columnName": "abstract_uri"
        },
        {
            "id": "HN157",
            "hNodeId": "HN157",
            "columnName": "datepublished"
        },
        {
            "id": "HN36",
            "hNodeId": "HN36",
            "columnName": "title"
        },
        {
            "id": "HN49",
            "hNodeId": "HN49",
            "columnName": "abstract"
        }
    ],
    "mappingToSourceColumns": [
        {
            "id": "HN55",
            "sourceColumnId": "HN55"
        },
        {
            "id": "HN123",
            "sourceColumnId": "HN123"
        },
        {
            "id": "HN171",
            "sourceColumnId": "HN171"
        },
        {
            "id": "HN36",
            "sourceColumnId": "HN36"
        },
        {
            "id": "HN49",
            "sourceColumnId": "HN49"
        },
        {
            "id": "HN157",
            "sourceColumnId": "HN157"
        },
        {
            "id": "HN143",
            "sourceColumnId": "HN143"
        }
    ],
    "graph": {
        "nodes": [
            {
                "id": "http://schema.org/Person1",
                "label": {
                    "uri": "http://schema.org/Person"
                },
                "type": "InternalNode",
                "modelIds": null
            },
            {
                "id": "HN143",
                "label": {
                    "uri": "HN143"
                },
                "type": "ColumnNode",
                "hNodeId": "HN143",
                "columnName": "author_uri",
                "rdfLiteralType": null,
                "userSemanticTypes": [
                    {
                        "hNodeId": "HN143",
                        "domain": {
                            "uri": "http://schema.org/Person"
                        },
                        "type": {
                            "uri": "http://isi.edu/integration/karma/dev#classLink"
                        },
                        "origin": "User",
                        "confidenceScore": 1.0
                    }
                ],
                "learnedSemanticTypes": null,
                "modelIds": null
            },
            {
                "id": "HN55",
                "label": {
                    "uri": "HN55"
                },
                "type": "ColumnNode",
                "hNodeId": "HN55",
                "columnName": "values",
                "rdfLiteralType": null,
                "userSemanticTypes": [
                    {
                        "hNodeId": "HN55",
                        "domain": {
                            "uri": "http://schema.org/Person"
                        },
                        "type": {
                            "uri": "http://schema.org/alternateName"
                        },
                        "origin": "User",
                        "confidenceScore": 1.0
                    }
                ],
                "learnedSemanticTypes": null,
                "modelIds": null
            },
            {
                "id": "HN171",
                "label": {
                    "uri": "HN171"
                },
                "type": "ColumnNode",
                "hNodeId": "HN171",
                "columnName": "author_normalized",
                "rdfLiteralType": null,
                "userSemanticTypes": [
                    {
                        "hNodeId": "HN171",
                        "domain": {
                            "uri": "http://schema.org/Person"
                        },
                        "type": {
                            "uri": "http://schema.org/name"
                        },
                        "origin": "User",
                        "confidenceScore": 1.0
                    }
                ],
                "learnedSemanticTypes": null,
                "modelIds": null
            },
            {
                "id": "http://schema.org/ScholarlyArticle1",
                "label": {
                    "uri": "http://schema.org/ScholarlyArticle"
                },
                "type": "InternalNode",
                "modelIds": null
            },
            {
                "id": "HN123",
                "label": {
                    "uri": "HN123"
                },
                "type": "ColumnNode",
                "hNodeId": "HN123",
                "columnName": "abstract_uri",
                "rdfLiteralType": null,
                "userSemanticTypes": [
                    {
                        "hNodeId": "HN123",
                        "domain": {
                            "uri": "http://schema.org/ScholarlyArticle"
                        },
                        "type": {
                            "uri": "http://isi.edu/integration/karma/dev#classLink"
                        },
                        "origin": "User",
                        "confidenceScore": 1.0
                    }
                ],
                "learnedSemanticTypes": null,
                "modelIds": null
            },
            {
                "id": "HN157",
                "label": {
                    "uri": "HN157"
                },
                "type": "ColumnNode",
                "hNodeId": "HN157",
                "columnName": "datepublished",
                "rdfLiteralType": {
                    "uri": "http://www.w3.org/2001/XMLSchema#gYear"
                },
                "userSemanticTypes": [
                    {
                        "hNodeId": "HN157",
                        "domain": {
                            "uri": "http://schema.org/ScholarlyArticle"
                        },
                        "type": {
                            "uri": "http://schema.org/datePublished"
                        },
                        "origin": "User",
                        "confidenceScore": 1.0
                    }
                ],
                "learnedSemanticTypes": null,
                "modelIds": null
            },
            {
                "id": "HN36",
                "label": {
                    "uri": "HN36"
                },
                "type": "ColumnNode",
                "hNodeId": "HN36",
                "columnName": "title",
                "rdfLiteralType": null,
                "userSemanticTypes": [
                    {
                        "hNodeId": "HN36",
                        "domain": {
                            "uri": "http://schema.org/ScholarlyArticle"
                        },
                        "type": {
                            "uri": "http://schema.org/name"
                        },
                        "origin": "User",
                        "confidenceScore": 1.0
                    }
                ],
                "learnedSemanticTypes": null,
                "modelIds": null
            },
            {
                "id": "HN49",
                "label": {
                    "uri": "HN49"
                },
                "type": "ColumnNode",
                "hNodeId": "HN49",
                "columnName": "abstract",
                "rdfLiteralType": null,
                "userSemanticTypes": [
                    {
                        "hNodeId": "HN49",
                        "domain": {
                            "uri": "http://schema.org/ScholarlyArticle"
                        },
                        "type": {
                            "uri": "http://schema.org/text"
                        },
                        "origin": "User",
                        "confidenceScore": 1.0
                    }
                ],
                "learnedSemanticTypes": null,
                "modelIds": null
            }
        ],
        "links": [
            {
                "id": "http://schema.org/Person1---http://isi.edu/integration/karma/dev#classLink---HN143",
                "weight": 0.01,
                "type": "ClassInstanceLink",
                "label": {
                    "uri": "http://isi.edu/integration/karma/dev#classLink"
                },
                "status": "ForcedByUser",
                "keyInfo": "UriOfInstance",
                "modelIds": null
            },
            {
                "id": "http://schema.org/Person1---http://schema.org/alternateName---HN55",
                "weight": 0.01,
                "type": "DataPropertyLink",
                "label": {
                    "uri": "http://schema.org/alternateName"
                },
                "status": "ForcedByUser",
                "keyInfo": "None",
                "modelIds": null
            },
            {
                "id": "http://schema.org/Person1---http://schema.org/name---HN171",
                "weight": 0.01,
                "type": "DataPropertyLink",
                "label": {
                    "uri": "http://schema.org/name"
                },
                "status": "ForcedByUser",
                "keyInfo": "None",
                "modelIds": null
            },
            {
                "id": "http://schema.org/ScholarlyArticle1---http://isi.edu/integration/karma/dev#classLink---HN123",
                "weight": 0.01,
                "type": "ClassInstanceLink",
                "label": {
                    "uri": "http://isi.edu/integration/karma/dev#classLink"
                },
                "status": "ForcedByUser",
                "keyInfo": "UriOfInstance",
                "modelIds": null
            },
            {
                "id": "http://schema.org/ScholarlyArticle1---http://schema.org/author---http://schema.org/Person1",
                "weight": 0.01,
                "type": "ObjectPropertyLink",
                "label": {
                    "uri": "http://schema.org/author"
                },
                "objectPropertyType": "None",
                "status": "ForcedByUser",
                "keyInfo": "None",
                "modelIds": null
            },
            {
                "id": "http://schema.org/ScholarlyArticle1---http://schema.org/datePublished---HN157",
                "weight": 0.01,
                "type": "DataPropertyLink",
                "label": {
                    "uri": "http://schema.org/datePublished"
                },
                "status": "ForcedByUser",
                "keyInfo": "None",
                "modelIds": null
            },
            {
                "id": "http://schema.org/ScholarlyArticle1---http://schema.org/name---HN36",
                "weight": 0.01,
                "type": "DataPropertyLink",
                "label": {
                    "uri": "http://schema.org/name"
                },
                "status": "ForcedByUser",
                "keyInfo": "None",
                "modelIds": null
            },
            {
                "id": "http://schema.org/ScholarlyArticle1---http://schema.org/text---HN49",
                "weight": 0.01,
                "type": "DataPropertyLink",
                "label": {
                    "uri": "http://schema.org/text"
                },
                "status": "ForcedByUser",
                "keyInfo": "None",
                "modelIds": null
            },
            {
                "id": "http://schema.org/Person1---http://memexproxy.com/ontology/isAuthorOf---http://schema.org/ScholarlyArticle1",
                "weight": 0.01,
                "type": "ObjectPropertyLink",
                "label": {
                    "uri": "http://memexproxy.com/ontology/isAuthorOf"
                },
                "objectPropertyType": "None",
                "status": "ForcedByUser",
                "keyInfo": "None",
                "modelIds": null
            }
        ]
    }
}