{
    "id": "jpl-pdf-sample.json",
    "name": "jpl-pdf-sample.json",
    "description": null,
    "sourceColumns": [
        {
            "id": "HN2538",
            "hNodeId": "HN2538",
            "columnName": "#text"
        },
        {
            "id": "HN3293",
            "hNodeId": "HN3293",
            "columnName": "author_uri"
        },
        {
            "id": "HN3390",
            "hNodeId": "HN3390",
            "columnName": "author_name"
        },
        {
            "id": "HN3598",
            "hNodeId": "HN3598",
            "columnName": "author_name_nromalized"
        },
        {
            "id": "HN3581",
            "hNodeId": "HN3581",
            "columnName": "article_author_uri"
        },
        {
            "id": "HN3492",
            "hNodeId": "HN3492",
            "columnName": "article_author_name"
        },
        {
            "id": "HN2495",
            "hNodeId": "HN2495",
            "columnName": "email"
        },
        {
            "id": "HN3729",
            "hNodeId": "HN3729",
            "columnName": "article_author_name_normalized"
        },
        {
            "id": "HN2568",
            "hNodeId": "HN2568",
            "columnName": "settlement"
        },
        {
            "id": "HN3682",
            "hNodeId": "HN3682",
            "columnName": "year_published"
        },
        {
            "id": "HN665",
            "hNodeId": "HN665",
            "columnName": "#text"
        },
        {
            "id": "HN3277",
            "hNodeId": "HN3277",
            "columnName": "article_uri"
        },
        {
            "id": "HN590",
            "hNodeId": "HN590",
            "columnName": "#text"
        },
        {
            "id": "HN592",
            "hNodeId": "HN592",
            "columnName": "abstract"
        }
    ],
    "mappingToSourceColumns": [
        {
            "id": "HN3492",
            "sourceColumnId": "HN3492"
        },
        {
            "id": "HN3293",
            "sourceColumnId": "HN3293"
        },
        {
            "id": "HN3581",
            "sourceColumnId": "HN3581"
        },
        {
            "id": "HN2538",
            "sourceColumnId": "HN2538"
        },
        {
            "id": "HN3682",
            "sourceColumnId": "HN3682"
        },
        {
            "id": "HN3390",
            "sourceColumnId": "HN3390"
        },
        {
            "id": "HN2568",
            "sourceColumnId": "HN2568"
        },
        {
            "id": "HN665",
            "sourceColumnId": "HN665"
        },
        {
            "id": "HN592",
            "sourceColumnId": "HN592"
        },
        {
            "id": "HN3729",
            "sourceColumnId": "HN3729"
        },
        {
            "id": "HN3598",
            "sourceColumnId": "HN3598"
        },
        {
            "id": "HN590",
            "sourceColumnId": "HN590"
        },
        {
            "id": "HN2495",
            "sourceColumnId": "HN2495"
        },
        {
            "id": "HN3277",
            "sourceColumnId": "HN3277"
        }
    ],
    "graph": {
        "nodes": [
            {
                "id": "http://schema.org/Organization1",
                "label": {
                    "uri": "http://schema.org/Organization"
                },
                "type": "InternalNode",
                "modelIds": null
            },
            {
                "id": "http://schema.org/Place1",
                "label": {
                    "uri": "http://schema.org/Place"
                },
                "type": "InternalNode",
                "modelIds": null
            },
            {
                "id": "HN2538",
                "label": {
                    "uri": "HN2538"
                },
                "type": "ColumnNode",
                "hNodeId": "HN2538",
                "columnName": "#text",
                "rdfLiteralType": null,
                "userSemanticTypes": [
                    {
                        "hNodeId": "HN2538",
                        "domain": {
                            "uri": "http://schema.org/Organization"
                        },
                        "type": {
                            "uri": "http://schema.org/name"
                        },
                        "origin": "User",
                        "confidenceScore": 1.0
                    }
                ],
                "learnedSemanticTypes": null,
                "modelIds": null
            },
            {
                "id": "http://schema.org/Person1",
                "label": {
                    "uri": "http://schema.org/Person"
                },
                "type": "InternalNode",
                "modelIds": null
            },
            {
                "id": "HN3293",
                "label": {
                    "uri": "HN3293"
                },
                "type": "ColumnNode",
                "hNodeId": "HN3293",
                "columnName": "author_uri",
                "rdfLiteralType": null,
                "userSemanticTypes": [
                    {
                        "hNodeId": "HN3293",
                        "domain": {
                            "uri": "http://schema.org/Person"
                        },
                        "type": {
                            "uri": "http://isi.edu/integration/karma/dev#classLink"
                        },
                        "origin": "User",
                        "confidenceScore": 1.0
                    }
                ],
                "learnedSemanticTypes": null,
                "modelIds": null
            },
            {
                "id": "HN3390",
                "label": {
                    "uri": "HN3390"
                },
                "type": "ColumnNode",
                "hNodeId": "HN3390",
                "columnName": "author_name",
                "rdfLiteralType": null,
                "userSemanticTypes": [
                    {
                        "hNodeId": "HN3390",
                        "domain": {
                            "uri": "http://schema.org/Person"
                        },
                        "type": {
                            "uri": "http://schema.org/alternateName"
                        },
                        "origin": "User",
                        "confidenceScore": 1.0
                    }
                ],
                "learnedSemanticTypes": null,
                "modelIds": null
            },
            {
                "id": "HN3598",
                "label": {
                    "uri": "HN3598"
                },
                "type": "ColumnNode",
                "hNodeId": "HN3598",
                "columnName": "author_name_nromalized",
                "rdfLiteralType": null,
                "userSemanticTypes": [
                    {
                        "hNodeId": "HN3598",
                        "domain": {
                            "uri": "http://schema.org/Person"
                        },
                        "type": {
                            "uri": "http://schema.org/name"
                        },
                        "origin": "User",
                        "confidenceScore": 1.0
                    }
                ],
                "learnedSemanticTypes": null,
                "modelIds": null
            },
            {
                "id": "http://schema.org/Person2",
                "label": {
                    "uri": "http://schema.org/Person"
                },
                "type": "InternalNode",
                "modelIds": null
            },
            {
                "id": "HN3581",
                "label": {
                    "uri": "HN3581"
                },
                "type": "ColumnNode",
                "hNodeId": "HN3581",
                "columnName": "article_author_uri",
                "rdfLiteralType": null,
                "userSemanticTypes": [
                    {
                        "hNodeId": "HN3581",
                        "domain": {
                            "uri": "http://schema.org/Person"
                        },
                        "type": {
                            "uri": "http://isi.edu/integration/karma/dev#classLink"
                        },
                        "origin": "User",
                        "confidenceScore": 1.0
                    }
                ],
                "learnedSemanticTypes": null,
                "modelIds": null
            },
            {
                "id": "http://schema.org/ScholarlyArticle2",
                "label": {
                    "uri": "http://schema.org/ScholarlyArticle"
                },
                "type": "InternalNode",
                "modelIds": null
            },
            {
                "id": "HN3492",
                "label": {
                    "uri": "HN3492"
                },
                "type": "ColumnNode",
                "hNodeId": "HN3492",
                "columnName": "article_author_name",
                "rdfLiteralType": null,
                "userSemanticTypes": [
                    {
                        "hNodeId": "HN3492",
                        "domain": {
                            "uri": "http://schema.org/Person"
                        },
                        "type": {
                            "uri": "http://schema.org/alternateName"
                        },
                        "origin": "User",
                        "confidenceScore": 1.0
                    }
                ],
                "learnedSemanticTypes": null,
                "modelIds": null
            },
            {
                "id": "HN2495",
                "label": {
                    "uri": "HN2495"
                },
                "type": "ColumnNode",
                "hNodeId": "HN2495",
                "columnName": "email",
                "rdfLiteralType": null,
                "userSemanticTypes": [
                    {
                        "hNodeId": "HN2495",
                        "domain": {
                            "uri": "http://schema.org/Person"
                        },
                        "type": {
                            "uri": "http://schema.org/email"
                        },
                        "origin": "User",
                        "confidenceScore": 1.0
                    }
                ],
                "learnedSemanticTypes": null,
                "modelIds": null
            },
            {
                "id": "HN3729",
                "label": {
                    "uri": "HN3729"
                },
                "type": "ColumnNode",
                "hNodeId": "HN3729",
                "columnName": "article_author_name_normalized",
                "rdfLiteralType": null,
                "userSemanticTypes": [
                    {
                        "hNodeId": "HN3729",
                        "domain": {
                            "uri": "http://schema.org/Person"
                        },
                        "type": {
                            "uri": "http://schema.org/name"
                        },
                        "origin": "User",
                        "confidenceScore": 1.0
                    }
                ],
                "learnedSemanticTypes": null,
                "modelIds": null
            },
            {
                "id": "HN2568",
                "label": {
                    "uri": "HN2568"
                },
                "type": "ColumnNode",
                "hNodeId": "HN2568",
                "columnName": "settlement",
                "rdfLiteralType": null,
                "userSemanticTypes": [
                    {
                        "hNodeId": "HN2568",
                        "domain": {
                            "uri": "http://schema.org/Place"
                        },
                        "type": {
                            "uri": "http://schema.org/name"
                        },
                        "origin": "User",
                        "confidenceScore": 1.0
                    }
                ],
                "learnedSemanticTypes": null,
                "modelIds": null
            },
            {
                "id": "http://schema.org/ScholarlyArticle1",
                "label": {
                    "uri": "http://schema.org/ScholarlyArticle"
                },
                "type": "InternalNode",
                "modelIds": null
            },
            {
                "id": "HN3682",
                "label": {
                    "uri": "HN3682"
                },
                "type": "ColumnNode",
                "hNodeId": "HN3682",
                "columnName": "year_published",
                "rdfLiteralType": null,
                "userSemanticTypes": [
                    {
                        "hNodeId": "HN3682",
                        "domain": {
                            "uri": "http://schema.org/ScholarlyArticle"
                        },
                        "type": {
                            "uri": "http://schema.org/datePublished"
                        },
                        "origin": "User",
                        "confidenceScore": 1.0
                    }
                ],
                "learnedSemanticTypes": null,
                "modelIds": null
            },
            {
                "id": "HN665",
                "label": {
                    "uri": "HN665"
                },
                "type": "ColumnNode",
                "hNodeId": "HN665",
                "columnName": "#text",
                "rdfLiteralType": null,
                "userSemanticTypes": [
                    {
                        "hNodeId": "HN665",
                        "domain": {
                            "uri": "http://schema.org/ScholarlyArticle"
                        },
                        "type": {
                            "uri": "http://schema.org/title"
                        },
                        "origin": "User",
                        "confidenceScore": 1.0
                    }
                ],
                "learnedSemanticTypes": null,
                "modelIds": null
            },
            {
                "id": "HN3277",
                "label": {
                    "uri": "HN3277"
                },
                "type": "ColumnNode",
                "hNodeId": "HN3277",
                "columnName": "article_uri",
                "rdfLiteralType": null,
                "userSemanticTypes": [
                    {
                        "hNodeId": "HN3277",
                        "domain": {
                            "uri": "http://schema.org/ScholarlyArticle"
                        },
                        "type": {
                            "uri": "http://isi.edu/integration/karma/dev#classLink"
                        },
                        "origin": "User",
                        "confidenceScore": 1.0
                    }
                ],
                "learnedSemanticTypes": null,
                "modelIds": null
            },
            {
                "id": "HN590",
                "label": {
                    "uri": "HN590"
                },
                "type": "ColumnNode",
                "hNodeId": "HN590",
                "columnName": "#text",
                "rdfLiteralType": null,
                "userSemanticTypes": [
                    {
                        "hNodeId": "HN590",
                        "domain": {
                            "uri": "http://schema.org/ScholarlyArticle"
                        },
                        "type": {
                            "uri": "http://schema.org/name"
                        },
                        "origin": "User",
                        "confidenceScore": 1.0
                    }
                ],
                "learnedSemanticTypes": null,
                "modelIds": null
            },
            {
                "id": "HN592",
                "label": {
                    "uri": "HN592"
                },
                "type": "ColumnNode",
                "hNodeId": "HN592",
                "columnName": "abstract",
                "rdfLiteralType": null,
                "userSemanticTypes": [
                    {
                        "hNodeId": "HN592",
                        "domain": {
                            "uri": "http://schema.org/ScholarlyArticle"
                        },
                        "type": {
                            "uri": "http://schema.org/text"
                        },
                        "origin": "User",
                        "confidenceScore": 1.0
                    }
                ],
                "learnedSemanticTypes": null,
                "modelIds": null
            }
        ],
        "links": [
            {
                "id": "http://schema.org/Organization1---http://schema.org/location---http://schema.org/Place1",
                "weight": 0.01,
                "type": "ObjectPropertyLink",
                "label": {
                    "uri": "http://schema.org/location"
                },
                "objectPropertyType": "None",
                "status": "ForcedByUser",
                "keyInfo": "None",
                "modelIds": null
            },
            {
                "id": "http://schema.org/Organization1---http://schema.org/name---HN2538",
                "weight": 0.01,
                "type": "DataPropertyLink",
                "label": {
                    "uri": "http://schema.org/name"
                },
                "status": "ForcedByUser",
                "keyInfo": "None",
                "modelIds": null
            },
            {
                "id": "http://schema.org/Person1---http://isi.edu/integration/karma/dev#classLink---HN3293",
                "weight": 0.01,
                "type": "ClassInstanceLink",
                "label": {
                    "uri": "http://isi.edu/integration/karma/dev#classLink"
                },
                "status": "ForcedByUser",
                "keyInfo": "UriOfInstance",
                "modelIds": null
            },
            {
                "id": "http://schema.org/Person1---http://schema.org/alternateName---HN3390",
                "weight": 0.01,
                "type": "DataPropertyLink",
                "label": {
                    "uri": "http://schema.org/alternateName"
                },
                "status": "ForcedByUser",
                "keyInfo": "None",
                "modelIds": null
            },
            {
                "id": "http://schema.org/Person1---http://schema.org/name---HN3598",
                "weight": 0.01,
                "type": "DataPropertyLink",
                "label": {
                    "uri": "http://schema.org/name"
                },
                "status": "ForcedByUser",
                "keyInfo": "None",
                "modelIds": null
            },
            {
                "id": "http://schema.org/Person2---http://isi.edu/integration/karma/dev#classLink---HN3581",
                "weight": 0.01,
                "type": "ClassInstanceLink",
                "label": {
                    "uri": "http://isi.edu/integration/karma/dev#classLink"
                },
                "status": "ForcedByUser",
                "keyInfo": "UriOfInstance",
                "modelIds": null
            },
            {
                "id": "http://schema.org/Person2---http://memexproxy.com/ontology/isAuthorOf---http://schema.org/ScholarlyArticle2",
                "weight": 0.01,
                "type": "ObjectPropertyLink",
                "label": {
                    "uri": "http://memexproxy.com/ontology/isAuthorOf"
                },
                "objectPropertyType": "None",
                "status": "ForcedByUser",
                "keyInfo": "None",
                "modelIds": null
            },
            {
                "id": "http://schema.org/Person2---http://schema.org/alternateName---HN3492",
                "weight": 0.01,
                "type": "DataPropertyLink",
                "label": {
                    "uri": "http://schema.org/alternateName"
                },
                "status": "ForcedByUser",
                "keyInfo": "None",
                "modelIds": null
            },
            {
                "id": "http://schema.org/Person2---http://schema.org/email---HN2495",
                "weight": 0.01,
                "type": "DataPropertyLink",
                "label": {
                    "uri": "http://schema.org/email"
                },
                "status": "ForcedByUser",
                "keyInfo": "None",
                "modelIds": null
            },
            {
                "id": "http://schema.org/Person2---http://schema.org/name---HN3729",
                "weight": 0.01,
                "type": "DataPropertyLink",
                "label": {
                    "uri": "http://schema.org/name"
                },
                "status": "ForcedByUser",
                "keyInfo": "None",
                "modelIds": null
            },
            {
                "id": "http://schema.org/Place1---http://schema.org/name---HN2568",
                "weight": 0.01,
                "type": "DataPropertyLink",
                "label": {
                    "uri": "http://schema.org/name"
                },
                "status": "ForcedByUser",
                "keyInfo": "None",
                "modelIds": null
            },
            {
                "id": "http://schema.org/ScholarlyArticle1---http://schema.org/author---http://schema.org/Person1",
                "weight": 0.01,
                "type": "ObjectPropertyLink",
                "label": {
                    "uri": "http://schema.org/author"
                },
                "objectPropertyType": "None",
                "status": "ForcedByUser",
                "keyInfo": "None",
                "modelIds": null
            },
            {
                "id": "http://schema.org/ScholarlyArticle1---http://schema.org/datePublished---HN3682",
                "weight": 0.01,
                "type": "DataPropertyLink",
                "label": {
                    "uri": "http://schema.org/datePublished"
                },
                "status": "ForcedByUser",
                "keyInfo": "None",
                "modelIds": null
            },
            {
                "id": "http://schema.org/ScholarlyArticle1---http://schema.org/title---HN665",
                "weight": 0.01,
                "type": "DataPropertyLink",
                "label": {
                    "uri": "http://schema.org/title"
                },
                "status": "ForcedByUser",
                "keyInfo": "None",
                "modelIds": null
            },
            {
                "id": "http://schema.org/ScholarlyArticle2---http://isi.edu/integration/karma/dev#classLink---HN3277",
                "weight": 0.01,
                "type": "ClassInstanceLink",
                "label": {
                    "uri": "http://isi.edu/integration/karma/dev#classLink"
                },
                "status": "ForcedByUser",
                "keyInfo": "UriOfInstance",
                "modelIds": null
            },
            {
                "id": "http://schema.org/ScholarlyArticle2---http://schema.org/citation---http://schema.org/ScholarlyArticle1",
                "weight": 0.01,
                "type": "ObjectPropertyLink",
                "label": {
                    "uri": "http://schema.org/citation"
                },
                "objectPropertyType": "None",
                "status": "ForcedByUser",
                "keyInfo": "None",
                "modelIds": null
            },
            {
                "id": "http://schema.org/ScholarlyArticle2---http://schema.org/name---HN590",
                "weight": 0.01,
                "type": "DataPropertyLink",
                "label": {
                    "uri": "http://schema.org/name"
                },
                "status": "ForcedByUser",
                "keyInfo": "None",
                "modelIds": null
            },
            {
                "id": "http://schema.org/ScholarlyArticle2---http://schema.org/sourceOrganization---http://schema.org/Organization1",
                "weight": 0.01,
                "type": "ObjectPropertyLink",
                "label": {
                    "uri": "http://schema.org/sourceOrganization"
                },
                "objectPropertyType": "None",
                "status": "ForcedByUser",
                "keyInfo": "None",
                "modelIds": null
            },
            {
                "id": "http://schema.org/ScholarlyArticle2---http://schema.org/text---HN592",
                "weight": 0.01,
                "type": "DataPropertyLink",
                "label": {
                    "uri": "http://schema.org/text"
                },
                "status": "ForcedByUser",
                "keyInfo": "None",
                "modelIds": null
            },
            {
                "id": "http://schema.org/ScholarlyArticle2---http://schema.org/author---http://schema.org/Person2",
                "weight": 0.01,
                "type": "ObjectPropertyLink",
                "label": {
                    "uri": "http://schema.org/author"
                },
                "objectPropertyType": "None",
                "status": "ForcedByUser",
                "keyInfo": "None",
                "modelIds": null
            }
        ]
    }
}