{
    "id": "patent1-sample.xml",
    "name": "patent1-sample.xml",
    "description": null,
    "sourceColumns": [
        {
            "id": "HN1584",
            "hNodeId": "HN1584",
            "columnName": "doc-number"
        },
        {
            "id": "HN302",
            "hNodeId": "HN302",
            "columnName": "doc-number"
        },
        {
            "id": "HN2071",
            "hNodeId": "HN2071",
            "columnName": "patent_uri"
        },
        {
            "id": "HN2035",
            "hNodeId": "HN2035",
            "columnName": "date-publ-iso"
        },
        {
            "id": "HN1570",
            "hNodeId": "HN1570",
            "columnName": "content"
        },
        {
            "id": "HN2082",
            "hNodeId": "HN2082",
            "columnName": "doc-uri"
        },
        {
            "id": "HN2157",
            "hNodeId": "HN2157",
            "columnName": "agent_uri"
        },
        {
            "id": "HN2064",
            "hNodeId": "HN2064",
            "columnName": "orgname_clean"
        },
        {
            "id": "HN2150",
            "hNodeId": "HN2150",
            "columnName": "assignee_org_uri"
        },
        {
            "id": "HN2145",
            "hNodeId": "HN2145",
            "columnName": "assignee_orgname_clean"
        },
        {
            "id": "HN2049",
            "hNodeId": "HN2049",
            "columnName": "creator_uri"
        },
        {
            "id": "HN2121",
            "hNodeId": "HN2121",
            "columnName": "full_name"
        },
        {
            "id": "HN2170",
            "hNodeId": "HN2170",
            "columnName": "applicant_address_uri"
        },
        {
            "id": "HN1639",
            "hNodeId": "HN1639",
            "columnName": "country"
        },
        {
            "id": "HN1641",
            "hNodeId": "HN1641",
            "columnName": "city"
        },
        {
            "id": "HN1637",
            "hNodeId": "HN1637",
            "columnName": "state"
        },
        {
            "id": "HN2165",
            "hNodeId": "HN2165",
            "columnName": "assignee_address_uri"
        },
        {
            "id": "HN2136",
            "hNodeId": "HN2136",
            "columnName": "state"
        },
        {
            "id": "HN2178",
            "hNodeId": "HN2178",
            "columnName": "assignee_role_uri"
        },
        {
            "id": "HN2200",
            "hNodeId": "HN2200",
            "columnName": "asignee_role_date"
        },
        {
            "id": "HN26",
            "hNodeId": "HN26",
            "columnName": "claim-text"
        }
    ],
    "mappingToSourceColumns": [
        {
            "id": "HN2035",
            "sourceColumnId": "HN2035"
        },
        {
            "id": "HN26",
            "sourceColumnId": "HN26"
        },
        {
            "id": "HN2200",
            "sourceColumnId": "HN2200"
        },
        {
            "id": "HN1637",
            "sourceColumnId": "HN1637"
        },
        {
            "id": "HN2157",
            "sourceColumnId": "HN2157"
        },
        {
            "id": "HN2049",
            "sourceColumnId": "HN2049"
        },
        {
            "id": "HN2145",
            "sourceColumnId": "HN2145"
        },
        {
            "id": "HN2178",
            "sourceColumnId": "HN2178"
        },
        {
            "id": "HN2165",
            "sourceColumnId": "HN2165"
        },
        {
            "id": "HN1641",
            "sourceColumnId": "HN1641"
        },
        {
            "id": "HN2064",
            "sourceColumnId": "HN2064"
        },
        {
            "id": "HN2150",
            "sourceColumnId": "HN2150"
        },
        {
            "id": "HN2082",
            "sourceColumnId": "HN2082"
        },
        {
            "id": "HN2071",
            "sourceColumnId": "HN2071"
        },
        {
            "id": "HN2170",
            "sourceColumnId": "HN2170"
        },
        {
            "id": "HN2121",
            "sourceColumnId": "HN2121"
        },
        {
            "id": "HN1639",
            "sourceColumnId": "HN1639"
        },
        {
            "id": "HN2136",
            "sourceColumnId": "HN2136"
        },
        {
            "id": "HN1584",
            "sourceColumnId": "HN1584"
        },
        {
            "id": "HN302",
            "sourceColumnId": "HN302"
        },
        {
            "id": "HN1570",
            "sourceColumnId": "HN1570"
        }
    ],
    "graph": {
        "nodes": [
            {
                "id": "http://memexproxy.com/ontology/Identifier1",
                "label": {
                    "uri": "http://memexproxy.com/ontology/Identifier"
                },
                "type": "InternalNode",
                "modelIds": null
            },
            {
                "id": "/thesaurus/identifier/patentid1",
                "label": {
                    "uri": ""
                },
                "type": "LiteralNode",
                "value": "thesaurus/identifier/patentid",
                "datatype": {
                    "uri": ""
                },
                "isUri": "true",
                "modelIds": null
            },
            {
                "id": "HN1584",
                "label": {
                    "uri": "HN1584"
                },
                "type": "ColumnNode",
                "hNodeId": "HN1584",
                "columnName": "doc-number",
                "rdfLiteralType": null,
                "userSemanticTypes": [
                    {
                        "hNodeId": "HN1584",
                        "domain": {
                            "uri": "http://memexproxy.com/ontology/Identifier"
                        },
                        "type": {
                            "uri": "http://schema.org/name"
                        },
                        "origin": "User",
                        "confidenceScore": 1.0
                    }
                ],
                "learnedSemanticTypes": null,
                "modelIds": null
            },
            {
                "id": "http://memexproxy.com/ontology/Identifier2",
                "label": {
                    "uri": "http://memexproxy.com/ontology/Identifier"
                },
                "type": "InternalNode",
                "modelIds": null
            },
            {
                "id": "thesaurus/identifier/patentid1",
                "label": {
                    "uri": ""
                },
                "type": "LiteralNode",
                "value": "thesaurus/identifier/patentid",
                "datatype": {
                    "uri": ""
                },
                "isUri": "true",
                "modelIds": null
            },
            {
                "id": "HN302",
                "label": {
                    "uri": "HN302"
                },
                "type": "ColumnNode",
                "hNodeId": "HN302",
                "columnName": "doc-number",
                "rdfLiteralType": null,
                "userSemanticTypes": [
                    {
                        "hNodeId": "HN302",
                        "domain": {
                            "uri": "http://memexproxy.com/ontology/Identifier"
                        },
                        "type": {
                            "uri": "http://schema.org/name"
                        },
                        "origin": "User",
                        "confidenceScore": 1.0
                    }
                ],
                "learnedSemanticTypes": null,
                "modelIds": null
            },
            {
                "id": "http://memexproxy.com/ontology/Patent1",
                "label": {
                    "uri": "http://memexproxy.com/ontology/Patent"
                },
                "type": "InternalNode",
                "modelIds": null
            },
            {
                "id": "HN2071",
                "label": {
                    "uri": "HN2071"
                },
                "type": "ColumnNode",
                "hNodeId": "HN2071",
                "columnName": "patent_uri",
                "rdfLiteralType": null,
                "userSemanticTypes": [
                    {
                        "hNodeId": "HN2071",
                        "domain": {
                            "uri": "http://memexproxy.com/ontology/Patent"
                        },
                        "type": {
                            "uri": "http://isi.edu/integration/karma/dev#classLink"
                        },
                        "origin": "User",
                        "confidenceScore": 1.0
                    }
                ],
                "learnedSemanticTypes": null,
                "modelIds": null
            },
            {
                "id": "http://schema.org/Person1",
                "label": {
                    "uri": "http://schema.org/Person"
                },
                "type": "InternalNode",
                "modelIds": null
            },
            {
                "id": "http://schema.org/Role1",
                "label": {
                    "uri": "http://schema.org/Role"
                },
                "type": "InternalNode",
                "modelIds": null
            },
            {
                "id": "http://schema.org/WebPageElement1",
                "label": {
                    "uri": "http://schema.org/WebPageElement"
                },
                "type": "InternalNode",
                "modelIds": null
            },
            {
                "id": "http://memexproxy.com/ontology/PersonOrOrganization1",
                "label": {
                    "uri": "http://memexproxy.com/ontology/PersonOrOrganization"
                },
                "type": "InternalNode",
                "modelIds": null
            },
            {
                "id": "http://memexproxy.com/ontology/Patent2",
                "label": {
                    "uri": "http://memexproxy.com/ontology/Patent"
                },
                "type": "InternalNode",
                "modelIds": null
            },
            {
                "id": "HN2035",
                "label": {
                    "uri": "HN2035"
                },
                "type": "ColumnNode",
                "hNodeId": "HN2035",
                "columnName": "date-publ-iso",
                "rdfLiteralType": null,
                "userSemanticTypes": [
                    {
                        "hNodeId": "HN2035",
                        "domain": {
                            "uri": "http://memexproxy.com/ontology/Patent"
                        },
                        "type": {
                            "uri": "http://schema.org/datePublished"
                        },
                        "origin": "User",
                        "confidenceScore": 1.0
                    }
                ],
                "learnedSemanticTypes": null,
                "modelIds": null
            },
            {
                "id": "HN1570",
                "label": {
                    "uri": "HN1570"
                },
                "type": "ColumnNode",
                "hNodeId": "HN1570",
                "columnName": "content",
                "rdfLiteralType": null,
                "userSemanticTypes": [
                    {
                        "hNodeId": "HN1570",
                        "domain": {
                            "uri": "http://memexproxy.com/ontology/Patent"
                        },
                        "type": {
                            "uri": "http://schema.org/name"
                        },
                        "origin": "User",
                        "confidenceScore": 1.0
                    }
                ],
                "learnedSemanticTypes": null,
                "modelIds": null
            },
            {
                "id": "HN2082",
                "label": {
                    "uri": "HN2082"
                },
                "type": "ColumnNode",
                "hNodeId": "HN2082",
                "columnName": "doc-uri",
                "rdfLiteralType": null,
                "userSemanticTypes": [
                    {
                        "hNodeId": "HN2082",
                        "domain": {
                            "uri": "http://memexproxy.com/ontology/Patent"
                        },
                        "type": {
                            "uri": "http://isi.edu/integration/karma/dev#classLink"
                        },
                        "origin": "User",
                        "confidenceScore": 1.0
                    }
                ],
                "learnedSemanticTypes": null,
                "modelIds": null
            },
            {
                "id": "HN2157",
                "label": {
                    "uri": "HN2157"
                },
                "type": "ColumnNode",
                "hNodeId": "HN2157",
                "columnName": "agent_uri",
                "rdfLiteralType": null,
                "userSemanticTypes": [
                    {
                        "hNodeId": "HN2157",
                        "domain": {
                            "uri": "http://memexproxy.com/ontology/PersonOrOrganization"
                        },
                        "type": {
                            "uri": "http://isi.edu/integration/karma/dev#classLink"
                        },
                        "origin": "User",
                        "confidenceScore": 1.0
                    }
                ],
                "learnedSemanticTypes": null,
                "modelIds": null
            },
            {
                "id": "HN2064",
                "label": {
                    "uri": "HN2064"
                },
                "type": "ColumnNode",
                "hNodeId": "HN2064",
                "columnName": "orgname_clean",
                "rdfLiteralType": null,
                "userSemanticTypes": [
                    {
                        "hNodeId": "HN2064",
                        "domain": {
                            "uri": "http://memexproxy.com/ontology/PersonOrOrganization"
                        },
                        "type": {
                            "uri": "http://schema.org/name"
                        },
                        "origin": "User",
                        "confidenceScore": 1.0
                    }
                ],
                "learnedSemanticTypes": null,
                "modelIds": null
            },
            {
                "id": "http://memexproxy.com/ontology/PersonOrOrganization2",
                "label": {
                    "uri": "http://memexproxy.com/ontology/PersonOrOrganization"
                },
                "type": "InternalNode",
                "modelIds": null
            },
            {
                "id": "HN2150",
                "label": {
                    "uri": "HN2150"
                },
                "type": "ColumnNode",
                "hNodeId": "HN2150",
                "columnName": "assignee_org_uri",
                "rdfLiteralType": null,
                "userSemanticTypes": [
                    {
                        "hNodeId": "HN2150",
                        "domain": {
                            "uri": "http://memexproxy.com/ontology/PersonOrOrganization"
                        },
                        "type": {
                            "uri": "http://isi.edu/integration/karma/dev#classLink"
                        },
                        "origin": "User",
                        "confidenceScore": 1.0
                    }
                ],
                "learnedSemanticTypes": null,
                "modelIds": null
            },
            {
                "id": "http://schema.org/PostalAddress4",
                "label": {
                    "uri": "http://schema.org/PostalAddress"
                },
                "type": "InternalNode",
                "modelIds": null
            },
            {
                "id": "HN2145",
                "label": {
                    "uri": "HN2145"
                },
                "type": "ColumnNode",
                "hNodeId": "HN2145",
                "columnName": "assignee_orgname_clean",
                "rdfLiteralType": null,
                "userSemanticTypes": [
                    {
                        "hNodeId": "HN2145",
                        "domain": {
                            "uri": "http://memexproxy.com/ontology/PersonOrOrganization"
                        },
                        "type": {
                            "uri": "http://schema.org/name"
                        },
                        "origin": "User",
                        "confidenceScore": 1.0
                    }
                ],
                "learnedSemanticTypes": null,
                "modelIds": null
            },
            {
                "id": "HN2049",
                "label": {
                    "uri": "HN2049"
                },
                "type": "ColumnNode",
                "hNodeId": "HN2049",
                "columnName": "creator_uri",
                "rdfLiteralType": null,
                "userSemanticTypes": [
                    {
                        "hNodeId": "HN2049",
                        "domain": {
                            "uri": "http://schema.org/Person"
                        },
                        "type": {
                            "uri": "http://isi.edu/integration/karma/dev#classLink"
                        },
                        "origin": "User",
                        "confidenceScore": 1.0
                    }
                ],
                "learnedSemanticTypes": null,
                "modelIds": null
            },
            {
                "id": "http://schema.org/PostalAddress1",
                "label": {
                    "uri": "http://schema.org/PostalAddress"
                },
                "type": "InternalNode",
                "modelIds": null
            },
            {
                "id": "HN2121",
                "label": {
                    "uri": "HN2121"
                },
                "type": "ColumnNode",
                "hNodeId": "HN2121",
                "columnName": "full_name",
                "rdfLiteralType": null,
                "userSemanticTypes": [
                    {
                        "hNodeId": "HN2121",
                        "domain": {
                            "uri": "http://schema.org/Person"
                        },
                        "type": {
                            "uri": "http://schema.org/name"
                        },
                        "origin": "User",
                        "confidenceScore": 1.0
                    }
                ],
                "learnedSemanticTypes": null,
                "modelIds": null
            },
            {
                "id": "HN2170",
                "label": {
                    "uri": "HN2170"
                },
                "type": "ColumnNode",
                "hNodeId": "HN2170",
                "columnName": "applicant_address_uri",
                "rdfLiteralType": null,
                "userSemanticTypes": [
                    {
                        "hNodeId": "HN2170",
                        "domain": {
                            "uri": "http://schema.org/PostalAddress"
                        },
                        "type": {
                            "uri": "http://isi.edu/integration/karma/dev#classLink"
                        },
                        "origin": "User",
                        "confidenceScore": 1.0
                    }
                ],
                "learnedSemanticTypes": null,
                "modelIds": null
            },
            {
                "id": "HN1639",
                "label": {
                    "uri": "HN1639"
                },
                "type": "ColumnNode",
                "hNodeId": "HN1639",
                "columnName": "country",
                "rdfLiteralType": null,
                "userSemanticTypes": [
                    {
                        "hNodeId": "HN1639",
                        "domain": {
                            "uri": "http://schema.org/PostalAddress"
                        },
                        "type": {
                            "uri": "http://schema.org/addressCountry"
                        },
                        "origin": "User",
                        "confidenceScore": 1.0
                    }
                ],
                "learnedSemanticTypes": null,
                "modelIds": null
            },
            {
                "id": "HN1641",
                "label": {
                    "uri": "HN1641"
                },
                "type": "ColumnNode",
                "hNodeId": "HN1641",
                "columnName": "city",
                "rdfLiteralType": null,
                "userSemanticTypes": [
                    {
                        "hNodeId": "HN1641",
                        "domain": {
                            "uri": "http://schema.org/PostalAddress"
                        },
                        "type": {
                            "uri": "http://schema.org/addressLocality"
                        },
                        "origin": "User",
                        "confidenceScore": 1.0
                    }
                ],
                "learnedSemanticTypes": null,
                "modelIds": null
            },
            {
                "id": "HN1637",
                "label": {
                    "uri": "HN1637"
                },
                "type": "ColumnNode",
                "hNodeId": "HN1637",
                "columnName": "state",
                "rdfLiteralType": null,
                "userSemanticTypes": [
                    {
                        "hNodeId": "HN1637",
                        "domain": {
                            "uri": "http://schema.org/PostalAddress"
                        },
                        "type": {
                            "uri": "http://schema.org/addressRegion"
                        },
                        "origin": "User",
                        "confidenceScore": 1.0
                    }
                ],
                "learnedSemanticTypes": null,
                "modelIds": null
            },
            {
                "id": "HN2165",
                "label": {
                    "uri": "HN2165"
                },
                "type": "ColumnNode",
                "hNodeId": "HN2165",
                "columnName": "assignee_address_uri",
                "rdfLiteralType": null,
                "userSemanticTypes": [
                    {
                        "hNodeId": "HN2165",
                        "domain": {
                            "uri": "http://schema.org/PostalAddress"
                        },
                        "type": {
                            "uri": "http://isi.edu/integration/karma/dev#classLink"
                        },
                        "origin": "User",
                        "confidenceScore": 1.0
                    }
                ],
                "learnedSemanticTypes": null,
                "modelIds": null
            },
            {
                "id": "HN2136",
                "label": {
                    "uri": "HN2136"
                },
                "type": "ColumnNode",
                "hNodeId": "HN2136",
                "columnName": "state",
                "rdfLiteralType": null,
                "userSemanticTypes": [
                    {
                        "hNodeId": "HN2136",
                        "domain": {
                            "uri": "http://schema.org/PostalAddress"
                        },
                        "type": {
                            "uri": "http://schema.org/addressRegion"
                        },
                        "origin": "User",
                        "confidenceScore": 1.0
                    }
                ],
                "learnedSemanticTypes": null,
                "modelIds": null
            },
            {
                "id": "HN2178",
                "label": {
                    "uri": "HN2178"
                },
                "type": "ColumnNode",
                "hNodeId": "HN2178",
                "columnName": "assignee_role_uri",
                "rdfLiteralType": null,
                "userSemanticTypes": [
                    {
                        "hNodeId": "HN2178",
                        "domain": {
                            "uri": "http://schema.org/Role"
                        },
                        "type": {
                            "uri": "http://isi.edu/integration/karma/dev#classLink"
                        },
                        "origin": "User",
                        "confidenceScore": 1.0
                    }
                ],
                "learnedSemanticTypes": null,
                "modelIds": null
            },
            {
                "id": "HN2200",
                "label": {
                    "uri": "HN2200"
                },
                "type": "ColumnNode",
                "hNodeId": "HN2200",
                "columnName": "asignee_role_date",
                "rdfLiteralType": null,
                "userSemanticTypes": [
                    {
                        "hNodeId": "HN2200",
                        "domain": {
                            "uri": "http://schema.org/Role"
                        },
                        "type": {
                            "uri": "http://schema.org/startDate"
                        },
                        "origin": "User",
                        "confidenceScore": 1.0
                    }
                ],
                "learnedSemanticTypes": [],
                "modelIds": null
            },
            {
                "id": "HN26",
                "label": {
                    "uri": "HN26"
                },
                "type": "ColumnNode",
                "hNodeId": "HN26",
                "columnName": "claim-text",
                "rdfLiteralType": null,
                "userSemanticTypes": [
                    {
                        "hNodeId": "HN26",
                        "domain": {
                            "uri": "http://schema.org/WebPageElement"
                        },
                        "type": {
                            "uri": "http://schema.org/text"
                        },
                        "origin": "User",
                        "confidenceScore": 1.0
                    }
                ],
                "learnedSemanticTypes": null,
                "modelIds": null
            }
        ],
        "links": [
            {
                "id": "http://memexproxy.com/ontology/Identifier1---http://memexproxy.com/ontology/hasType---/thesaurus/identifier/patentid1",
                "weight": 0.01,
                "type": "ObjectPropertyLink",
                "label": {
                    "uri": "http://memexproxy.com/ontology/hasType"
                },
                "objectPropertyType": "None",
                "status": "ForcedByUser",
                "keyInfo": "None",
                "modelIds": null
            },
            {
                "id": "http://memexproxy.com/ontology/Identifier1---http://schema.org/name---HN1584",
                "weight": 0.01,
                "type": "DataPropertyLink",
                "label": {
                    "uri": "http://schema.org/name"
                },
                "status": "ForcedByUser",
                "keyInfo": "None",
                "modelIds": null
            },
            {
                "id": "http://memexproxy.com/ontology/Identifier2---http://memexproxy.com/ontology/hasType---thesaurus/identifier/patentid1",
                "weight": 0.01,
                "type": "ObjectPropertyLink",
                "label": {
                    "uri": "http://memexproxy.com/ontology/hasType"
                },
                "objectPropertyType": "None",
                "status": "ForcedByUser",
                "keyInfo": "None",
                "modelIds": null
            },
            {
                "id": "http://memexproxy.com/ontology/Identifier2---http://schema.org/name---HN302",
                "weight": 0.01,
                "type": "DataPropertyLink",
                "label": {
                    "uri": "http://schema.org/name"
                },
                "status": "ForcedByUser",
                "keyInfo": "None",
                "modelIds": null
            },
            {
                "id": "http://memexproxy.com/ontology/Patent1---http://isi.edu/integration/karma/dev#classLink---HN2071",
                "weight": 0.01,
                "type": "ClassInstanceLink",
                "label": {
                    "uri": "http://isi.edu/integration/karma/dev#classLink"
                },
                "status": "ForcedByUser",
                "keyInfo": "UriOfInstance",
                "modelIds": null
            },
            {
                "id": "http://memexproxy.com/ontology/Patent1---http://memexproxy.com/ontology/applicant---http://schema.org/Person1",
                "weight": 0.01,
                "type": "ObjectPropertyLink",
                "label": {
                    "uri": "http://memexproxy.com/ontology/applicant"
                },
                "objectPropertyType": "None",
                "status": "ForcedByUser",
                "keyInfo": "None",
                "modelIds": null
            },
            {
                "id": "http://memexproxy.com/ontology/Patent1---http://memexproxy.com/ontology/assignee---http://schema.org/Role1",
                "weight": 0.01,
                "type": "ObjectPropertyLink",
                "label": {
                    "uri": "http://memexproxy.com/ontology/assignee"
                },
                "objectPropertyType": "None",
                "status": "ForcedByUser",
                "keyInfo": "None",
                "modelIds": null
            },
            {
                "id": "http://memexproxy.com/ontology/Patent1---http://memexproxy.com/ontology/hasClaimPart---http://schema.org/WebPageElement1",
                "weight": 0.01,
                "type": "ObjectPropertyLink",
                "label": {
                    "uri": "http://memexproxy.com/ontology/hasClaimPart"
                },
                "objectPropertyType": "None",
                "status": "ForcedByUser",
                "keyInfo": "None",
                "modelIds": null
            },
            {
                "id": "http://memexproxy.com/ontology/Patent1---http://memexproxy.com/ontology/identifier---http://memexproxy.com/ontology/Identifier1",
                "weight": 0.01,
                "type": "ObjectPropertyLink",
                "label": {
                    "uri": "http://memexproxy.com/ontology/identifier"
                },
                "objectPropertyType": "None",
                "status": "ForcedByUser",
                "keyInfo": "None",
                "modelIds": null
            },
            {
                "id": "http://memexproxy.com/ontology/Patent1---http://schema.org/agent---http://memexproxy.com/ontology/PersonOrOrganization1",
                "weight": 0.01,
                "type": "ObjectPropertyLink",
                "label": {
                    "uri": "http://schema.org/agent"
                },
                "objectPropertyType": "None",
                "status": "ForcedByUser",
                "keyInfo": "None",
                "modelIds": null
            },
            {
                "id": "http://memexproxy.com/ontology/Patent1---http://schema.org/citation---http://memexproxy.com/ontology/Patent2",
                "weight": 0.01,
                "type": "ObjectPropertyLink",
                "label": {
                    "uri": "http://schema.org/citation"
                },
                "objectPropertyType": "None",
                "status": "ForcedByUser",
                "keyInfo": "None",
                "modelIds": null
            },
            {
                "id": "http://memexproxy.com/ontology/Patent1---http://schema.org/datePublished---HN2035",
                "weight": 0.01,
                "type": "DataPropertyLink",
                "label": {
                    "uri": "http://schema.org/datePublished"
                },
                "status": "ForcedByUser",
                "keyInfo": "None",
                "modelIds": null
            },
            {
                "id": "http://memexproxy.com/ontology/Patent1---http://schema.org/name---HN1570",
                "weight": 0.01,
                "type": "DataPropertyLink",
                "label": {
                    "uri": "http://schema.org/name"
                },
                "status": "ForcedByUser",
                "keyInfo": "None",
                "modelIds": null
            },
            {
                "id": "http://memexproxy.com/ontology/Patent2---http://isi.edu/integration/karma/dev#classLink---HN2082",
                "weight": 0.01,
                "type": "ClassInstanceLink",
                "label": {
                    "uri": "http://isi.edu/integration/karma/dev#classLink"
                },
                "status": "ForcedByUser",
                "keyInfo": "UriOfInstance",
                "modelIds": null
            },
            {
                "id": "http://memexproxy.com/ontology/Patent2---http://memexproxy.com/ontology/identifier---http://memexproxy.com/ontology/Identifier2",
                "weight": 0.01,
                "type": "ObjectPropertyLink",
                "label": {
                    "uri": "http://memexproxy.com/ontology/identifier"
                },
                "objectPropertyType": "None",
                "status": "ForcedByUser",
                "keyInfo": "None",
                "modelIds": null
            },
            {
                "id": "http://memexproxy.com/ontology/PersonOrOrganization1---http://isi.edu/integration/karma/dev#classLink---HN2157",
                "weight": 0.01,
                "type": "ClassInstanceLink",
                "label": {
                    "uri": "http://isi.edu/integration/karma/dev#classLink"
                },
                "status": "ForcedByUser",
                "keyInfo": "UriOfInstance",
                "modelIds": null
            },
            {
                "id": "http://memexproxy.com/ontology/PersonOrOrganization1---http://schema.org/name---HN2064",
                "weight": 0.01,
                "type": "DataPropertyLink",
                "label": {
                    "uri": "http://schema.org/name"
                },
                "status": "ForcedByUser",
                "keyInfo": "None",
                "modelIds": null
            },
            {
                "id": "http://memexproxy.com/ontology/PersonOrOrganization2---http://isi.edu/integration/karma/dev#classLink---HN2150",
                "weight": 0.01,
                "type": "ClassInstanceLink",
                "label": {
                    "uri": "http://isi.edu/integration/karma/dev#classLink"
                },
                "status": "ForcedByUser",
                "keyInfo": "UriOfInstance",
                "modelIds": null
            },
            {
                "id": "http://memexproxy.com/ontology/PersonOrOrganization2---http://schema.org/address---http://schema.org/PostalAddress4",
                "weight": 0.01,
                "type": "ObjectPropertyLink",
                "label": {
                    "uri": "http://schema.org/address"
                },
                "objectPropertyType": "None",
                "status": "ForcedByUser",
                "keyInfo": "None",
                "modelIds": null
            },
            {
                "id": "http://memexproxy.com/ontology/PersonOrOrganization2---http://schema.org/name---HN2145",
                "weight": 0.01,
                "type": "DataPropertyLink",
                "label": {
                    "uri": "http://schema.org/name"
                },
                "status": "ForcedByUser",
                "keyInfo": "None",
                "modelIds": null
            },
            {
                "id": "http://schema.org/Person1---http://isi.edu/integration/karma/dev#classLink---HN2049",
                "weight": 0.01,
                "type": "ClassInstanceLink",
                "label": {
                    "uri": "http://isi.edu/integration/karma/dev#classLink"
                },
                "status": "ForcedByUser",
                "keyInfo": "UriOfInstance",
                "modelIds": null
            },
            {
                "id": "http://schema.org/Person1---http://schema.org/address---http://schema.org/PostalAddress1",
                "weight": 0.01,
                "type": "ObjectPropertyLink",
                "label": {
                    "uri": "http://schema.org/address"
                },
                "objectPropertyType": "None",
                "status": "ForcedByUser",
                "keyInfo": "None",
                "modelIds": null
            },
            {
                "id": "http://schema.org/Person1---http://schema.org/name---HN2121",
                "weight": 0.01,
                "type": "DataPropertyLink",
                "label": {
                    "uri": "http://schema.org/name"
                },
                "status": "ForcedByUser",
                "keyInfo": "None",
                "modelIds": null
            },
            {
                "id": "http://schema.org/PostalAddress1---http://isi.edu/integration/karma/dev#classLink---HN2170",
                "weight": 0.01,
                "type": "ClassInstanceLink",
                "label": {
                    "uri": "http://isi.edu/integration/karma/dev#classLink"
                },
                "status": "ForcedByUser",
                "keyInfo": "UriOfInstance",
                "modelIds": null
            },
            {
                "id": "http://schema.org/PostalAddress1---http://schema.org/addressCountry---HN1639",
                "weight": 0.01,
                "type": "DataPropertyLink",
                "label": {
                    "uri": "http://schema.org/addressCountry"
                },
                "status": "ForcedByUser",
                "keyInfo": "None",
                "modelIds": null
            },
            {
                "id": "http://schema.org/PostalAddress1---http://schema.org/addressLocality---HN1641",
                "weight": 0.01,
                "type": "DataPropertyLink",
                "label": {
                    "uri": "http://schema.org/addressLocality"
                },
                "status": "ForcedByUser",
                "keyInfo": "None",
                "modelIds": null
            },
            {
                "id": "http://schema.org/PostalAddress1---http://schema.org/addressRegion---HN1637",
                "weight": 0.01,
                "type": "DataPropertyLink",
                "label": {
                    "uri": "http://schema.org/addressRegion"
                },
                "status": "ForcedByUser",
                "keyInfo": "None",
                "modelIds": null
            },
            {
                "id": "http://schema.org/PostalAddress4---http://isi.edu/integration/karma/dev#classLink---HN2165",
                "weight": 0.01,
                "type": "ClassInstanceLink",
                "label": {
                    "uri": "http://isi.edu/integration/karma/dev#classLink"
                },
                "status": "ForcedByUser",
                "keyInfo": "UriOfInstance",
                "modelIds": null
            },
            {
                "id": "http://schema.org/PostalAddress4---http://schema.org/addressRegion---HN2136",
                "weight": 0.01,
                "type": "DataPropertyLink",
                "label": {
                    "uri": "http://schema.org/addressRegion"
                },
                "status": "ForcedByUser",
                "keyInfo": "None",
                "modelIds": null
            },
            {
                "id": "http://schema.org/Role1---http://isi.edu/integration/karma/dev#classLink---HN2178",
                "weight": 0.01,
                "type": "ClassInstanceLink",
                "label": {
                    "uri": "http://isi.edu/integration/karma/dev#classLink"
                },
                "status": "ForcedByUser",
                "keyInfo": "UriOfInstance",
                "modelIds": null
            },
            {
                "id": "http://schema.org/Role1---http://memexproxy.com/ontology/assignee---http://memexproxy.com/ontology/PersonOrOrganization2",
                "weight": 0.01,
                "type": "ObjectPropertyLink",
                "label": {
                    "uri": "http://memexproxy.com/ontology/assignee"
                },
                "objectPropertyType": "None",
                "status": "ForcedByUser",
                "keyInfo": "None",
                "modelIds": null
            },
            {
                "id": "http://schema.org/Role1---http://schema.org/startDate---HN2200",
                "weight": 0.01,
                "type": "DataPropertyLink",
                "label": {
                    "uri": "http://schema.org/startDate"
                },
                "status": "ForcedByUser",
                "keyInfo": "None",
                "modelIds": null
            },
            {
                "id": "http://schema.org/WebPageElement1---http://schema.org/text---HN26",
                "weight": 0.01,
                "type": "DataPropertyLink",
                "label": {
                    "uri": "http://schema.org/text"
                },
                "status": "ForcedByUser",
                "keyInfo": "None",
                "modelIds": null
            }
        ]
    }
}