{
    "id": "patent2-sample.xml",
    "name": "patent2-sample.xml",
    "description": null,
    "sourceColumns": [
        {
            "id": "HN502",
            "hNodeId": "HN502",
            "columnName": "doc-number"
        },
        {
            "id": "HN231",
            "hNodeId": "HN231",
            "columnName": "doc-number"
        },
        {
            "id": "HN959",
            "hNodeId": "HN959",
            "columnName": "patent_uri"
        },
        {
            "id": "HN923",
            "hNodeId": "HN923",
            "columnName": "date-publ-iso"
        },
        {
            "id": "HN488",
            "hNodeId": "HN488",
            "columnName": "content"
        },
        {
            "id": "HN970",
            "hNodeId": "HN970",
            "columnName": "doc-uri"
        },
        {
            "id": "HN1017",
            "hNodeId": "HN1017",
            "columnName": "agent_uri"
        },
        {
            "id": "HN952",
            "hNodeId": "HN952",
            "columnName": "orgname_clean"
        },
        {
            "id": "HN1009",
            "hNodeId": "HN1009",
            "columnName": "assignee_org_uri"
        },
        {
            "id": "HN1003",
            "hNodeId": "HN1003",
            "columnName": "assignee_orgname_clean"
        },
        {
            "id": "HN937",
            "hNodeId": "HN937",
            "columnName": "creator_uri"
        },
        {
            "id": "HN993",
            "hNodeId": "HN993",
            "columnName": "full_name"
        },
        {
            "id": "HN1031",
            "hNodeId": "HN1031",
            "columnName": "applicant_address_uri"
        },
        {
            "id": "HN587",
            "hNodeId": "HN587",
            "columnName": "country"
        },
        {
            "id": "HN589",
            "hNodeId": "HN589",
            "columnName": "city"
        },
        {
            "id": "HN585",
            "hNodeId": "HN585",
            "columnName": "state"
        },
        {
            "id": "HN1025",
            "hNodeId": "HN1025",
            "columnName": "assignee_address_uri"
        },
        {
            "id": "HN543",
            "hNodeId": "HN543",
            "columnName": "country"
        },
        {
            "id": "HN545",
            "hNodeId": "HN545",
            "columnName": "city"
        },
        {
            "id": "HN541",
            "hNodeId": "HN541",
            "columnName": "state"
        },
        {
            "id": "HN1041",
            "hNodeId": "HN1041",
            "columnName": "assignee_role_startdate"
        },
        {
            "id": "HN26",
            "hNodeId": "HN26",
            "columnName": "claim-text"
        }
    ],
    "mappingToSourceColumns": [
        {
            "id": "HN970",
            "sourceColumnId": "HN970"
        },
        {
            "id": "HN959",
            "sourceColumnId": "HN959"
        },
        {
            "id": "HN26",
            "sourceColumnId": "HN26"
        },
        {
            "id": "HN1017",
            "sourceColumnId": "HN1017"
        },
        {
            "id": "HN952",
            "sourceColumnId": "HN952"
        },
        {
            "id": "HN1025",
            "sourceColumnId": "HN1025"
        },
        {
            "id": "HN937",
            "sourceColumnId": "HN937"
        },
        {
            "id": "HN993",
            "sourceColumnId": "HN993"
        },
        {
            "id": "HN543",
            "sourceColumnId": "HN543"
        },
        {
            "id": "HN1031",
            "sourceColumnId": "HN1031"
        },
        {
            "id": "HN1003",
            "sourceColumnId": "HN1003"
        },
        {
            "id": "HN231",
            "sourceColumnId": "HN231"
        },
        {
            "id": "HN541",
            "sourceColumnId": "HN541"
        },
        {
            "id": "HN1041",
            "sourceColumnId": "HN1041"
        },
        {
            "id": "HN923",
            "sourceColumnId": "HN923"
        },
        {
            "id": "HN589",
            "sourceColumnId": "HN589"
        },
        {
            "id": "HN1009",
            "sourceColumnId": "HN1009"
        },
        {
            "id": "HN585",
            "sourceColumnId": "HN585"
        },
        {
            "id": "HN587",
            "sourceColumnId": "HN587"
        },
        {
            "id": "HN545",
            "sourceColumnId": "HN545"
        },
        {
            "id": "HN502",
            "sourceColumnId": "HN502"
        },
        {
            "id": "HN488",
            "sourceColumnId": "HN488"
        }
    ],
    "graph": {
        "nodes": [
            {
                "id": "http://memexproxy.com/ontology/Identifier1",
                "label": {
                    "uri": "http://memexproxy.com/ontology/Identifier"
                },
                "type": "InternalNode",
                "modelIds": null
            },
            {
                "id": "/thesaurus/identifier/patentid1",
                "label": {
                    "uri": ""
                },
                "type": "LiteralNode",
                "value": "thesaurus/identifier/patentid",
                "datatype": {
                    "uri": ""
                },
                "isUri": "true",
                "modelIds": null
            },
            {
                "id": "HN502",
                "label": {
                    "uri": "HN502"
                },
                "type": "ColumnNode",
                "hNodeId": "HN502",
                "columnName": "doc-number",
                "rdfLiteralType": null,
                "userSemanticTypes": [
                    {
                        "hNodeId": "HN502",
                        "domain": {
                            "uri": "http://memexproxy.com/ontology/Identifier"
                        },
                        "type": {
                            "uri": "http://schema.org/name"
                        },
                        "origin": "User",
                        "confidenceScore": 1.0
                    }
                ],
                "learnedSemanticTypes": null,
                "modelIds": null
            },
            {
                "id": "http://memexproxy.com/ontology/Identifier2",
                "label": {
                    "uri": "http://memexproxy.com/ontology/Identifier"
                },
                "type": "InternalNode",
                "modelIds": null
            },
            {
                "id": "thesaurus/identifier/patentid1",
                "label": {
                    "uri": ""
                },
                "type": "LiteralNode",
                "value": "thesaurus/identifier/patentid",
                "datatype": {
                    "uri": ""
                },
                "isUri": "true",
                "modelIds": null
            },
            {
                "id": "HN231",
                "label": {
                    "uri": "HN231"
                },
                "type": "ColumnNode",
                "hNodeId": "HN231",
                "columnName": "doc-number",
                "rdfLiteralType": null,
                "userSemanticTypes": [
                    {
                        "hNodeId": "HN231",
                        "domain": {
                            "uri": "http://memexproxy.com/ontology/Identifier"
                        },
                        "type": {
                            "uri": "http://schema.org/name"
                        },
                        "origin": "User",
                        "confidenceScore": 1.0
                    }
                ],
                "learnedSemanticTypes": null,
                "modelIds": null
            },
            {
                "id": "http://memexproxy.com/ontology/Patent1",
                "label": {
                    "uri": "http://memexproxy.com/ontology/Patent"
                },
                "type": "InternalNode",
                "modelIds": null
            },
            {
                "id": "HN959",
                "label": {
                    "uri": "HN959"
                },
                "type": "ColumnNode",
                "hNodeId": "HN959",
                "columnName": "patent_uri",
                "rdfLiteralType": null,
                "userSemanticTypes": [
                    {
                        "hNodeId": "HN959",
                        "domain": {
                            "uri": "http://memexproxy.com/ontology/Patent"
                        },
                        "type": {
                            "uri": "http://isi.edu/integration/karma/dev#classLink"
                        },
                        "origin": "User",
                        "confidenceScore": 1.0
                    }
                ],
                "learnedSemanticTypes": null,
                "modelIds": null
            },
            {
                "id": "http://schema.org/Person1",
                "label": {
                    "uri": "http://schema.org/Person"
                },
                "type": "InternalNode",
                "modelIds": null
            },
            {
                "id": "http://schema.org/Role1",
                "label": {
                    "uri": "http://schema.org/Role"
                },
                "type": "InternalNode",
                "modelIds": null
            },
            {
                "id": "http://schema.org/WebPageElement1",
                "label": {
                    "uri": "http://schema.org/WebPageElement"
                },
                "type": "InternalNode",
                "modelIds": null
            },
            {
                "id": "http://memexproxy.com/ontology/PersonOrOrganization1",
                "label": {
                    "uri": "http://memexproxy.com/ontology/PersonOrOrganization"
                },
                "type": "InternalNode",
                "modelIds": null
            },
            {
                "id": "http://memexproxy.com/ontology/Patent2",
                "label": {
                    "uri": "http://memexproxy.com/ontology/Patent"
                },
                "type": "InternalNode",
                "modelIds": null
            },
            {
                "id": "HN923",
                "label": {
                    "uri": "HN923"
                },
                "type": "ColumnNode",
                "hNodeId": "HN923",
                "columnName": "date-publ-iso",
                "rdfLiteralType": null,
                "userSemanticTypes": [
                    {
                        "hNodeId": "HN923",
                        "domain": {
                            "uri": "http://memexproxy.com/ontology/Patent"
                        },
                        "type": {
                            "uri": "http://schema.org/datePublished"
                        },
                        "origin": "User",
                        "confidenceScore": 1.0
                    }
                ],
                "learnedSemanticTypes": null,
                "modelIds": null
            },
            {
                "id": "HN488",
                "label": {
                    "uri": "HN488"
                },
                "type": "ColumnNode",
                "hNodeId": "HN488",
                "columnName": "content",
                "rdfLiteralType": null,
                "userSemanticTypes": [
                    {
                        "hNodeId": "HN488",
                        "domain": {
                            "uri": "http://memexproxy.com/ontology/Patent"
                        },
                        "type": {
                            "uri": "http://schema.org/name"
                        },
                        "origin": "User",
                        "confidenceScore": 1.0
                    }
                ],
                "learnedSemanticTypes": null,
                "modelIds": null
            },
            {
                "id": "HN970",
                "label": {
                    "uri": "HN970"
                },
                "type": "ColumnNode",
                "hNodeId": "HN970",
                "columnName": "doc-uri",
                "rdfLiteralType": null,
                "userSemanticTypes": [
                    {
                        "hNodeId": "HN970",
                        "domain": {
                            "uri": "http://memexproxy.com/ontology/Patent"
                        },
                        "type": {
                            "uri": "http://isi.edu/integration/karma/dev#classLink"
                        },
                        "origin": "User",
                        "confidenceScore": 1.0
                    }
                ],
                "learnedSemanticTypes": null,
                "modelIds": null
            },
            {
                "id": "HN1017",
                "label": {
                    "uri": "HN1017"
                },
                "type": "ColumnNode",
                "hNodeId": "HN1017",
                "columnName": "agent_uri",
                "rdfLiteralType": null,
                "userSemanticTypes": [
                    {
                        "hNodeId": "HN1017",
                        "domain": {
                            "uri": "http://memexproxy.com/ontology/PersonOrOrganization"
                        },
                        "type": {
                            "uri": "http://isi.edu/integration/karma/dev#classLink"
                        },
                        "origin": "User",
                        "confidenceScore": 1.0
                    }
                ],
                "learnedSemanticTypes": null,
                "modelIds": null
            },
            {
                "id": "HN952",
                "label": {
                    "uri": "HN952"
                },
                "type": "ColumnNode",
                "hNodeId": "HN952",
                "columnName": "orgname_clean",
                "rdfLiteralType": null,
                "userSemanticTypes": [
                    {
                        "hNodeId": "HN952",
                        "domain": {
                            "uri": "http://memexproxy.com/ontology/PersonOrOrganization"
                        },
                        "type": {
                            "uri": "http://schema.org/name"
                        },
                        "origin": "User",
                        "confidenceScore": 1.0
                    }
                ],
                "learnedSemanticTypes": null,
                "modelIds": null
            },
            {
                "id": "http://memexproxy.com/ontology/PersonOrOrganization2",
                "label": {
                    "uri": "http://memexproxy.com/ontology/PersonOrOrganization"
                },
                "type": "InternalNode",
                "modelIds": null
            },
            {
                "id": "HN1009",
                "label": {
                    "uri": "HN1009"
                },
                "type": "ColumnNode",
                "hNodeId": "HN1009",
                "columnName": "assignee_org_uri",
                "rdfLiteralType": null,
                "userSemanticTypes": [
                    {
                        "hNodeId": "HN1009",
                        "domain": {
                            "uri": "http://memexproxy.com/ontology/PersonOrOrganization"
                        },
                        "type": {
                            "uri": "http://isi.edu/integration/karma/dev#classLink"
                        },
                        "origin": "User",
                        "confidenceScore": 1.0
                    }
                ],
                "learnedSemanticTypes": null,
                "modelIds": null
            },
            {
                "id": "http://schema.org/PostalAddress4",
                "label": {
                    "uri": "http://schema.org/PostalAddress"
                },
                "type": "InternalNode",
                "modelIds": null
            },
            {
                "id": "HN1003",
                "label": {
                    "uri": "HN1003"
                },
                "type": "ColumnNode",
                "hNodeId": "HN1003",
                "columnName": "assignee_orgname_clean",
                "rdfLiteralType": null,
                "userSemanticTypes": [
                    {
                        "hNodeId": "HN1003",
                        "domain": {
                            "uri": "http://memexproxy.com/ontology/PersonOrOrganization"
                        },
                        "type": {
                            "uri": "http://schema.org/name"
                        },
                        "origin": "User",
                        "confidenceScore": 1.0
                    }
                ],
                "learnedSemanticTypes": null,
                "modelIds": null
            },
            {
                "id": "HN937",
                "label": {
                    "uri": "HN937"
                },
                "type": "ColumnNode",
                "hNodeId": "HN937",
                "columnName": "creator_uri",
                "rdfLiteralType": null,
                "userSemanticTypes": [
                    {
                        "hNodeId": "HN937",
                        "domain": {
                            "uri": "http://schema.org/Person"
                        },
                        "type": {
                            "uri": "http://isi.edu/integration/karma/dev#classLink"
                        },
                        "origin": "User",
                        "confidenceScore": 1.0
                    }
                ],
                "learnedSemanticTypes": null,
                "modelIds": null
            },
            {
                "id": "http://schema.org/PostalAddress1",
                "label": {
                    "uri": "http://schema.org/PostalAddress"
                },
                "type": "InternalNode",
                "modelIds": null
            },
            {
                "id": "HN993",
                "label": {
                    "uri": "HN993"
                },
                "type": "ColumnNode",
                "hNodeId": "HN993",
                "columnName": "full_name",
                "rdfLiteralType": null,
                "userSemanticTypes": [
                    {
                        "hNodeId": "HN993",
                        "domain": {
                            "uri": "http://schema.org/Person"
                        },
                        "type": {
                            "uri": "http://schema.org/name"
                        },
                        "origin": "User",
                        "confidenceScore": 1.0
                    }
                ],
                "learnedSemanticTypes": null,
                "modelIds": null
            },
            {
                "id": "HN1031",
                "label": {
                    "uri": "HN1031"
                },
                "type": "ColumnNode",
                "hNodeId": "HN1031",
                "columnName": "applicant_address_uri",
                "rdfLiteralType": null,
                "userSemanticTypes": [
                    {
                        "hNodeId": "HN1031",
                        "domain": {
                            "uri": "http://schema.org/PostalAddress"
                        },
                        "type": {
                            "uri": "http://isi.edu/integration/karma/dev#classLink"
                        },
                        "origin": "User",
                        "confidenceScore": 1.0
                    }
                ],
                "learnedSemanticTypes": null,
                "modelIds": null
            },
            {
                "id": "HN587",
                "label": {
                    "uri": "HN587"
                },
                "type": "ColumnNode",
                "hNodeId": "HN587",
                "columnName": "country",
                "rdfLiteralType": null,
                "userSemanticTypes": [
                    {
                        "hNodeId": "HN587",
                        "domain": {
                            "uri": "http://schema.org/PostalAddress"
                        },
                        "type": {
                            "uri": "http://schema.org/addressCountry"
                        },
                        "origin": "User",
                        "confidenceScore": 1.0
                    }
                ],
                "learnedSemanticTypes": null,
                "modelIds": null
            },
            {
                "id": "HN589",
                "label": {
                    "uri": "HN589"
                },
                "type": "ColumnNode",
                "hNodeId": "HN589",
                "columnName": "city",
                "rdfLiteralType": null,
                "userSemanticTypes": [
                    {
                        "hNodeId": "HN589",
                        "domain": {
                            "uri": "http://schema.org/PostalAddress"
                        },
                        "type": {
                            "uri": "http://schema.org/addressLocality"
                        },
                        "origin": "User",
                        "confidenceScore": 1.0
                    }
                ],
                "learnedSemanticTypes": null,
                "modelIds": null
            },
            {
                "id": "HN585",
                "label": {
                    "uri": "HN585"
                },
                "type": "ColumnNode",
                "hNodeId": "HN585",
                "columnName": "state",
                "rdfLiteralType": null,
                "userSemanticTypes": [
                    {
                        "hNodeId": "HN585",
                        "domain": {
                            "uri": "http://schema.org/PostalAddress"
                        },
                        "type": {
                            "uri": "http://schema.org/addressRegion"
                        },
                        "origin": "User",
                        "confidenceScore": 1.0
                    }
                ],
                "learnedSemanticTypes": null,
                "modelIds": null
            },
            {
                "id": "HN1025",
                "label": {
                    "uri": "HN1025"
                },
                "type": "ColumnNode",
                "hNodeId": "HN1025",
                "columnName": "assignee_address_uri",
                "rdfLiteralType": null,
                "userSemanticTypes": [
                    {
                        "hNodeId": "HN1025",
                        "domain": {
                            "uri": "http://schema.org/PostalAddress"
                        },
                        "type": {
                            "uri": "http://isi.edu/integration/karma/dev#classLink"
                        },
                        "origin": "User",
                        "confidenceScore": 1.0
                    }
                ],
                "learnedSemanticTypes": null,
                "modelIds": null
            },
            {
                "id": "HN543",
                "label": {
                    "uri": "HN543"
                },
                "type": "ColumnNode",
                "hNodeId": "HN543",
                "columnName": "country",
                "rdfLiteralType": null,
                "userSemanticTypes": [
                    {
                        "hNodeId": "HN543",
                        "domain": {
                            "uri": "http://schema.org/PostalAddress"
                        },
                        "type": {
                            "uri": "http://schema.org/addressCountry"
                        },
                        "origin": "User",
                        "confidenceScore": 1.0
                    }
                ],
                "learnedSemanticTypes": null,
                "modelIds": null
            },
            {
                "id": "HN545",
                "label": {
                    "uri": "HN545"
                },
                "type": "ColumnNode",
                "hNodeId": "HN545",
                "columnName": "city",
                "rdfLiteralType": null,
                "userSemanticTypes": [
                    {
                        "hNodeId": "HN545",
                        "domain": {
                            "uri": "http://schema.org/PostalAddress"
                        },
                        "type": {
                            "uri": "http://schema.org/addressLocality"
                        },
                        "origin": "User",
                        "confidenceScore": 1.0
                    }
                ],
                "learnedSemanticTypes": null,
                "modelIds": null
            },
            {
                "id": "HN541",
                "label": {
                    "uri": "HN541"
                },
                "type": "ColumnNode",
                "hNodeId": "HN541",
                "columnName": "state",
                "rdfLiteralType": null,
                "userSemanticTypes": [
                    {
                        "hNodeId": "HN541",
                        "domain": {
                            "uri": "http://schema.org/PostalAddress"
                        },
                        "type": {
                            "uri": "http://schema.org/addressRegion"
                        },
                        "origin": "User",
                        "confidenceScore": 1.0
                    }
                ],
                "learnedSemanticTypes": null,
                "modelIds": null
            },
            {
                "id": "HN1041",
                "label": {
                    "uri": "HN1041"
                },
                "type": "ColumnNode",
                "hNodeId": "HN1041",
                "columnName": "assignee_role_startdate",
                "rdfLiteralType": null,
                "userSemanticTypes": [
                    {
                        "hNodeId": "HN1041",
                        "domain": {
                            "uri": "http://schema.org/Role"
                        },
                        "type": {
                            "uri": "http://schema.org/startDate"
                        },
                        "origin": "User",
                        "confidenceScore": 1.0
                    }
                ],
                "learnedSemanticTypes": [],
                "modelIds": null
            },
            {
                "id": "HN26",
                "label": {
                    "uri": "HN26"
                },
                "type": "ColumnNode",
                "hNodeId": "HN26",
                "columnName": "claim-text",
                "rdfLiteralType": null,
                "userSemanticTypes": [
                    {
                        "hNodeId": "HN26",
                        "domain": {
                            "uri": "http://schema.org/WebPageElement"
                        },
                        "type": {
                            "uri": "http://schema.org/text"
                        },
                        "origin": "User",
                        "confidenceScore": 1.0
                    }
                ],
                "learnedSemanticTypes": null,
                "modelIds": null
            }
        ],
        "links": [
            {
                "id": "http://memexproxy.com/ontology/Identifier1---http://memexproxy.com/ontology/hasType---/thesaurus/identifier/patentid1",
                "weight": 0.01,
                "type": "ObjectPropertyLink",
                "label": {
                    "uri": "http://memexproxy.com/ontology/hasType"
                },
                "objectPropertyType": "None",
                "status": "ForcedByUser",
                "keyInfo": "None",
                "modelIds": null
            },
            {
                "id": "http://memexproxy.com/ontology/Identifier1---http://schema.org/name---HN502",
                "weight": 0.01,
                "type": "DataPropertyLink",
                "label": {
                    "uri": "http://schema.org/name"
                },
                "status": "ForcedByUser",
                "keyInfo": "None",
                "modelIds": null
            },
            {
                "id": "http://memexproxy.com/ontology/Identifier2---http://memexproxy.com/ontology/hasType---thesaurus/identifier/patentid1",
                "weight": 0.01,
                "type": "ObjectPropertyLink",
                "label": {
                    "uri": "http://memexproxy.com/ontology/hasType"
                },
                "objectPropertyType": "None",
                "status": "ForcedByUser",
                "keyInfo": "None",
                "modelIds": null
            },
            {
                "id": "http://memexproxy.com/ontology/Identifier2---http://schema.org/name---HN231",
                "weight": 0.01,
                "type": "DataPropertyLink",
                "label": {
                    "uri": "http://schema.org/name"
                },
                "status": "ForcedByUser",
                "keyInfo": "None",
                "modelIds": null
            },
            {
                "id": "http://memexproxy.com/ontology/Patent1---http://isi.edu/integration/karma/dev#classLink---HN959",
                "weight": 0.01,
                "type": "ClassInstanceLink",
                "label": {
                    "uri": "http://isi.edu/integration/karma/dev#classLink"
                },
                "status": "ForcedByUser",
                "keyInfo": "UriOfInstance",
                "modelIds": null
            },
            {
                "id": "http://memexproxy.com/ontology/Patent1---http://memexproxy.com/ontology/applicant---http://schema.org/Person1",
                "weight": 0.01,
                "type": "ObjectPropertyLink",
                "label": {
                    "uri": "http://memexproxy.com/ontology/applicant"
                },
                "objectPropertyType": "None",
                "status": "ForcedByUser",
                "keyInfo": "None",
                "modelIds": null
            },
            {
                "id": "http://memexproxy.com/ontology/Patent1---http://memexproxy.com/ontology/assignee---http://schema.org/Role1",
                "weight": 0.01,
                "type": "ObjectPropertyLink",
                "label": {
                    "uri": "http://memexproxy.com/ontology/assignee"
                },
                "objectPropertyType": "None",
                "status": "ForcedByUser",
                "keyInfo": "None",
                "modelIds": null
            },
            {
                "id": "http://memexproxy.com/ontology/Patent1---http://memexproxy.com/ontology/hasClaimPart---http://schema.org/WebPageElement1",
                "weight": 0.01,
                "type": "ObjectPropertyLink",
                "label": {
                    "uri": "http://memexproxy.com/ontology/hasClaimPart"
                },
                "objectPropertyType": "None",
                "status": "ForcedByUser",
                "keyInfo": "None",
                "modelIds": null
            },
            {
                "id": "http://memexproxy.com/ontology/Patent1---http://memexproxy.com/ontology/identifier---http://memexproxy.com/ontology/Identifier1",
                "weight": 0.01,
                "type": "ObjectPropertyLink",
                "label": {
                    "uri": "http://memexproxy.com/ontology/identifier"
                },
                "objectPropertyType": "None",
                "status": "ForcedByUser",
                "keyInfo": "None",
                "modelIds": null
            },
            {
                "id": "http://memexproxy.com/ontology/Patent1---http://schema.org/agent---http://memexproxy.com/ontology/PersonOrOrganization1",
                "weight": 0.01,
                "type": "ObjectPropertyLink",
                "label": {
                    "uri": "http://schema.org/agent"
                },
                "objectPropertyType": "None",
                "status": "ForcedByUser",
                "keyInfo": "None",
                "modelIds": null
            },
            {
                "id": "http://memexproxy.com/ontology/Patent1---http://schema.org/citation---http://memexproxy.com/ontology/Patent2",
                "weight": 0.01,
                "type": "ObjectPropertyLink",
                "label": {
                    "uri": "http://schema.org/citation"
                },
                "objectPropertyType": "None",
                "status": "ForcedByUser",
                "keyInfo": "None",
                "modelIds": null
            },
            {
                "id": "http://memexproxy.com/ontology/Patent1---http://schema.org/datePublished---HN923",
                "weight": 0.01,
                "type": "DataPropertyLink",
                "label": {
                    "uri": "http://schema.org/datePublished"
                },
                "status": "ForcedByUser",
                "keyInfo": "None",
                "modelIds": null
            },
            {
                "id": "http://memexproxy.com/ontology/Patent1---http://schema.org/name---HN488",
                "weight": 0.01,
                "type": "DataPropertyLink",
                "label": {
                    "uri": "http://schema.org/name"
                },
                "status": "ForcedByUser",
                "keyInfo": "None",
                "modelIds": null
            },
            {
                "id": "http://memexproxy.com/ontology/Patent2---http://isi.edu/integration/karma/dev#classLink---HN970",
                "weight": 0.01,
                "type": "ClassInstanceLink",
                "label": {
                    "uri": "http://isi.edu/integration/karma/dev#classLink"
                },
                "status": "ForcedByUser",
                "keyInfo": "UriOfInstance",
                "modelIds": null
            },
            {
                "id": "http://memexproxy.com/ontology/Patent2---http://memexproxy.com/ontology/identifier---http://memexproxy.com/ontology/Identifier2",
                "weight": 0.01,
                "type": "ObjectPropertyLink",
                "label": {
                    "uri": "http://memexproxy.com/ontology/identifier"
                },
                "objectPropertyType": "None",
                "status": "ForcedByUser",
                "keyInfo": "None",
                "modelIds": null
            },
            {
                "id": "http://memexproxy.com/ontology/PersonOrOrganization1---http://isi.edu/integration/karma/dev#classLink---HN1017",
                "weight": 0.01,
                "type": "ClassInstanceLink",
                "label": {
                    "uri": "http://isi.edu/integration/karma/dev#classLink"
                },
                "status": "ForcedByUser",
                "keyInfo": "UriOfInstance",
                "modelIds": null
            },
            {
                "id": "http://memexproxy.com/ontology/PersonOrOrganization1---http://schema.org/name---HN952",
                "weight": 0.01,
                "type": "DataPropertyLink",
                "label": {
                    "uri": "http://schema.org/name"
                },
                "status": "ForcedByUser",
                "keyInfo": "None",
                "modelIds": null
            },
            {
                "id": "http://memexproxy.com/ontology/PersonOrOrganization2---http://isi.edu/integration/karma/dev#classLink---HN1009",
                "weight": 0.01,
                "type": "ClassInstanceLink",
                "label": {
                    "uri": "http://isi.edu/integration/karma/dev#classLink"
                },
                "status": "ForcedByUser",
                "keyInfo": "UriOfInstance",
                "modelIds": null
            },
            {
                "id": "http://memexproxy.com/ontology/PersonOrOrganization2---http://schema.org/address---http://schema.org/PostalAddress4",
                "weight": 0.01,
                "type": "ObjectPropertyLink",
                "label": {
                    "uri": "http://schema.org/address"
                },
                "objectPropertyType": "None",
                "status": "ForcedByUser",
                "keyInfo": "None",
                "modelIds": null
            },
            {
                "id": "http://memexproxy.com/ontology/PersonOrOrganization2---http://schema.org/name---HN1003",
                "weight": 0.01,
                "type": "DataPropertyLink",
                "label": {
                    "uri": "http://schema.org/name"
                },
                "status": "ForcedByUser",
                "keyInfo": "None",
                "modelIds": null
            },
            {
                "id": "http://schema.org/Person1---http://isi.edu/integration/karma/dev#classLink---HN937",
                "weight": 0.01,
                "type": "ClassInstanceLink",
                "label": {
                    "uri": "http://isi.edu/integration/karma/dev#classLink"
                },
                "status": "ForcedByUser",
                "keyInfo": "UriOfInstance",
                "modelIds": null
            },
            {
                "id": "http://schema.org/Person1---http://schema.org/address---http://schema.org/PostalAddress1",
                "weight": 0.01,
                "type": "ObjectPropertyLink",
                "label": {
                    "uri": "http://schema.org/address"
                },
                "objectPropertyType": "None",
                "status": "ForcedByUser",
                "keyInfo": "None",
                "modelIds": null
            },
            {
                "id": "http://schema.org/Person1---http://schema.org/name---HN993",
                "weight": 0.01,
                "type": "DataPropertyLink",
                "label": {
                    "uri": "http://schema.org/name"
                },
                "status": "ForcedByUser",
                "keyInfo": "None",
                "modelIds": null
            },
            {
                "id": "http://schema.org/PostalAddress1---http://isi.edu/integration/karma/dev#classLink---HN1031",
                "weight": 0.01,
                "type": "ClassInstanceLink",
                "label": {
                    "uri": "http://isi.edu/integration/karma/dev#classLink"
                },
                "status": "ForcedByUser",
                "keyInfo": "UriOfInstance",
                "modelIds": null
            },
            {
                "id": "http://schema.org/PostalAddress1---http://schema.org/addressCountry---HN587",
                "weight": 0.01,
                "type": "DataPropertyLink",
                "label": {
                    "uri": "http://schema.org/addressCountry"
                },
                "status": "ForcedByUser",
                "keyInfo": "None",
                "modelIds": null
            },
            {
                "id": "http://schema.org/PostalAddress1---http://schema.org/addressLocality---HN589",
                "weight": 0.01,
                "type": "DataPropertyLink",
                "label": {
                    "uri": "http://schema.org/addressLocality"
                },
                "status": "ForcedByUser",
                "keyInfo": "None",
                "modelIds": null
            },
            {
                "id": "http://schema.org/PostalAddress1---http://schema.org/addressRegion---HN585",
                "weight": 0.01,
                "type": "DataPropertyLink",
                "label": {
                    "uri": "http://schema.org/addressRegion"
                },
                "status": "ForcedByUser",
                "keyInfo": "None",
                "modelIds": null
            },
            {
                "id": "http://schema.org/PostalAddress4---http://isi.edu/integration/karma/dev#classLink---HN1025",
                "weight": 0.01,
                "type": "ClassInstanceLink",
                "label": {
                    "uri": "http://isi.edu/integration/karma/dev#classLink"
                },
                "status": "ForcedByUser",
                "keyInfo": "UriOfInstance",
                "modelIds": null
            },
            {
                "id": "http://schema.org/PostalAddress4---http://schema.org/addressCountry---HN543",
                "weight": 0.01,
                "type": "DataPropertyLink",
                "label": {
                    "uri": "http://schema.org/addressCountry"
                },
                "status": "ForcedByUser",
                "keyInfo": "None",
                "modelIds": null
            },
            {
                "id": "http://schema.org/PostalAddress4---http://schema.org/addressLocality---HN545",
                "weight": 0.01,
                "type": "DataPropertyLink",
                "label": {
                    "uri": "http://schema.org/addressLocality"
                },
                "status": "ForcedByUser",
                "keyInfo": "None",
                "modelIds": null
            },
            {
                "id": "http://schema.org/PostalAddress4---http://schema.org/addressRegion---HN541",
                "weight": 0.01,
                "type": "DataPropertyLink",
                "label": {
                    "uri": "http://schema.org/addressRegion"
                },
                "status": "ForcedByUser",
                "keyInfo": "None",
                "modelIds": null
            },
            {
                "id": "http://schema.org/Role1---http://memexproxy.com/ontology/assignee---http://memexproxy.com/ontology/PersonOrOrganization2",
                "weight": 0.01,
                "type": "ObjectPropertyLink",
                "label": {
                    "uri": "http://memexproxy.com/ontology/assignee"
                },
                "objectPropertyType": "None",
                "status": "ForcedByUser",
                "keyInfo": "None",
                "modelIds": null
            },
            {
                "id": "http://schema.org/Role1---http://schema.org/startDate---HN1041",
                "weight": 0.01,
                "type": "DataPropertyLink",
                "label": {
                    "uri": "http://schema.org/startDate"
                },
                "status": "ForcedByUser",
                "keyInfo": "None",
                "modelIds": null
            },
            {
                "id": "http://schema.org/WebPageElement1---http://schema.org/text---HN26",
                "weight": 0.01,
                "type": "DataPropertyLink",
                "label": {
                    "uri": "http://schema.org/text"
                },
                "status": "ForcedByUser",
                "keyInfo": "None",
                "modelIds": null
            }
        ]
    }
}