{
    "id": "patexia_sample_41.json",
    "name": "patexia_sample_41.json",
    "description": null,
    "sourceColumns": [
        {
            "id": "HN22",
            "hNodeId": "HN22",
            "columnName": "case_number"
        },
        {
            "id": "HN9",
            "hNodeId": "HN9",
            "columnName": "title"
        },
        {
            "id": "HN1261",
            "hNodeId": "HN1261",
            "columnName": "date_filed"
        },
        {
            "id": "HN11",
            "hNodeId": "HN11",
            "columnName": "url"
        },
        {
            "id": "HN1816",
            "hNodeId": "HN1816",
            "columnName": "cause_clean"
        },
        {
            "id": "HN1631",
            "hNodeId": "HN1631",
            "columnName": "patent_uri"
        },
        {
            "id": "HN1414",
            "hNodeId": "HN1414",
            "columnName": "title_defendant_uri"
        },
        {
            "id": "HN1216",
            "hNodeId": "HN1216",
            "columnName": "title_defendant"
        },
        {
            "id": "HN1460",
            "hNodeId": "HN1460",
            "columnName": "title_plaintiff_uri"
        },
        {
            "id": "HN1168",
            "hNodeId": "HN1168",
            "columnName": "title_plaintiff"
        },
        {
            "id": "HN1509",
            "hNodeId": "HN1509",
            "columnName": "plaintiffs_clean_uri"
        },
        {
            "id": "HN1307",
            "hNodeId": "HN1307",
            "columnName": "plaintiffs_clean"
        },
        {
            "id": "HN1562",
            "hNodeId": "HN1562",
            "columnName": "defendants_clean_uri"
        },
        {
            "id": "HN1350",
            "hNodeId": "HN1350",
            "columnName": "defendants_clean"
        },
        {
            "id": "HN7",
            "hNodeId": "HN7",
            "columnName": "court"
        }
    ],
    "mappingToSourceColumns": [
        {
            "id": "HN1562",
            "sourceColumnId": "HN1562"
        },
        {
            "id": "HN1460",
            "sourceColumnId": "HN1460"
        },
        {
            "id": "HN22",
            "sourceColumnId": "HN22"
        },
        {
            "id": "HN1350",
            "sourceColumnId": "HN1350"
        },
        {
            "id": "HN11",
            "sourceColumnId": "HN11"
        },
        {
            "id": "HN1631",
            "sourceColumnId": "HN1631"
        },
        {
            "id": "HN7",
            "sourceColumnId": "HN7"
        },
        {
            "id": "HN9",
            "sourceColumnId": "HN9"
        },
        {
            "id": "HN1414",
            "sourceColumnId": "HN1414"
        },
        {
            "id": "HN1168",
            "sourceColumnId": "HN1168"
        },
        {
            "id": "HN1816",
            "sourceColumnId": "HN1816"
        },
        {
            "id": "HN1216",
            "sourceColumnId": "HN1216"
        },
        {
            "id": "HN1509",
            "sourceColumnId": "HN1509"
        },
        {
            "id": "HN1261",
            "sourceColumnId": "HN1261"
        },
        {
            "id": "HN1307",
            "sourceColumnId": "HN1307"
        }
    ],
    "graph": {
        "nodes": [
            {
                "id": "http://memexproxy.com/ontology/Identifier1",
                "label": {
                    "uri": "http://memexproxy.com/ontology/Identifier"
                },
                "type": "InternalNode",
                "modelIds": null
            },
            {
                "id": "http://dig.isi.edu/patents/data/thesaurus/identifier/docketnumber1",
                "label": {
                    "uri": ""
                },
                "type": "LiteralNode",
                "value": "http://dig.isi.edu/patents/data/thesaurus/identifier/docketnumber",
                "datatype": {
                    "uri": ""
                },
                "isUri": "true",
                "modelIds": null
            },
            {
                "id": "HN22",
                "label": {
                    "uri": "HN22"
                },
                "type": "ColumnNode",
                "hNodeId": "HN22",
                "columnName": "case_number",
                "rdfLiteralType": null,
                "userSemanticTypes": [
                    {
                        "hNodeId": "HN22",
                        "domain": {
                            "uri": "http://memexproxy.com/ontology/Identifier"
                        },
                        "type": {
                            "uri": "http://schema.org/name"
                        },
                        "origin": "User",
                        "confidenceScore": 1.0
                    }
                ],
                "learnedSemanticTypes": [
                    {
                        "hNodeId": "HN22",
                        "domain": {
                            "uri": "http://schema.org/PostalAddress"
                        },
                        "type": {
                            "uri": "http://schema.org/streetAddress"
                        },
                        "origin": "TfIdfModel",
                        "confidenceScore": 0.3520537641158475
                    },
                    {
                        "hNodeId": "HN22",
                        "domain": {
                            "uri": "http://schema.org/ScholarlyArticle"
                        },
                        "type": {
                            "uri": "http://schema.org/citation"
                        },
                        "origin": "TfIdfModel",
                        "confidenceScore": 0.24421433361877878
                    },
                    {
                        "hNodeId": "HN22",
                        "domain": {
                            "uri": "http://schema.org/Offer"
                        },
                        "type": {
                            "uri": "http://schema.org/title"
                        },
                        "origin": "TfIdfModel",
                        "confidenceScore": 0.2037675237914655
                    },
                    {
                        "hNodeId": "HN22",
                        "domain": {
                            "uri": "http://schema.org/Product"
                        },
                        "type": {
                            "uri": "http://schema.org/keywords"
                        },
                        "origin": "TfIdfModel",
                        "confidenceScore": 0.19996437847390822
                    }
                ],
                "modelIds": null
            },
            {
                "id": "http://memexproxy.com/ontology/LegalAction1",
                "label": {
                    "uri": "http://memexproxy.com/ontology/LegalAction"
                },
                "type": "InternalNode",
                "modelIds": null
            },
            {
                "id": "http://schema.org/Organization1",
                "label": {
                    "uri": "http://schema.org/Organization"
                },
                "type": "InternalNode",
                "modelIds": null
            },
            {
                "id": "http://schema.org/Organization4",
                "label": {
                    "uri": "http://schema.org/Organization"
                },
                "type": "InternalNode",
                "modelIds": null
            },
            {
                "id": "http://schema.org/Organization2",
                "label": {
                    "uri": "http://schema.org/Organization"
                },
                "type": "InternalNode",
                "modelIds": null
            },
            {
                "id": "http://schema.org/Organization3",
                "label": {
                    "uri": "http://schema.org/Organization"
                },
                "type": "InternalNode",
                "modelIds": null
            },
            {
                "id": "http://memexproxy.com/ontology/LegalActionCause1",
                "label": {
                    "uri": "http://memexproxy.com/ontology/LegalActionCause"
                },
                "type": "InternalNode",
                "modelIds": null
            },
            {
                "id": "http://schema.org/Place1",
                "label": {
                    "uri": "http://schema.org/Place"
                },
                "type": "InternalNode",
                "modelIds": null
            },
            {
                "id": "HN9",
                "label": {
                    "uri": "HN9"
                },
                "type": "ColumnNode",
                "hNodeId": "HN9",
                "columnName": "title",
                "rdfLiteralType": null,
                "userSemanticTypes": [
                    {
                        "hNodeId": "HN9",
                        "domain": {
                            "uri": "http://memexproxy.com/ontology/LegalAction"
                        },
                        "type": {
                            "uri": "http://schema.org/name"
                        },
                        "origin": "User",
                        "confidenceScore": 1.0
                    }
                ],
                "learnedSemanticTypes": [
                    {
                        "hNodeId": "HN9",
                        "domain": {
                            "uri": "http://memexproxy.com/ontology/LegalAction"
                        },
                        "type": {
                            "uri": "http://schema.org/url"
                        },
                        "origin": "TfIdfModel",
                        "confidenceScore": 0.5112405278887807
                    },
                    {
                        "hNodeId": "HN9",
                        "domain": {
                            "uri": "http://schema.org/Organization"
                        },
                        "type": {
                            "uri": "http://schema.org/name"
                        },
                        "origin": "TfIdfModel",
                        "confidenceScore": 0.2521529722287518
                    },
                    {
                        "hNodeId": "HN9",
                        "domain": {
                            "uri": "http://memexproxy.com/ontology/LegalAction"
                        },
                        "type": {
                            "uri": "http://schema.org/name"
                        },
                        "origin": "TfIdfModel",
                        "confidenceScore": 0.12485701736122772
                    },
                    {
                        "hNodeId": "HN9",
                        "domain": {
                            "uri": "http://memexproxy.com/ontology/PersonOrOrganization"
                        },
                        "type": {
                            "uri": "http://schema.org/name"
                        },
                        "origin": "TfIdfModel",
                        "confidenceScore": 0.1117494825212398
                    }
                ],
                "modelIds": null
            },
            {
                "id": "HN1261",
                "label": {
                    "uri": "HN1261"
                },
                "type": "ColumnNode",
                "hNodeId": "HN1261",
                "columnName": "date_filed",
                "rdfLiteralType": null,
                "userSemanticTypes": [
                    {
                        "hNodeId": "HN1261",
                        "domain": {
                            "uri": "http://memexproxy.com/ontology/LegalAction"
                        },
                        "type": {
                            "uri": "http://schema.org/startTime"
                        },
                        "origin": "User",
                        "confidenceScore": 1.0
                    }
                ],
                "learnedSemanticTypes": null,
                "modelIds": null
            },
            {
                "id": "HN11",
                "label": {
                    "uri": "HN11"
                },
                "type": "ColumnNode",
                "hNodeId": "HN11",
                "columnName": "url",
                "rdfLiteralType": null,
                "userSemanticTypes": [
                    {
                        "hNodeId": "HN11",
                        "domain": {
                            "uri": "http://memexproxy.com/ontology/LegalAction"
                        },
                        "type": {
                            "uri": "http://schema.org/url"
                        },
                        "origin": "User",
                        "confidenceScore": 1.0
                    }
                ],
                "learnedSemanticTypes": [
                    {
                        "hNodeId": "HN11",
                        "domain": {
                            "uri": "http://schema.org/WebPageElement"
                        },
                        "type": {
                            "uri": "http://schema.org/url"
                        },
                        "origin": "TfIdfModel",
                        "confidenceScore": 0.7319860369551414
                    },
                    {
                        "hNodeId": "HN11",
                        "domain": {
                            "uri": "http://schema.org/Offer"
                        },
                        "type": {
                            "uri": "http://schema.org/description"
                        },
                        "origin": "TfIdfModel",
                        "confidenceScore": 0.12574464657973136
                    },
                    {
                        "hNodeId": "HN11",
                        "domain": {
                            "uri": "http://schema.org/ImageObject"
                        },
                        "type": {
                            "uri": "http://schema.org/url"
                        },
                        "origin": "TfIdfModel",
                        "confidenceScore": 0.07803447268434338
                    },
                    {
                        "hNodeId": "HN11",
                        "domain": {
                            "uri": "http://schema.org/Person"
                        },
                        "type": {
                            "uri": "http://schema.org/name"
                        },
                        "origin": "TfIdfModel",
                        "confidenceScore": 0.06423484378078387
                    }
                ],
                "modelIds": null
            },
            {
                "id": "HN1816",
                "label": {
                    "uri": "HN1816"
                },
                "type": "ColumnNode",
                "hNodeId": "HN1816",
                "columnName": "cause_clean",
                "rdfLiteralType": null,
                "userSemanticTypes": [
                    {
                        "hNodeId": "HN1816",
                        "domain": {
                            "uri": "http://memexproxy.com/ontology/LegalActionCause"
                        },
                        "type": {
                            "uri": "http://schema.org/name"
                        },
                        "origin": "User",
                        "confidenceScore": 1.0
                    }
                ],
                "learnedSemanticTypes": [
                    {
                        "hNodeId": "HN1816",
                        "domain": {
                            "uri": "http://memexproxy.com/ontology/LegalActionCause"
                        },
                        "type": {
                            "uri": "http://schema.org/name"
                        },
                        "origin": "TfIdfModel",
                        "confidenceScore": 0.8878349190829857
                    },
                    {
                        "hNodeId": "HN1816",
                        "domain": {
                            "uri": "http://memexproxy.com/ontology/Patent"
                        },
                        "type": {
                            "uri": "http://isi.edu/integration/karma/dev#classLink"
                        },
                        "origin": "TfIdfModel",
                        "confidenceScore": 0.07856748149550898
                    },
                    {
                        "hNodeId": "HN1816",
                        "domain": {
                            "uri": "http://schema.org/WebPageElement"
                        },
                        "type": {
                            "uri": "http://schema.org/text"
                        },
                        "origin": "TfIdfModel",
                        "confidenceScore": 0.027611234621627078
                    },
                    {
                        "hNodeId": "HN1816",
                        "domain": {
                            "uri": "http://memexproxy.com/ontology/LegalAction"
                        },
                        "type": {
                            "uri": "http://schema.org/name"
                        },
                        "origin": "TfIdfModel",
                        "confidenceScore": 0.005986364799878184
                    }
                ],
                "modelIds": null
            },
            {
                "id": "http://memexproxy.com/ontology/Patent1",
                "label": {
                    "uri": "http://memexproxy.com/ontology/Patent"
                },
                "type": "InternalNode",
                "modelIds": null
            },
            {
                "id": "HN1631",
                "label": {
                    "uri": "HN1631"
                },
                "type": "ColumnNode",
                "hNodeId": "HN1631",
                "columnName": "patent_uri",
                "rdfLiteralType": null,
                "userSemanticTypes": [
                    {
                        "hNodeId": "HN1631",
                        "domain": {
                            "uri": "http://memexproxy.com/ontology/Patent"
                        },
                        "type": {
                            "uri": "http://isi.edu/integration/karma/dev#classLink"
                        },
                        "origin": "User",
                        "confidenceScore": 1.0
                    }
                ],
                "learnedSemanticTypes": [
                    {
                        "hNodeId": "HN1631",
                        "domain": {
                            "uri": "http://memexproxy.com/ontology/Patent"
                        },
                        "type": {
                            "uri": "http://isi.edu/integration/karma/dev#classLink"
                        },
                        "origin": "TfIdfModel",
                        "confidenceScore": 0.9231075065621469
                    },
                    {
                        "hNodeId": "HN1631",
                        "domain": {
                            "uri": "http://schema.org/Organization"
                        },
                        "type": {
                            "uri": "http://schema.org/name"
                        },
                        "origin": "TfIdfModel",
                        "confidenceScore": 0.04243751954843442
                    },
                    {
                        "hNodeId": "HN1631",
                        "domain": {
                            "uri": "http://schema.org/WebPageElement"
                        },
                        "type": {
                            "uri": "http://schema.org/text"
                        },
                        "origin": "TfIdfModel",
                        "confidenceScore": 0.034454973889418684
                    }
                ],
                "modelIds": null
            },
            {
                "id": "HN1414",
                "label": {
                    "uri": "HN1414"
                },
                "type": "ColumnNode",
                "hNodeId": "HN1414",
                "columnName": "title_defendant_uri",
                "rdfLiteralType": null,
                "userSemanticTypes": [
                    {
                        "hNodeId": "HN1414",
                        "domain": {
                            "uri": "http://schema.org/Organization"
                        },
                        "type": {
                            "uri": "http://isi.edu/integration/karma/dev#classLink"
                        },
                        "origin": "User",
                        "confidenceScore": 1.0
                    }
                ],
                "learnedSemanticTypes": null,
                "modelIds": null
            },
            {
                "id": "HN1216",
                "label": {
                    "uri": "HN1216"
                },
                "type": "ColumnNode",
                "hNodeId": "HN1216",
                "columnName": "title_defendant",
                "rdfLiteralType": null,
                "userSemanticTypes": [
                    {
                        "hNodeId": "HN1216",
                        "domain": {
                            "uri": "http://schema.org/Organization"
                        },
                        "type": {
                            "uri": "http://schema.org/name"
                        },
                        "origin": "User",
                        "confidenceScore": 1.0
                    }
                ],
                "learnedSemanticTypes": null,
                "modelIds": null
            },
            {
                "id": "HN1460",
                "label": {
                    "uri": "HN1460"
                },
                "type": "ColumnNode",
                "hNodeId": "HN1460",
                "columnName": "title_plaintiff_uri",
                "rdfLiteralType": null,
                "userSemanticTypes": [
                    {
                        "hNodeId": "HN1460",
                        "domain": {
                            "uri": "http://schema.org/Organization"
                        },
                        "type": {
                            "uri": "http://isi.edu/integration/karma/dev#classLink"
                        },
                        "origin": "User",
                        "confidenceScore": 1.0
                    }
                ],
                "learnedSemanticTypes": null,
                "modelIds": null
            },
            {
                "id": "HN1168",
                "label": {
                    "uri": "HN1168"
                },
                "type": "ColumnNode",
                "hNodeId": "HN1168",
                "columnName": "title_plaintiff",
                "rdfLiteralType": null,
                "userSemanticTypes": [
                    {
                        "hNodeId": "HN1168",
                        "domain": {
                            "uri": "http://schema.org/Organization"
                        },
                        "type": {
                            "uri": "http://schema.org/name"
                        },
                        "origin": "User",
                        "confidenceScore": 1.0
                    }
                ],
                "learnedSemanticTypes": null,
                "modelIds": null
            },
            {
                "id": "HN1509",
                "label": {
                    "uri": "HN1509"
                },
                "type": "ColumnNode",
                "hNodeId": "HN1509",
                "columnName": "plaintiffs_clean_uri",
                "rdfLiteralType": null,
                "userSemanticTypes": [
                    {
                        "hNodeId": "HN1509",
                        "domain": {
                            "uri": "http://schema.org/Organization"
                        },
                        "type": {
                            "uri": "http://isi.edu/integration/karma/dev#classLink"
                        },
                        "origin": "User",
                        "confidenceScore": 1.0
                    }
                ],
                "learnedSemanticTypes": [
                    {
                        "hNodeId": "HN1509",
                        "domain": {
                            "uri": "http://schema.org/Organization"
                        },
                        "type": {
                            "uri": "http://schema.org/name"
                        },
                        "origin": "TfIdfModel",
                        "confidenceScore": 0.45311036912775515
                    },
                    {
                        "hNodeId": "HN1509",
                        "domain": {
                            "uri": "http://schema.org/Person"
                        },
                        "type": {
                            "uri": "http://schema.org/name"
                        },
                        "origin": "TfIdfModel",
                        "confidenceScore": 0.2521834359700267
                    },
                    {
                        "hNodeId": "HN1509",
                        "domain": {
                            "uri": "http://schema.org/Person"
                        },
                        "type": {
                            "uri": "http://schema.org/alternateName"
                        },
                        "origin": "TfIdfModel",
                        "confidenceScore": 0.19849895222776476
                    },
                    {
                        "hNodeId": "HN1509",
                        "domain": {
                            "uri": "http://schema.org/ImageObject"
                        },
                        "type": {
                            "uri": "http://schema.org/url"
                        },
                        "origin": "TfIdfModel",
                        "confidenceScore": 0.09620724267445342
                    }
                ],
                "modelIds": null
            },
            {
                "id": "HN1307",
                "label": {
                    "uri": "HN1307"
                },
                "type": "ColumnNode",
                "hNodeId": "HN1307",
                "columnName": "plaintiffs_clean",
                "rdfLiteralType": null,
                "userSemanticTypes": [
                    {
                        "hNodeId": "HN1307",
                        "domain": {
                            "uri": "http://schema.org/Organization"
                        },
                        "type": {
                            "uri": "http://schema.org/name"
                        },
                        "origin": "User",
                        "confidenceScore": 1.0
                    }
                ],
                "learnedSemanticTypes": null,
                "modelIds": null
            },
            {
                "id": "HN1562",
                "label": {
                    "uri": "HN1562"
                },
                "type": "ColumnNode",
                "hNodeId": "HN1562",
                "columnName": "defendants_clean_uri",
                "rdfLiteralType": null,
                "userSemanticTypes": [
                    {
                        "hNodeId": "HN1562",
                        "domain": {
                            "uri": "http://schema.org/Organization"
                        },
                        "type": {
                            "uri": "http://isi.edu/integration/karma/dev#classLink"
                        },
                        "origin": "User",
                        "confidenceScore": 1.0
                    }
                ],
                "learnedSemanticTypes": [
                    {
                        "hNodeId": "HN1562",
                        "domain": {
                            "uri": "http://schema.org/Person"
                        },
                        "type": {
                            "uri": "http://schema.org/name"
                        },
                        "origin": "TfIdfModel",
                        "confidenceScore": 0.32822729511011306
                    },
                    {
                        "hNodeId": "HN1562",
                        "domain": {
                            "uri": "http://schema.org/Person"
                        },
                        "type": {
                            "uri": "http://schema.org/alternateName"
                        },
                        "origin": "TfIdfModel",
                        "confidenceScore": 0.3099116615707616
                    },
                    {
                        "hNodeId": "HN1562",
                        "domain": {
                            "uri": "http://schema.org/WebPageElement"
                        },
                        "type": {
                            "uri": "http://schema.org/text"
                        },
                        "origin": "TfIdfModel",
                        "confidenceScore": 0.2265308111316267
                    },
                    {
                        "hNodeId": "HN1562",
                        "domain": {
                            "uri": "http://schema.org/Offer"
                        },
                        "type": {
                            "uri": "http://schema.org/title"
                        },
                        "origin": "TfIdfModel",
                        "confidenceScore": 0.13533023218749862
                    }
                ],
                "modelIds": null
            },
            {
                "id": "HN1350",
                "label": {
                    "uri": "HN1350"
                },
                "type": "ColumnNode",
                "hNodeId": "HN1350",
                "columnName": "defendants_clean",
                "rdfLiteralType": null,
                "userSemanticTypes": [
                    {
                        "hNodeId": "HN1350",
                        "domain": {
                            "uri": "http://schema.org/Organization"
                        },
                        "type": {
                            "uri": "http://schema.org/name"
                        },
                        "origin": "User",
                        "confidenceScore": 1.0
                    }
                ],
                "learnedSemanticTypes": null,
                "modelIds": null
            },
            {
                "id": "HN7",
                "label": {
                    "uri": "HN7"
                },
                "type": "ColumnNode",
                "hNodeId": "HN7",
                "columnName": "court",
                "rdfLiteralType": null,
                "userSemanticTypes": [
                    {
                        "hNodeId": "HN7",
                        "domain": {
                            "uri": "http://schema.org/Place"
                        },
                        "type": {
                            "uri": "http://schema.org/name"
                        },
                        "origin": "User",
                        "confidenceScore": 1.0
                    }
                ],
                "learnedSemanticTypes": [
                    {
                        "hNodeId": "HN7",
                        "domain": {
                            "uri": "http://schema.org/WebPageElement"
                        },
                        "type": {
                            "uri": "http://schema.org/text"
                        },
                        "origin": "TfIdfModel",
                        "confidenceScore": 0.4829717211863172
                    },
                    {
                        "hNodeId": "HN7",
                        "domain": {
                            "uri": "http://schema.org/Place"
                        },
                        "type": {
                            "uri": "http://schema.org/name"
                        },
                        "origin": "TfIdfModel",
                        "confidenceScore": 0.24422975279203377
                    },
                    {
                        "hNodeId": "HN7",
                        "domain": {
                            "uri": "http://schema.org/PostalAddress"
                        },
                        "type": {
                            "uri": "http://schema.org/streetAddress"
                        },
                        "origin": "TfIdfModel",
                        "confidenceScore": 0.22285716958152504
                    },
                    {
                        "hNodeId": "HN7",
                        "domain": {
                            "uri": "http://schema.org/Organization"
                        },
                        "type": {
                            "uri": "http://schema.org/name"
                        },
                        "origin": "TfIdfModel",
                        "confidenceScore": 0.04994135644012399
                    }
                ],
                "modelIds": null
            }
        ],
        "links": [
            {
                "id": "http://memexproxy.com/ontology/Identifier1---http://memexproxy.com/ontology/hasType---http://dig.isi.edu/patents/data/thesaurus/identifier/docketnumber1",
                "weight": 0.01,
                "type": "ObjectPropertyLink",
                "label": {
                    "uri": "http://memexproxy.com/ontology/hasType"
                },
                "objectPropertyType": "None",
                "status": "ForcedByUser",
                "keyInfo": "None",
                "modelIds": null
            },
            {
                "id": "http://memexproxy.com/ontology/Identifier1---http://schema.org/name---HN22",
                "weight": 0.01,
                "type": "DataPropertyLink",
                "label": {
                    "uri": "http://schema.org/name"
                },
                "status": "ForcedByUser",
                "keyInfo": "None",
                "modelIds": null
            },
            {
                "id": "http://memexproxy.com/ontology/LegalAction1---http://memexproxy.com/ontology/defendant---http://schema.org/Organization1",
                "weight": 0.01,
                "type": "ObjectPropertyLink",
                "label": {
                    "uri": "http://memexproxy.com/ontology/defendant"
                },
                "objectPropertyType": "None",
                "status": "ForcedByUser",
                "keyInfo": "None",
                "modelIds": null
            },
            {
                "id": "http://memexproxy.com/ontology/LegalAction1---http://memexproxy.com/ontology/defendant---http://schema.org/Organization4",
                "weight": 0.01,
                "type": "ObjectPropertyLink",
                "label": {
                    "uri": "http://memexproxy.com/ontology/defendant"
                },
                "objectPropertyType": "None",
                "status": "ForcedByUser",
                "keyInfo": "None",
                "modelIds": null
            },
            {
                "id": "http://memexproxy.com/ontology/LegalAction1---http://memexproxy.com/ontology/identifier---http://memexproxy.com/ontology/Identifier1",
                "weight": 0.01,
                "type": "ObjectPropertyLink",
                "label": {
                    "uri": "http://memexproxy.com/ontology/identifier"
                },
                "objectPropertyType": "None",
                "status": "ForcedByUser",
                "keyInfo": "None",
                "modelIds": null
            },
            {
                "id": "http://memexproxy.com/ontology/LegalAction1---http://memexproxy.com/ontology/plaintiff---http://schema.org/Organization2",
                "weight": 0.01,
                "type": "ObjectPropertyLink",
                "label": {
                    "uri": "http://memexproxy.com/ontology/plaintiff"
                },
                "objectPropertyType": "None",
                "status": "ForcedByUser",
                "keyInfo": "None",
                "modelIds": null
            },
            {
                "id": "http://memexproxy.com/ontology/LegalAction1---http://memexproxy.com/ontology/plaintiff---http://schema.org/Organization3",
                "weight": 0.01,
                "type": "ObjectPropertyLink",
                "label": {
                    "uri": "http://memexproxy.com/ontology/plaintiff"
                },
                "objectPropertyType": "None",
                "status": "ForcedByUser",
                "keyInfo": "None",
                "modelIds": null
            },
            {
                "id": "http://memexproxy.com/ontology/LegalAction1---http://schema.org/cause---http://memexproxy.com/ontology/LegalActionCause1",
                "weight": 0.01,
                "type": "ObjectPropertyLink",
                "label": {
                    "uri": "http://schema.org/cause"
                },
                "objectPropertyType": "None",
                "status": "ForcedByUser",
                "keyInfo": "None",
                "modelIds": null
            },
            {
                "id": "http://memexproxy.com/ontology/LegalAction1---http://schema.org/location---http://schema.org/Place1",
                "weight": 0.01,
                "type": "ObjectPropertyLink",
                "label": {
                    "uri": "http://schema.org/location"
                },
                "objectPropertyType": "None",
                "status": "ForcedByUser",
                "keyInfo": "None",
                "modelIds": null
            },
            {
                "id": "http://memexproxy.com/ontology/LegalAction1---http://schema.org/name---HN9",
                "weight": 0.01,
                "type": "DataPropertyLink",
                "label": {
                    "uri": "http://schema.org/name"
                },
                "status": "ForcedByUser",
                "keyInfo": "None",
                "modelIds": null
            },
            {
                "id": "http://memexproxy.com/ontology/LegalAction1---http://schema.org/startTime---HN1261",
                "weight": 0.01,
                "type": "DataPropertyLink",
                "label": {
                    "uri": "http://schema.org/startTime"
                },
                "status": "ForcedByUser",
                "keyInfo": "None",
                "modelIds": null
            },
            {
                "id": "http://memexproxy.com/ontology/LegalAction1---http://schema.org/url---HN11",
                "weight": 0.01,
                "type": "DataPropertyLink",
                "label": {
                    "uri": "http://schema.org/url"
                },
                "status": "ForcedByUser",
                "keyInfo": "None",
                "modelIds": null
            },
            {
                "id": "http://memexproxy.com/ontology/LegalActionCause1---http://schema.org/name---HN1816",
                "weight": 0.01,
                "type": "DataPropertyLink",
                "label": {
                    "uri": "http://schema.org/name"
                },
                "status": "ForcedByUser",
                "keyInfo": "None",
                "modelIds": null
            },
            {
                "id": "http://memexproxy.com/ontology/Patent1---http://isi.edu/integration/karma/dev#classLink---HN1631",
                "weight": 0.01,
                "type": "ClassInstanceLink",
                "label": {
                    "uri": "http://isi.edu/integration/karma/dev#classLink"
                },
                "status": "ForcedByUser",
                "keyInfo": "UriOfInstance",
                "modelIds": null
            },
            {
                "id": "http://memexproxy.com/ontology/Patent1---http://memexproxy.com/ontology/legalAction---http://memexproxy.com/ontology/LegalAction1",
                "weight": 0.01,
                "type": "ObjectPropertyLink",
                "label": {
                    "uri": "http://memexproxy.com/ontology/legalAction"
                },
                "objectPropertyType": "None",
                "status": "ForcedByUser",
                "keyInfo": "None",
                "modelIds": null
            },
            {
                "id": "http://schema.org/Organization1---http://isi.edu/integration/karma/dev#classLink---HN1414",
                "weight": 0.01,
                "type": "ClassInstanceLink",
                "label": {
                    "uri": "http://isi.edu/integration/karma/dev#classLink"
                },
                "status": "ForcedByUser",
                "keyInfo": "UriOfInstance",
                "modelIds": null
            },
            {
                "id": "http://schema.org/Organization1---http://schema.org/name---HN1216",
                "weight": 0.01,
                "type": "DataPropertyLink",
                "label": {
                    "uri": "http://schema.org/name"
                },
                "status": "ForcedByUser",
                "keyInfo": "None",
                "modelIds": null
            },
            {
                "id": "http://schema.org/Organization2---http://isi.edu/integration/karma/dev#classLink---HN1460",
                "weight": 0.01,
                "type": "ClassInstanceLink",
                "label": {
                    "uri": "http://isi.edu/integration/karma/dev#classLink"
                },
                "status": "ForcedByUser",
                "keyInfo": "UriOfInstance",
                "modelIds": null
            },
            {
                "id": "http://schema.org/Organization2---http://schema.org/name---HN1168",
                "weight": 0.01,
                "type": "DataPropertyLink",
                "label": {
                    "uri": "http://schema.org/name"
                },
                "status": "ForcedByUser",
                "keyInfo": "None",
                "modelIds": null
            },
            {
                "id": "http://schema.org/Organization3---http://isi.edu/integration/karma/dev#classLink---HN1509",
                "weight": 0.01,
                "type": "ClassInstanceLink",
                "label": {
                    "uri": "http://isi.edu/integration/karma/dev#classLink"
                },
                "status": "ForcedByUser",
                "keyInfo": "UriOfInstance",
                "modelIds": null
            },
            {
                "id": "http://schema.org/Organization3---http://schema.org/name---HN1307",
                "weight": 0.01,
                "type": "DataPropertyLink",
                "label": {
                    "uri": "http://schema.org/name"
                },
                "status": "ForcedByUser",
                "keyInfo": "None",
                "modelIds": null
            },
            {
                "id": "http://schema.org/Organization4---http://isi.edu/integration/karma/dev#classLink---HN1562",
                "weight": 0.01,
                "type": "ClassInstanceLink",
                "label": {
                    "uri": "http://isi.edu/integration/karma/dev#classLink"
                },
                "status": "ForcedByUser",
                "keyInfo": "UriOfInstance",
                "modelIds": null
            },
            {
                "id": "http://schema.org/Organization4---http://schema.org/name---HN1350",
                "weight": 0.01,
                "type": "DataPropertyLink",
                "label": {
                    "uri": "http://schema.org/name"
                },
                "status": "ForcedByUser",
                "keyInfo": "None",
                "modelIds": null
            },
            {
                "id": "http://schema.org/Place1---http://schema.org/name---HN7",
                "weight": 0.01,
                "type": "DataPropertyLink",
                "label": {
                    "uri": "http://schema.org/name"
                },
                "status": "ForcedByUser",
                "keyInfo": "None",
                "modelIds": null
            }
        ]
    }
}