{
    "id": "sciencedirect-sample.json",
    "name": "sciencedirect-sample.json",
    "description": null,
    "sourceColumns": [
        {
            "id": "HN114",
            "hNodeId": "HN114",
            "columnName": "author_uri"
        },
        {
            "id": "HN11",
            "hNodeId": "HN11",
            "columnName": "values"
        },
        {
            "id": "HN135",
            "hNodeId": "HN135",
            "columnName": "author_normalized"
        },
        {
            "id": "HN90",
            "hNodeId": "HN90",
            "columnName": "uri"
        },
        {
            "id": "HN98",
            "hNodeId": "HN98",
            "columnName": "datepublished"
        },
        {
            "id": "HN24",
            "hNodeId": "HN24",
            "columnName": "values"
        },
        {
            "id": "HN35",
            "hNodeId": "HN35",
            "columnName": "title"
        },
        {
            "id": "HN5",
            "hNodeId": "HN5",
            "columnName": "abstract"
        }
    ],
    "mappingToSourceColumns": [
        {
            "id": "HN90",
            "sourceColumnId": "HN90"
        },
        {
            "id": "HN35",
            "sourceColumnId": "HN35"
        },
        {
            "id": "HN114",
            "sourceColumnId": "HN114"
        },
        {
            "id": "HN24",
            "sourceColumnId": "HN24"
        },
        {
            "id": "HN135",
            "sourceColumnId": "HN135"
        },
        {
            "id": "HN98",
            "sourceColumnId": "HN98"
        },
        {
            "id": "HN5",
            "sourceColumnId": "HN5"
        },
        {
            "id": "HN11",
            "sourceColumnId": "HN11"
        }
    ],
    "graph": {
        "nodes": [
            {
                "id": "http://schema.org/Person1",
                "label": {
                    "uri": "http://schema.org/Person"
                },
                "type": "InternalNode",
                "modelIds": null
            },
            {
                "id": "HN114",
                "label": {
                    "uri": "HN114"
                },
                "type": "ColumnNode",
                "hNodeId": "HN114",
                "columnName": "author_uri",
                "rdfLiteralType": null,
                "userSemanticTypes": [
                    {
                        "hNodeId": "HN114",
                        "domain": {
                            "uri": "http://schema.org/Person"
                        },
                        "type": {
                            "uri": "http://isi.edu/integration/karma/dev#classLink"
                        },
                        "origin": "User",
                        "confidenceScore": 1.0
                    }
                ],
                "learnedSemanticTypes": null,
                "modelIds": null
            },
            {
                "id": "HN11",
                "label": {
                    "uri": "HN11"
                },
                "type": "ColumnNode",
                "hNodeId": "HN11",
                "columnName": "values",
                "rdfLiteralType": null,
                "userSemanticTypes": [
                    {
                        "hNodeId": "HN11",
                        "domain": {
                            "uri": "http://schema.org/Person"
                        },
                        "type": {
                            "uri": "http://schema.org/alternateName"
                        },
                        "origin": "User",
                        "confidenceScore": 1.0
                    }
                ],
                "learnedSemanticTypes": null,
                "modelIds": null
            },
            {
                "id": "HN135",
                "label": {
                    "uri": "HN135"
                },
                "type": "ColumnNode",
                "hNodeId": "HN135",
                "columnName": "author_normalized",
                "rdfLiteralType": null,
                "userSemanticTypes": [
                    {
                        "hNodeId": "HN135",
                        "domain": {
                            "uri": "http://schema.org/Person"
                        },
                        "type": {
                            "uri": "http://schema.org/name"
                        },
                        "origin": "User",
                        "confidenceScore": 1.0
                    }
                ],
                "learnedSemanticTypes": null,
                "modelIds": null
            },
            {
                "id": "http://schema.org/ScholarlyArticle1",
                "label": {
                    "uri": "http://schema.org/ScholarlyArticle"
                },
                "type": "InternalNode",
                "modelIds": null
            },
            {
                "id": "HN90",
                "label": {
                    "uri": "HN90"
                },
                "type": "ColumnNode",
                "hNodeId": "HN90",
                "columnName": "uri",
                "rdfLiteralType": null,
                "userSemanticTypes": [
                    {
                        "hNodeId": "HN90",
                        "domain": {
                            "uri": "http://schema.org/ScholarlyArticle"
                        },
                        "type": {
                            "uri": "http://isi.edu/integration/karma/dev#classLink"
                        },
                        "origin": "User",
                        "confidenceScore": 1.0
                    }
                ],
                "learnedSemanticTypes": null,
                "modelIds": null
            },
            {
                "id": "HN98",
                "label": {
                    "uri": "HN98"
                },
                "type": "ColumnNode",
                "hNodeId": "HN98",
                "columnName": "datepublished",
                "rdfLiteralType": null,
                "userSemanticTypes": [
                    {
                        "hNodeId": "HN98",
                        "domain": {
                            "uri": "http://schema.org/ScholarlyArticle"
                        },
                        "type": {
                            "uri": "http://schema.org/datePublished"
                        },
                        "origin": "User",
                        "confidenceScore": 1.0
                    }
                ],
                "learnedSemanticTypes": null,
                "modelIds": null
            },
            {
                "id": "HN24",
                "label": {
                    "uri": "HN24"
                },
                "type": "ColumnNode",
                "hNodeId": "HN24",
                "columnName": "values",
                "rdfLiteralType": null,
                "userSemanticTypes": [
                    {
                        "hNodeId": "HN24",
                        "domain": {
                            "uri": "http://schema.org/ScholarlyArticle"
                        },
                        "type": {
                            "uri": "http://schema.org/keywords"
                        },
                        "origin": "User",
                        "confidenceScore": 1.0
                    }
                ],
                "learnedSemanticTypes": null,
                "modelIds": null
            },
            {
                "id": "HN35",
                "label": {
                    "uri": "HN35"
                },
                "type": "ColumnNode",
                "hNodeId": "HN35",
                "columnName": "title",
                "rdfLiteralType": null,
                "userSemanticTypes": [
                    {
                        "hNodeId": "HN35",
                        "domain": {
                            "uri": "http://schema.org/ScholarlyArticle"
                        },
                        "type": {
                            "uri": "http://schema.org/name"
                        },
                        "origin": "User",
                        "confidenceScore": 1.0
                    }
                ],
                "learnedSemanticTypes": null,
                "modelIds": null
            },
            {
                "id": "HN5",
                "label": {
                    "uri": "HN5"
                },
                "type": "ColumnNode",
                "hNodeId": "HN5",
                "columnName": "abstract",
                "rdfLiteralType": null,
                "userSemanticTypes": [
                    {
                        "hNodeId": "HN5",
                        "domain": {
                            "uri": "http://schema.org/ScholarlyArticle"
                        },
                        "type": {
                            "uri": "http://schema.org/text"
                        },
                        "origin": "User",
                        "confidenceScore": 1.0
                    }
                ],
                "learnedSemanticTypes": null,
                "modelIds": null
            }
        ],
        "links": [
            {
                "id": "http://schema.org/Person1---http://isi.edu/integration/karma/dev#classLink---HN114",
                "weight": 0.01,
                "type": "ClassInstanceLink",
                "label": {
                    "uri": "http://isi.edu/integration/karma/dev#classLink"
                },
                "status": "ForcedByUser",
                "keyInfo": "UriOfInstance",
                "modelIds": null
            },
            {
                "id": "http://schema.org/Person1---http://schema.org/alternateName---HN11",
                "weight": 0.01,
                "type": "DataPropertyLink",
                "label": {
                    "uri": "http://schema.org/alternateName"
                },
                "status": "ForcedByUser",
                "keyInfo": "None",
                "modelIds": null
            },
            {
                "id": "http://schema.org/Person1---http://schema.org/name---HN135",
                "weight": 0.01,
                "type": "DataPropertyLink",
                "label": {
                    "uri": "http://schema.org/name"
                },
                "status": "ForcedByUser",
                "keyInfo": "None",
                "modelIds": null
            },
            {
                "id": "http://schema.org/ScholarlyArticle1---http://isi.edu/integration/karma/dev#classLink---HN90",
                "weight": 0.01,
                "type": "ClassInstanceLink",
                "label": {
                    "uri": "http://isi.edu/integration/karma/dev#classLink"
                },
                "status": "ForcedByUser",
                "keyInfo": "UriOfInstance",
                "modelIds": null
            },
            {
                "id": "http://schema.org/ScholarlyArticle1---http://schema.org/author---http://schema.org/Person1",
                "weight": 0.01,
                "type": "ObjectPropertyLink",
                "label": {
                    "uri": "http://schema.org/author"
                },
                "objectPropertyType": "None",
                "status": "ForcedByUser",
                "keyInfo": "None",
                "modelIds": null
            },
            {
                "id": "http://schema.org/ScholarlyArticle1---http://schema.org/datePublished---HN98",
                "weight": 0.01,
                "type": "DataPropertyLink",
                "label": {
                    "uri": "http://schema.org/datePublished"
                },
                "status": "ForcedByUser",
                "keyInfo": "None",
                "modelIds": null
            },
            {
                "id": "http://schema.org/ScholarlyArticle1---http://schema.org/keywords---HN24",
                "weight": 0.01,
                "type": "DataPropertyLink",
                "label": {
                    "uri": "http://schema.org/keywords"
                },
                "status": "ForcedByUser",
                "keyInfo": "None",
                "modelIds": null
            },
            {
                "id": "http://schema.org/ScholarlyArticle1---http://schema.org/name---HN35",
                "weight": 0.01,
                "type": "DataPropertyLink",
                "label": {
                    "uri": "http://schema.org/name"
                },
                "status": "ForcedByUser",
                "keyInfo": "None",
                "modelIds": null
            },
            {
                "id": "http://schema.org/ScholarlyArticle1---http://schema.org/text---HN5",
                "weight": 0.01,
                "type": "DataPropertyLink",
                "label": {
                    "uri": "http://schema.org/text"
                },
                "status": "ForcedByUser",
                "keyInfo": "None",
                "modelIds": null
            },
            {
                "id": "http://schema.org/Person1---http://memexproxy.com/ontology/isAuthorOf---http://schema.org/ScholarlyArticle1",
                "weight": 0.01,
                "type": "ObjectPropertyLink",
                "label": {
                    "uri": "http://memexproxy.com/ontology/isAuthorOf"
                },
                "objectPropertyType": "None",
                "status": "ForcedByUser",
                "keyInfo": "None",
                "modelIds": null
            }
        ]
    }
}