{
    "id": "weapons-wordlists-sample.json",
    "name": "weapons-wordlists-sample.json",
    "description": null,
    "sourceColumns": [
        {
            "id": "HN116",
            "hNodeId": "HN116",
            "columnName": "t_gang"
        },
        {
            "id": "HN128",
            "hNodeId": "HN128",
            "columnName": "t_non_english"
        },
        {
            "id": "HN112",
            "hNodeId": "HN112",
            "columnName": "t_technology"
        },
        {
            "id": "HN120",
            "hNodeId": "HN120",
            "columnName": "t_firearms"
        },
        {
            "id": "HN124",
            "hNodeId": "HN124",
            "columnName": "t_nfa"
        },
        {
            "id": "HN161",
            "hNodeId": "HN161",
            "columnName": "t_redflags"
        },
        {
            "id": "HN14",
            "hNodeId": "HN14",
            "columnName": "values"
        },
        {
            "id": "HN80",
            "hNodeId": "HN80",
            "columnName": "values"
        },
        {
            "id": "HN32",
            "hNodeId": "HN32",
            "columnName": "values"
        },
        {
            "id": "HN47",
            "hNodeId": "HN47",
            "columnName": "values"
        },
        {
            "id": "HN103",
            "hNodeId": "HN103",
            "columnName": "values"
        },
        {
            "id": "HN25",
            "hNodeId": "HN25",
            "columnName": "values"
        },
        {
            "id": "HN58",
            "hNodeId": "HN58",
            "columnName": "uri"
        }
    ],
    "mappingToSourceColumns": [
        {
            "id": "HN14",
            "sourceColumnId": "HN14"
        },
        {
            "id": "HN120",
            "sourceColumnId": "HN120"
        },
        {
            "id": "HN103",
            "sourceColumnId": "HN103"
        },
        {
            "id": "HN124",
            "sourceColumnId": "HN124"
        },
        {
            "id": "HN112",
            "sourceColumnId": "HN112"
        },
        {
            "id": "HN25",
            "sourceColumnId": "HN25"
        },
        {
            "id": "HN161",
            "sourceColumnId": "HN161"
        },
        {
            "id": "HN128",
            "sourceColumnId": "HN128"
        },
        {
            "id": "HN32",
            "sourceColumnId": "HN32"
        },
        {
            "id": "HN116",
            "sourceColumnId": "HN116"
        },
        {
            "id": "HN47",
            "sourceColumnId": "HN47"
        },
        {
            "id": "HN80",
            "sourceColumnId": "HN80"
        },
        {
            "id": "HN58",
            "sourceColumnId": "HN58"
        }
    ],
    "graph": {
        "nodes": [
            {
                "id": "http://memexproxy.com/ontology/DistinctivePhrases1",
                "label": {
                    "uri": "http://memexproxy.com/ontology/DistinctivePhrases"
                },
                "type": "InternalNode",
                "modelIds": null
            },
            {
                "id": "http://schema.org/Text2",
                "label": {
                    "uri": "http://schema.org/Text"
                },
                "type": "InternalNode",
                "modelIds": null
            },
            {
                "id": "HN116",
                "label": {
                    "uri": "HN116"
                },
                "type": "ColumnNode",
                "hNodeId": "HN116",
                "columnName": "t_gang",
                "rdfLiteralType": null,
                "userSemanticTypes": [
                    {
                        "hNodeId": "HN116",
                        "domain": {
                            "uri": "http://memexproxy.com/ontology/DistinctivePhrases"
                        },
                        "type": {
                            "uri": "http://schema.org/name"
                        },
                        "origin": "User",
                        "confidenceScore": 1.0
                    }
                ],
                "learnedSemanticTypes": null,
                "modelIds": null
            },
            {
                "id": "http://memexproxy.com/ontology/DistinctivePhrases2",
                "label": {
                    "uri": "http://memexproxy.com/ontology/DistinctivePhrases"
                },
                "type": "InternalNode",
                "modelIds": null
            },
            {
                "id": "http://schema.org/Text5",
                "label": {
                    "uri": "http://schema.org/Text"
                },
                "type": "InternalNode",
                "modelIds": null
            },
            {
                "id": "HN128",
                "label": {
                    "uri": "HN128"
                },
                "type": "ColumnNode",
                "hNodeId": "HN128",
                "columnName": "t_non_english",
                "rdfLiteralType": null,
                "userSemanticTypes": [
                    {
                        "hNodeId": "HN128",
                        "domain": {
                            "uri": "http://memexproxy.com/ontology/DistinctivePhrases"
                        },
                        "type": {
                            "uri": "http://schema.org/name"
                        },
                        "origin": "User",
                        "confidenceScore": 1.0
                    }
                ],
                "learnedSemanticTypes": null,
                "modelIds": null
            },
            {
                "id": "http://memexproxy.com/ontology/Topic1",
                "label": {
                    "uri": "http://memexproxy.com/ontology/Topic"
                },
                "type": "InternalNode",
                "modelIds": null
            },
            {
                "id": "http://schema.org/Text1",
                "label": {
                    "uri": "http://schema.org/Text"
                },
                "type": "InternalNode",
                "modelIds": null
            },
            {
                "id": "HN112",
                "label": {
                    "uri": "HN112"
                },
                "type": "ColumnNode",
                "hNodeId": "HN112",
                "columnName": "t_technology",
                "rdfLiteralType": null,
                "userSemanticTypes": [
                    {
                        "hNodeId": "HN112",
                        "domain": {
                            "uri": "http://memexproxy.com/ontology/Topic"
                        },
                        "type": {
                            "uri": "http://schema.org/name"
                        },
                        "origin": "User",
                        "confidenceScore": 1.0
                    }
                ],
                "learnedSemanticTypes": null,
                "modelIds": null
            },
            {
                "id": "http://memexproxy.com/ontology/Topic2",
                "label": {
                    "uri": "http://memexproxy.com/ontology/Topic"
                },
                "type": "InternalNode",
                "modelIds": null
            },
            {
                "id": "http://schema.org/Text3",
                "label": {
                    "uri": "http://schema.org/Text"
                },
                "type": "InternalNode",
                "modelIds": null
            },
            {
                "id": "HN120",
                "label": {
                    "uri": "HN120"
                },
                "type": "ColumnNode",
                "hNodeId": "HN120",
                "columnName": "t_firearms",
                "rdfLiteralType": null,
                "userSemanticTypes": [
                    {
                        "hNodeId": "HN120",
                        "domain": {
                            "uri": "http://memexproxy.com/ontology/Topic"
                        },
                        "type": {
                            "uri": "http://schema.org/name"
                        },
                        "origin": "User",
                        "confidenceScore": 1.0
                    }
                ],
                "learnedSemanticTypes": null,
                "modelIds": null
            },
            {
                "id": "http://memexproxy.com/ontology/Topic3",
                "label": {
                    "uri": "http://memexproxy.com/ontology/Topic"
                },
                "type": "InternalNode",
                "modelIds": null
            },
            {
                "id": "http://schema.org/Text4",
                "label": {
                    "uri": "http://schema.org/Text"
                },
                "type": "InternalNode",
                "modelIds": null
            },
            {
                "id": "HN124",
                "label": {
                    "uri": "HN124"
                },
                "type": "ColumnNode",
                "hNodeId": "HN124",
                "columnName": "t_nfa",
                "rdfLiteralType": null,
                "userSemanticTypes": [
                    {
                        "hNodeId": "HN124",
                        "domain": {
                            "uri": "http://memexproxy.com/ontology/Topic"
                        },
                        "type": {
                            "uri": "http://schema.org/name"
                        },
                        "origin": "User",
                        "confidenceScore": 1.0
                    }
                ],
                "learnedSemanticTypes": null,
                "modelIds": null
            },
            {
                "id": "http://memexproxy.com/ontology/Topic4",
                "label": {
                    "uri": "http://memexproxy.com/ontology/Topic"
                },
                "type": "InternalNode",
                "modelIds": null
            },
            {
                "id": "http://schema.org/Text6",
                "label": {
                    "uri": "http://schema.org/Text"
                },
                "type": "InternalNode",
                "modelIds": null
            },
            {
                "id": "HN161",
                "label": {
                    "uri": "HN161"
                },
                "type": "ColumnNode",
                "hNodeId": "HN161",
                "columnName": "t_redflags",
                "rdfLiteralType": null,
                "userSemanticTypes": [
                    {
                        "hNodeId": "HN161",
                        "domain": {
                            "uri": "http://memexproxy.com/ontology/Topic"
                        },
                        "type": {
                            "uri": "http://schema.org/name"
                        },
                        "origin": "User",
                        "confidenceScore": 1.0
                    }
                ],
                "learnedSemanticTypes": [
                    {
                        "hNodeId": "HN161",
                        "domain": {
                            "uri": "http://schema.org/Offer"
                        },
                        "type": {
                            "uri": "http://schema.org/text"
                        },
                        "origin": "TfIdfModel",
                        "confidenceScore": 0.29655187508624387
                    },
                    {
                        "hNodeId": "HN161",
                        "domain": {
                            "uri": "http://schema.org/Offer"
                        },
                        "type": {
                            "uri": "http://schema.org/name"
                        },
                        "origin": "TfIdfModel",
                        "confidenceScore": 0.28137008788729256
                    },
                    {
                        "hNodeId": "HN161",
                        "domain": {
                            "uri": "http://schema.org/Offer"
                        },
                        "type": {
                            "uri": "http://schema.org/title"
                        },
                        "origin": "TfIdfModel",
                        "confidenceScore": 0.22509606457636833
                    },
                    {
                        "hNodeId": "HN161",
                        "domain": {
                            "uri": "http://schema.org/WebPageElement"
                        },
                        "type": {
                            "uri": "http://schema.org/text"
                        },
                        "origin": "TfIdfModel",
                        "confidenceScore": 0.19698197245009524
                    }
                ],
                "modelIds": null
            },
            {
                "id": "HN14",
                "label": {
                    "uri": "HN14"
                },
                "type": "ColumnNode",
                "hNodeId": "HN14",
                "columnName": "values",
                "rdfLiteralType": null,
                "userSemanticTypes": [
                    {
                        "hNodeId": "HN14",
                        "domain": {
                            "uri": "http://schema.org/Text"
                        },
                        "type": {
                            "uri": "http://schema.org/name"
                        },
                        "origin": "User",
                        "confidenceScore": 1.0
                    }
                ],
                "learnedSemanticTypes": null,
                "modelIds": null
            },
            {
                "id": "HN80",
                "label": {
                    "uri": "HN80"
                },
                "type": "ColumnNode",
                "hNodeId": "HN80",
                "columnName": "values",
                "rdfLiteralType": null,
                "userSemanticTypes": [
                    {
                        "hNodeId": "HN80",
                        "domain": {
                            "uri": "http://schema.org/Text"
                        },
                        "type": {
                            "uri": "http://schema.org/name"
                        },
                        "origin": "User",
                        "confidenceScore": 1.0
                    }
                ],
                "learnedSemanticTypes": null,
                "modelIds": null
            },
            {
                "id": "HN32",
                "label": {
                    "uri": "HN32"
                },
                "type": "ColumnNode",
                "hNodeId": "HN32",
                "columnName": "values",
                "rdfLiteralType": null,
                "userSemanticTypes": [
                    {
                        "hNodeId": "HN32",
                        "domain": {
                            "uri": "http://schema.org/Text"
                        },
                        "type": {
                            "uri": "http://schema.org/name"
                        },
                        "origin": "User",
                        "confidenceScore": 1.0
                    }
                ],
                "learnedSemanticTypes": null,
                "modelIds": null
            },
            {
                "id": "HN47",
                "label": {
                    "uri": "HN47"
                },
                "type": "ColumnNode",
                "hNodeId": "HN47",
                "columnName": "values",
                "rdfLiteralType": null,
                "userSemanticTypes": [
                    {
                        "hNodeId": "HN47",
                        "domain": {
                            "uri": "http://schema.org/Text"
                        },
                        "type": {
                            "uri": "http://schema.org/name"
                        },
                        "origin": "User",
                        "confidenceScore": 1.0
                    }
                ],
                "learnedSemanticTypes": null,
                "modelIds": null
            },
            {
                "id": "HN103",
                "label": {
                    "uri": "HN103"
                },
                "type": "ColumnNode",
                "hNodeId": "HN103",
                "columnName": "values",
                "rdfLiteralType": null,
                "userSemanticTypes": [
                    {
                        "hNodeId": "HN103",
                        "domain": {
                            "uri": "http://schema.org/Text"
                        },
                        "type": {
                            "uri": "http://schema.org/name"
                        },
                        "origin": "User",
                        "confidenceScore": 1.0
                    }
                ],
                "learnedSemanticTypes": null,
                "modelIds": null
            },
            {
                "id": "HN25",
                "label": {
                    "uri": "HN25"
                },
                "type": "ColumnNode",
                "hNodeId": "HN25",
                "columnName": "values",
                "rdfLiteralType": null,
                "userSemanticTypes": [
                    {
                        "hNodeId": "HN25",
                        "domain": {
                            "uri": "http://schema.org/Text"
                        },
                        "type": {
                            "uri": "http://schema.org/name"
                        },
                        "origin": "User",
                        "confidenceScore": 1.0
                    }
                ],
                "learnedSemanticTypes": [
                    {
                        "hNodeId": "HN25",
                        "domain": {
                            "uri": "http://schema.org/Product"
                        },
                        "type": {
                            "uri": "http://schema.org/name"
                        },
                        "origin": "TfIdfModel",
                        "confidenceScore": 0.3906981577966427
                    },
                    {
                        "hNodeId": "HN25",
                        "domain": {
                            "uri": "http://memexproxy.com/ontology/Thread"
                        },
                        "type": {
                            "uri": "http://schema.org/text"
                        },
                        "origin": "TfIdfModel",
                        "confidenceScore": 0.24580886881138495
                    },
                    {
                        "hNodeId": "HN25",
                        "domain": {
                            "uri": "http://schema.org/Offer"
                        },
                        "type": {
                            "uri": "http://schema.org/description"
                        },
                        "origin": "TfIdfModel",
                        "confidenceScore": 0.2345960131517412
                    },
                    {
                        "hNodeId": "HN25",
                        "domain": {
                            "uri": "http://schema.org/Offer"
                        },
                        "type": {
                            "uri": "http://schema.org/title"
                        },
                        "origin": "TfIdfModel",
                        "confidenceScore": 0.12889696024023115
                    }
                ],
                "modelIds": null
            },
            {
                "id": "http://schema.org/Thing1",
                "label": {
                    "uri": "http://schema.org/Thing"
                },
                "type": "InternalNode",
                "modelIds": null
            },
            {
                "id": "HN58",
                "label": {
                    "uri": "HN58"
                },
                "type": "ColumnNode",
                "hNodeId": "HN58",
                "columnName": "uri",
                "rdfLiteralType": null,
                "userSemanticTypes": [
                    {
                        "hNodeId": "HN58",
                        "domain": {
                            "uri": "http://schema.org/Thing"
                        },
                        "type": {
                            "uri": "http://isi.edu/integration/karma/dev#classLink"
                        },
                        "origin": "User",
                        "confidenceScore": 1.0
                    }
                ],
                "learnedSemanticTypes": null,
                "modelIds": null
            }
        ],
        "links": [
            {
                "id": "http://memexproxy.com/ontology/DistinctivePhrases1---http://memexproxy.com/ontology/hasPhrase---http://schema.org/Text2",
                "weight": 0.01,
                "type": "ObjectPropertyLink",
                "label": {
                    "uri": "http://memexproxy.com/ontology/hasPhrase"
                },
                "objectPropertyType": "None",
                "status": "ForcedByUser",
                "keyInfo": "None",
                "modelIds": null
            },
            {
                "id": "http://memexproxy.com/ontology/DistinctivePhrases1---http://schema.org/name---HN116",
                "weight": 0.01,
                "type": "DataPropertyLink",
                "label": {
                    "uri": "http://schema.org/name"
                },
                "status": "ForcedByUser",
                "keyInfo": "None",
                "modelIds": null
            },
            {
                "id": "http://memexproxy.com/ontology/DistinctivePhrases2---http://memexproxy.com/ontology/hasPhrase---http://schema.org/Text5",
                "weight": 0.01,
                "type": "ObjectPropertyLink",
                "label": {
                    "uri": "http://memexproxy.com/ontology/hasPhrase"
                },
                "objectPropertyType": "None",
                "status": "ForcedByUser",
                "keyInfo": "None",
                "modelIds": null
            },
            {
                "id": "http://memexproxy.com/ontology/DistinctivePhrases2---http://schema.org/name---HN128",
                "weight": 0.01,
                "type": "DataPropertyLink",
                "label": {
                    "uri": "http://schema.org/name"
                },
                "status": "ForcedByUser",
                "keyInfo": "None",
                "modelIds": null
            },
            {
                "id": "http://memexproxy.com/ontology/Topic1---http://memexproxy.com/ontology/hasPhrase---http://schema.org/Text1",
                "weight": 0.01,
                "type": "ObjectPropertyLink",
                "label": {
                    "uri": "http://memexproxy.com/ontology/hasPhrase"
                },
                "objectPropertyType": "None",
                "status": "ForcedByUser",
                "keyInfo": "None",
                "modelIds": null
            },
            {
                "id": "http://memexproxy.com/ontology/Topic1---http://schema.org/name---HN112",
                "weight": 0.01,
                "type": "DataPropertyLink",
                "label": {
                    "uri": "http://schema.org/name"
                },
                "status": "ForcedByUser",
                "keyInfo": "None",
                "modelIds": null
            },
            {
                "id": "http://memexproxy.com/ontology/Topic2---http://memexproxy.com/ontology/hasPhrase---http://schema.org/Text3",
                "weight": 0.01,
                "type": "ObjectPropertyLink",
                "label": {
                    "uri": "http://memexproxy.com/ontology/hasPhrase"
                },
                "objectPropertyType": "None",
                "status": "ForcedByUser",
                "keyInfo": "None",
                "modelIds": null
            },
            {
                "id": "http://memexproxy.com/ontology/Topic2---http://schema.org/name---HN120",
                "weight": 0.01,
                "type": "DataPropertyLink",
                "label": {
                    "uri": "http://schema.org/name"
                },
                "status": "ForcedByUser",
                "keyInfo": "None",
                "modelIds": null
            },
            {
                "id": "http://memexproxy.com/ontology/Topic3---http://memexproxy.com/ontology/hasPhrase---http://schema.org/Text4",
                "weight": 0.01,
                "type": "ObjectPropertyLink",
                "label": {
                    "uri": "http://memexproxy.com/ontology/hasPhrase"
                },
                "objectPropertyType": "None",
                "status": "ForcedByUser",
                "keyInfo": "None",
                "modelIds": null
            },
            {
                "id": "http://memexproxy.com/ontology/Topic3---http://schema.org/name---HN124",
                "weight": 0.01,
                "type": "DataPropertyLink",
                "label": {
                    "uri": "http://schema.org/name"
                },
                "status": "ForcedByUser",
                "keyInfo": "None",
                "modelIds": null
            },
            {
                "id": "http://memexproxy.com/ontology/Topic4---http://memexproxy.com/ontology/hasPhrase---http://schema.org/Text6",
                "weight": 0.01,
                "type": "ObjectPropertyLink",
                "label": {
                    "uri": "http://memexproxy.com/ontology/hasPhrase"
                },
                "objectPropertyType": "None",
                "status": "ForcedByUser",
                "keyInfo": "None",
                "modelIds": null
            },
            {
                "id": "http://memexproxy.com/ontology/Topic4---http://schema.org/name---HN161",
                "weight": 0.01,
                "type": "DataPropertyLink",
                "label": {
                    "uri": "http://schema.org/name"
                },
                "status": "ForcedByUser",
                "keyInfo": "None",
                "modelIds": null
            },
            {
                "id": "http://schema.org/Text1---http://schema.org/name---HN14",
                "weight": 0.01,
                "type": "DataPropertyLink",
                "label": {
                    "uri": "http://schema.org/name"
                },
                "status": "ForcedByUser",
                "keyInfo": "None",
                "modelIds": null
            },
            {
                "id": "http://schema.org/Text2---http://schema.org/name---HN80",
                "weight": 0.01,
                "type": "DataPropertyLink",
                "label": {
                    "uri": "http://schema.org/name"
                },
                "status": "ForcedByUser",
                "keyInfo": "None",
                "modelIds": null
            },
            {
                "id": "http://schema.org/Text3---http://schema.org/name---HN32",
                "weight": 0.01,
                "type": "DataPropertyLink",
                "label": {
                    "uri": "http://schema.org/name"
                },
                "status": "ForcedByUser",
                "keyInfo": "None",
                "modelIds": null
            },
            {
                "id": "http://schema.org/Text4---http://schema.org/name---HN47",
                "weight": 0.01,
                "type": "DataPropertyLink",
                "label": {
                    "uri": "http://schema.org/name"
                },
                "status": "ForcedByUser",
                "keyInfo": "None",
                "modelIds": null
            },
            {
                "id": "http://schema.org/Text5---http://schema.org/name---HN103",
                "weight": 0.01,
                "type": "DataPropertyLink",
                "label": {
                    "uri": "http://schema.org/name"
                },
                "status": "ForcedByUser",
                "keyInfo": "None",
                "modelIds": null
            },
            {
                "id": "http://schema.org/Text6---http://schema.org/name---HN25",
                "weight": 0.01,
                "type": "DataPropertyLink",
                "label": {
                    "uri": "http://schema.org/name"
                },
                "status": "ForcedByUser",
                "keyInfo": "None",
                "modelIds": null
            },
            {
                "id": "http://schema.org/Thing1---http://isi.edu/integration/karma/dev#classLink---HN58",
                "weight": 0.01,
                "type": "ClassInstanceLink",
                "label": {
                    "uri": "http://isi.edu/integration/karma/dev#classLink"
                },
                "status": "ForcedByUser",
                "keyInfo": "UriOfInstance",
                "modelIds": null
            },
            {
                "id": "http://schema.org/Thing1---http://memexproxy.com/ontology/hasFirearmsPhrase---http://memexproxy.com/ontology/Topic2",
                "weight": 0.01,
                "type": "ObjectPropertyLink",
                "label": {
                    "uri": "http://memexproxy.com/ontology/hasFirearmsPhrase"
                },
                "objectPropertyType": "None",
                "status": "ForcedByUser",
                "keyInfo": "None",
                "modelIds": null
            },
            {
                "id": "http://schema.org/Thing1---http://memexproxy.com/ontology/hasFirearmsRedFlagPhrase---http://memexproxy.com/ontology/Topic4",
                "weight": 0.01,
                "type": "ObjectPropertyLink",
                "label": {
                    "uri": "http://memexproxy.com/ontology/hasFirearmsRedFlagPhrase"
                },
                "objectPropertyType": "None",
                "status": "ForcedByUser",
                "keyInfo": "None",
                "modelIds": null
            },
            {
                "id": "http://schema.org/Thing1---http://memexproxy.com/ontology/hasGangPhrase---http://memexproxy.com/ontology/DistinctivePhrases1",
                "weight": 0.01,
                "type": "ObjectPropertyLink",
                "label": {
                    "uri": "http://memexproxy.com/ontology/hasGangPhrase"
                },
                "objectPropertyType": "None",
                "status": "ForcedByUser",
                "keyInfo": "None",
                "modelIds": null
            },
            {
                "id": "http://schema.org/Thing1---http://memexproxy.com/ontology/hasNFAPhrase---http://memexproxy.com/ontology/Topic3",
                "weight": 0.01,
                "type": "ObjectPropertyLink",
                "label": {
                    "uri": "http://memexproxy.com/ontology/hasNFAPhrase"
                },
                "objectPropertyType": "None",
                "status": "ForcedByUser",
                "keyInfo": "None",
                "modelIds": null
            },
            {
                "id": "http://schema.org/Thing1---http://memexproxy.com/ontology/hasNonEnglishPhrase---http://memexproxy.com/ontology/DistinctivePhrases2",
                "weight": 0.01,
                "type": "ObjectPropertyLink",
                "label": {
                    "uri": "http://memexproxy.com/ontology/hasNonEnglishPhrase"
                },
                "objectPropertyType": "None",
                "status": "ForcedByUser",
                "keyInfo": "None",
                "modelIds": null
            },
            {
                "id": "http://schema.org/Thing1---http://memexproxy.com/ontology/hasTechnologyPhrase---http://memexproxy.com/ontology/Topic1",
                "weight": 0.01,
                "type": "ObjectPropertyLink",
                "label": {
                    "uri": "http://memexproxy.com/ontology/hasTechnologyPhrase"
                },
                "objectPropertyType": "None",
                "status": "ForcedByUser",
                "keyInfo": "None",
                "modelIds": null
            }
        ]
    }
}