{
  "@context": {
    "Thing": {
      "@type": "@id",
      "@id": "http://schema.org/Thing"
    },
    "Text": {
      "@type": "@id",
      "@id": "http://schema.org/Text"
    },
    "State": {
      "@type": "@id",
      "@id": "http://schema.org/State"
    },
    "LegalAction": {
      "@type": "@id",
      "@id": "http://memexproxy.com/ontology/LegalAction"
    },
    "City": {
      "@type": "@id",
      "@id": "http://schema.org/City"
    },
    "GovernmentPermit": {
      "@type": "@id",
      "@id": "http://schema.org/GovernmentPermit"
    },
    "Patent": {
      "@type": "@id",
      "@id": "http://memexproxy.com/ontology/Patent"
    },
    "Topic": {
      "@type": "@id",
      "@id": "http://memexproxy.com/ontology/Topic"
    },
    "DistinctivePhrases": {
      "@type": "@id",
      "@id": "http://memexproxy.com/ontology/DistinctivePhrases"
    },
    "WebPage": {
      "@type": "@id",
      "@id": "http://schema.org/WebPage"
    },
    "ScholarlyArticle": {
      "@type": "@id",
      "@id": "http://schema.org/ScholarlyArticle"
    },
    "WebPageElement": {
      "@type": "@id",
      "@id": "http://schema.org/WebPageElement"
    },
    "EmailAddress": {
      "@type": "@id",
      "@id": "http://memexproxy.com/ontology/EmailAddress"
    },
    "Place": {
      "@type": "@id",
      "@id": "http://schema.org/Place"
    },
    "GeoCoordinates": {
      "@type": "@id",
      "@id": "http://schema.org/GeoCoordinates"
    },
    "Country": {
      "@type": "@id",
      "@id": "http://schema.org/Country"
    },
    "PostalAddress": {
      "@type": "@id",
      "@id": "http://schema.org/PostalAddress"
    },
    "Activity": {
      "@type": "@id",
      "@id": "http://www.w3.org/ns/prov#Activity"
    },
    "ImageObject": {
      "@type": "@id",
      "@id": "http://schema.org/ImageObject"
    },
    "Organization": {
      "@type": "@id",
      "@id": "http://schema.org/Organization"
    },
    "Name": {
      "@type": "@id",
      "@id": "http://memexproxy.com/ontology/Name"
    },
    "Identifier": {
      "@type": "@id",
      "@id": "http://memexproxy.com/ontology/Identifier"
    },
    "Article": {
      "@id": "http://schema.org/Article"
    },
    "Cluster": {
      "@type": "@id",
      "@id": "http://memexproxy.com/ontology/Cluster"
    },
    "Thread": {
      "@type": "@id",
      "@id": "http://memexproxy.com/ontology/Thread"
    },
    "Post": {
      "@type": "@id",
      "@id": "http://memexproxy.com/ontology/Post"
    },
    "Offer": {
      "@type": "@id",
      "@id": "http://schema.org/Offer"
    },
    "PriceSpecification": {
      "@type": "@id",
      "@id": "http://schema.org/PriceSpecification"
    },
    "Demand": {
      "@type": "@id",
      "@id": "http://schema.org/Demand"
    },
    "Product": {
      "@type": "@id",
      "@id": "http://schema.org/Product"
    },
    "OrganizationRole": {
      "@type": "@id",
      "@id": "http://schema.org/OrganizationRole"
    },
    "Role": {
      "@type": "@id",
      "@id": "http://schema.org/Role"
    },
    "PersonOrOrganization": {
      "@type": "@id",
      "@id": "http://memexproxy.com/ontology/PersonOrOrganization"
    },
    "LegalActionCause": {
      "@type": "@id",
      "@id": "http://memexproxy.com/ontology/LegalActionCause"
    },
    "AdultService": {
      "@type": "@id",
      "@id": "http://memexproxy.com/ontology/AdultService"
    },
    "a": "@type",
    "hairColor": {
      "@id": "http://memexproxy.com/ontology/hairColor",
      "@container":"@set"
    },
    "eyeColor": {
      "@id": "http://memexproxy.com/ontology/eyeColor",
      "@container":"@set"
    },
    "personAge": {
      "@id": "http://memexproxy.com/ontology/personAge",
      "@container":"@set"
    },
    "mainEntityOfPage": {
      "@id": "http://schema.org/mainEntityOfPage",
      "@type": "@id"
    },
    "mainEntity": {
      "@id": "http://schema.org/mainEntity",
      "@type": "@id"
    },
    "makesOffer": {
      "@id": "http://schema.org/makesOffer",
      "@container":"@set",
      "@type": "@id"
    },
    "owner": {
      "@id": "http://memexproxy.com/ontology/owner",
      "@container":"@set",
      "@type": "@id"
    },
    "legalName": {
      "@id": "http://schema.org/legalName"
    },
    "provider": {
      "@id": "http://schema.org/provider"
    },
    "category": {
      "@id": "http://schema.org/category"
    },
    "cause": {
      "@id": "http://schema.org/cause"
    },
    "plaintiff": {
      "@id": "http://memexproxy.com/ontology/plaintiff"
    },
    "defendant": {
      "@id": "http://memexproxy.com/ontology/defendant"
    },
    "assignee": {
      "@id": "http://memexproxy.com/ontology/assignee",
      "@type": "@id"
    },
    "isSimilarTo": {
      "@id": "http://schema.org/isSimilarTo",
      "@container":"@set"
    },
    "targetUrl": {
      "@id": "http://schema.org/targetUrl"
    },
    "about": {
      "@id": "http://schema.org/about"
    },
    "audience": {
      "@id": "http://schema.org/audience"
    },
    "issuedBy": {
      "@id": "http://schema.org/issuedBy"
    },
    "valueName": {
      "@id": "http://schema.org/valueName"
    },
    "status": {
      "@id": "http://schema.org/status"
    },
    "validFrom": {
      "@id": "http://schema.org/validFrom"
    },
    "validIn": {
      "@id": "http://schema.org/validIn"
    },
    "postalCode": {
      "@id": "http://schema.org/postalCode"
    },
    "streetAddress": {
      "@id": "http://schema.org/streetAddress"
    },
    "providesService": {
      "@id": "http://schema.org/providesService",
      "@type": "@id"
    },
    "serviceType": {
      "@id": "http://schema.org/serviceType"
    },
    "subtype": {
      "@id": "http://schema.org/subtype"
    },
    "dateCreated": {
      "@id": "http://schema.org/dateCreated"
    },
    "worksFor": {
      "@id": "http://schema.org/worksFor",
      "@type": "@id"
    },
    "employee": {
      "@id": "http://schema.org/employee",
      "@type": "@id"
    },
    "subOrganization": {
      "@id": "http://schema.org/subOrganization"
    },
    "agent": {
      "@id": "http://schema.org/agent"
    },
    "hasBodyPart": {
      "@id": "http://memexproxy.com/ontology/hasBodyPart",
      "@type": "@id"
    },
    "hasTitlePart": {
      "@id": "http://memexproxy.com/ontology/hasTitlePart",
      "@type": "@id"
    },
    "hasSignaturePart": {
      "@id": "http://memexproxy.com/ontology/hasSignaturePart",
      "@type": "@id"
    },
    "hasClaimPart": {
      "@id": "http://memexproxy.com/ontology/hasClaimPart",
      "@type": "@id"
    },
    "hasPhrase": {
      "@id": "http://memexproxy.com/ontology/hasPhrase"
    },
    "hasPost": {
      "@id": "http://memexproxy.com/ontology/hasPost",
      "@type": "@id"
    },
    "distinctivePhrases": {
      "@id": "http://memexproxy.com/ontology/distinctivePhrases"
    },
    "featureName": {
      "@id": "http://memexproxy.com/ontology/featureName"
    },
    "isAuthorOf": {
      "@id": "http://memexproxy.com/ontology/isAuthorOf",
      "@type": "@id"
    },
    "isPostOf": {
      "@id": "http://memexproxy.com/ontology/isPostOf",
      "@type": "@id"
    },
    "activityCount": {
      "@id": "http://memexproxy.com/ontology/activityCount"
    },
    "featureValue": {
      "@id": "http://memexproxy.com/ontology/featureValue"
    },
    "text": {
      "@id": "http://schema.org/text"
    },
    "uri": "@id",
    "url": {
      "@id": "http://schema.org/url"
    },
    "applicant": {
      "@id": "http://memexproxy.com/ontology/applicant",
      "@type": "@id"
    },
    "price": {
      "@id": "http://schema.org/price"
    },
    "priceCurrency": {
      "@id": "http://schema.org/priceCurrency"
    },
    "billingIncrement": {
      "@id": "http://schema.org/billingIncrement"
    },
    "unitCode": {
      "@id": "http://schema.org/unitCode"
    },
    "Person": {
      "@id": "http://schema.org/Person"
    },
    "screenshot": {
      "@id": "http://schema.org/screenshot"
    },
    "xsd": "http://www.w3.org/2001/XMLSchema#",
    "label": {
      "@id": "http://www.w3.org/2000/01/rdf-schema#label"
    },
    "address": {
      "@id": "http://schema.org/address",
      "@container":"@set",
      "@type": "@id"
    },
    "addressCountry": {
      "@id": "http://schema.org/addressCountry"
    },
    "addressLocality": {
      "@id": "http://schema.org/addressLocality"
    },
    "addressRegion": {
      "@id": "http://schema.org/addressRegion"
    },
    "location": {
      "@id": "http://schema.org/location"
    },
    "geo": {
      "@id": "http://schema.org/geo"
    },
    "lat": {
      "@id": "http://schema.org/latitude"
    },
    "lon": {
      "@id": "http://schema.org/longitude"
    },
    "inLanguage": {
      "@id": "http://schema.org/inLanguage"
    },
    "website": {
      "@id": "http://memexproxy.com/ontology/website"
    },
    "person_location": {
      "@id": "http://memexproxy.com/ontology/person_location"
    },
    "datePublished": {
      "@id": "http://schema.org/datePublished"
    },
    "isCitationOf": {
      "@id": "http://memexproxy.com/ontology/isCitationOf"
    },
    "citation": {
      "@id": "http://schema.org/citation"
    },
    "hasType": {
      "@id": "http://memexproxy.com/ontology/hasType"
    },
    "buyer": {
      "@id": "http://schema.org/buyer",
      "@type": "@id"
    },
    "seller": {
      "@id": "http://schema.org/seller",
      "@type": "@id"
    },
    "description": {
      "@id": "http://schema.org/description",
      "@container":"@set"
    },
    "title": {
      "@id": "http://schema.org/title"
    },
    "name": {
      "@id": "http://schema.org/name",
      "@container":"@set"
    },
    "alternateName": {
      "@id": "http://schema.org/alternateName"
    },
    "aggregateRating": {
      "@id": "http://schema.org/aggregateRating"
    },
    "ratingValue": {
      "@id": "http://schema.org/ratingValue"
    },
    "AggregateRating": {
      "@id": "http://schema.org/AggregateRating"
    },
    "image": {
      "@id": "http://schema.org/image"
    },
    "publisher": {
      "@id": "http://schema.org/publisher"
    },
    "manufacturer": {
      "@id": "http://schema.org/manufacturer"
    },
    "memberOf": {
      "@id": "http://schema.org/memberOf"
    },
    "availableAtOrFrom": {
      "@id": "http://schema.org/availableAtOrFrom",
      "@type": "@id"
    },
    "availabilityStarts": {
      "@id": "http://schema.org/availabilityStarts"
    },
    "startDate": {
      "@id": "http://schema.org/startDate"
    },
    "identifier": {
      "@id": "http://memexproxy.com/ontology/identifier",
      "@container":"@set"
    },
    "itemOffered": {
      "@id": "http://schema.org/itemOffered",
      "@type": "@id"
    },
    "offers": {
      "@id": "http://schema.org/offers",
      "@container":"@set",
      "@type": "@id"
    },
    "startTime": {
      "@id": "http://schema.org/startTime"
    },
    "itemCondition": {
      "@id": "http://schema.org/itemCondition"
    },
    "model": {
      "@id": "http://schema.org/model"
    },
    "serialNumber": {
      "@id": "http://schema.org/serialNumber"
    },
    "priceSpecification": {
      "@id": "http://schema.org/priceSpecification",
      "@container":"@set"
    },
    "inventoryLevel": {
      "@id": "http://schema.org/inventoryLevel"
    },
    "sku": {
      "@id": "http://schema.org/sku"
    },
    "mpn": {
      "@id": "http://schema.org/mpn"
    },
    "contactPoint": {
      "@id": "http://schema.org/contactPoint",
      "@type": "@id"
    },
    "telephone": {
      "@id": "http://schema.org/telephone",
      "@container":"@set",
      "@type": "@id"
    },
    "rate": {
      "@id": "http://memexproxy.com/ontology/rate"
    },
    "author": {
      "@id": "http://schema.org/author",
      "@type": "@id"
    },
    "sourceOrganization": {
      "@id": "http://schema.org/sourceOrganization"
    },
    "email": {
      "@id": "http://schema.org/email",
      "@container":"@set"
    },
    "compound": {
      "@id": "http://memexproxy.com/ontology/compound"
    },
    "organization": {
      "@id": "http://memexproxy.com/ontology/organization",
      "@type": "@id"
    },
    "operatingPermit": {
      "@id": "http://memexproxy.com/ontology/operatingPermit"
    },
    "legalAction": {
      "@id": "http://memexproxy.com/ontology/legalAction",
      "@type": "@id"
    },
    "provider_name": {
      "@id": "http://memexproxy.com/ontology/provider_name"
    },
    "claims": {
      "@id": "http://memexproxy.com/ontology/claims"
    },
    "keywords": {
      "@id": "http://schema.org/keywords"
    },
    "hasNonEnglishPhrase": {
      "@id": "http://memexproxy.com/ontology/hasNonEnglishPhrase"
    },
    "hasTechnologyPhrase": {
      "@id": "http://memexproxy.com/ontology/hasTechnologyPhrase"
    },
    "hasNFAPhrase": {
      "@id": "http://memexproxy.com/ontology/hasNFAPhrase"
    },
    "hasFirearmsPhrase": {
      "@id": "http://memexproxy.com/ontology/hasFirearmsPhrase"
    },
    "hasGangPhrase": {
      "@id": "http://memexproxy.com/ontology/hasGangPhrase"
    },
    "hasFirearmsRedFlagPhrase": {
      "@id": "http://memexproxy.com/ontology/hasFirearmsRedFlagPhrase"
    },
    "similarityScore": {
      "@id": "http://memexproxy.com/ontology/similarityScore"
    }
  }
}